UPC,store_id,2023/1,2023/2,2023/3,2023/4,2023/5,2023/6,2023/7,2023/8,2023/9,2022/1,2022/2,2022/3,2022/4,2022/5,2022/6,2022/7,2022/8,2022/9,2022/10,2022/11,2022/12
670001040158,1,,,4,,5,,5,,2,,,10,,,,,,,,,
670001040158,2,5,,5,,,,,5,,,,5,5,,6,5,,2,5,,
670001040158,3,5,10,50,10,30,10,30,15,10,15,20,20,35,20,27,21,,20,15,15,20
670001040158,4,20,,20,,30,0,,40,,,20,10,20,10,20,20,,20,20,,10
670001040158,5,,20,,25,20,10,,20,,,,10,10,10,10,,20,,,20,5
670001040158,6,20,,70,40,,20,,20,20,10,30,50,50,30,30,80,,20,30,,20
670001040158,7,30,20,80,60,,,40,45,20,20,40,10,70,30,40,80,40,,40,20,20
670001040158,8,20,,270,110,40,,40,10,230,80,20,200,40,40,30,20,70,292,20,40,
670001040158,9,,,,10,,,,,,,4,,,,10,,,,,,7
670001040158,10,37,,6,15,,12,,17,8,,8,,30,20,25,,20,,28,,
670001040158,11,3,6,2,8,2,5,,4,,5,,2,6,2,,8,,,2,4,
670001040158,12,10,15,,15,,,,20,,,10,,15,,30,,,3,,,
670001040158,13,11,,,,,,,,,,,,,,,,,,,,
670001040158,14,,,5,,,,10,2,,10,,,,15,,,8,,,10,
670001040158,15,,,,,,,,,9,,,,,,,,,,,,
670001040158,16,10,10,,30,20,10,,20,10,30,,,10,20,30,,,,,10,20
670001040158,17,10,,10,,10,10,,10,,,,10,20,,10,,10,,,10,
670001040158,18,,,,,,,,,,30,20,,,,,,,,,,
670001040158,19,10,12,15,30,24,,27,6,14,12,15,10,15,15,25,6,10,16,14,8,8
670001040158,20,,10,8,30,,,,,,10,15,,5,30,,10,,,,,
670001040158,21,14,,,,25,,,,,,10,,,15,,,15,,,,
670001040158,22,10,,,19,,,,,,,14,,8,,5,,,5,,,
670001040158,23,,,11,,,,,,,,,,,,3,,,12,,,
670001040158,24,,12,,5,,,2,,10,,3,,10,,6,,,10,,3,10
670001040158,25,,20,,20,,,10,,,,,,,,,,,10,,,5
670001040158,26,10,30,30,30,40,,,10,30,,20,,20,20,55,,,20,,20,
670001040158,27,,,,,15,,,6,18,,,,,10,,,,,,10,10
670001040158,28,30,40,45,305,,,,,,,,,60,60,80,300,,,25,45,30
670001040158,29,10,,10,20,,7,,20,,,20,,10,30,,,,,,,
670001040158,30,,,,30,,,,,,,,7,10,10,50,,,,,,
670001040158,31,,,,,,,3,,,,,,,,,,,,,,
670001040158,32,20,,,6,,4,3,5,,,8,4,,6,1,6,,,12,,5
670001040158,33,,10,10,,15,15,10,,15,10,,,20,10,20,,,20,,20,
670001040158,34,,2,,9,,,,,,3,,,,4,,,1,,,4,
670001040158,35,,1,,,1,1,,,2,,2,,,2,2,1,1,2,1,2,
670001040158,36,,,30,,,30,,30,,,,40,,20,,30,,,,,20
670001040158,37,10,,,30,,20,,,10,,10,,15,15,30,,,10,10,10,
670001040158,38,,,8,,4,,6,,6,,,,,3,3,6,,,4,,4
670001040158,39,,,12,15,,,,5,10,,7,10,,20,10,,,10,5,10,
670001040158,40,10,,12,10,,,10,5,,,,,15,14,28,,,,,,
670001040158,41,9,,10,35,5,,8,10,,,12,3,10,12,30,,7,,10,7,14
670001040158,42,10,5,,,,10,,10,,,,,10,,,10,,,10,,
670001040158,43,,,20,10,,,20,,,20,,,20,,,,20,,,,20
670001040158,44,,40,,5,,10,10,20,10,20,,15,20,30,,40,,,35,20,
670001040158,45,,,,40,,,20,20,,20,,20,30,20,,,20,,20,20,40
670001040158,46,10,,20,,,30,,,,20,,,30,,5,,10,,,,20
670001040158,47,10,20,20,130,,,,,,15,15,,20,25,15,,20,10,,10,
670001040158,48,20,20,10,30,30,20,10,23,10,30,20,10,25,40,30,,20,50,20,10,30
670001040158,49,,,,,,,10,,,,,,,,10,5,,,,,
670001040158,50,,8,,1,,,9,,,,,,,,,,,,,,3
670001040158,51,7,,,,,,,,4,,,,,,5,,,4,,,
670001040158,52,,40,,340,,,,,0,30,10,20,60,10,210,,,,,,
670001040158,53,,,3,,3,,4,,,,,,,,,2,,,,,
670001040158,54,,3,,,,,,,,,,,2,3,,,5,,,,
670001040158,55,,,,,,,,,,,,,,,,,,1,,,
670001040158,56,,14,,,,,,,,,,,,10,,,,,6,,
670001040158,57,,20,80,150,,,,,,30,10,26,60,20,60,60,,,20,40,
670001040158,58,,,,2,,,,,,,,,,,,,,,,,
670001040158,59,,,10,,,,,,,,,,20,,,,,,,,
670001040158,60,,60,20,130,,,,0,0,20,10,25,70,40,40,300,,,,,
670001040158,61,,20,,,,12,,,,8,,,15,,,,,8,,,
670001040158,62,4,,,,,5,10,,,,,,,16,,,10,,,,
670001040158,63,,,,20,,,,20,20,,20,,40,110,,,,,,,
670001040158,64,31,12,29,16,20,21,20,26,5,9,20,21,25,24,45,13,26,18,9,24,20
670001040158,65,,,3,,5,,,,,,,,,,,,,,,3,
670001040158,66,160,60,330,930,,,,,50,,,10,340,220,200,180,700,-200,40,160,110
670001040158,67,,,3,5,,,,,,,,5,,3,,,,2,,,
670001040158,68,3,,,4,,,,,,2,3,,,,,,4,,,,
670001040158,69,,20,20,,30,,40,20,60,30,,,70,,40,20,,90,,,
670001040158,70,10,40,,150,,,,,,10,20,,40,20,50,40,,,,,10
670001040158,71,,8,,15,,,3,,,,4,6,10,,4,,,,,5,10
670001040158,72,,20,15,17,,30,,20,20,,,5,30,,25,,,20,15,,35
670001040158,73,,,,,,,8,12,,,,,10,,16,,,10,,12,
670001040158,74,1,,2,,,2,,2,,,,,8,,,2,1,,1,2,
670001040158,75,,10,,20,17,,,,10,6,10,,20,,20,,17,10,,11,9
670001040158,76,10,,10,20,,,20,,20,,,10,10,20,20,,,,20,,
670001040158,77,,10,,25,15,,,,5,,,7,15,,,,,,,10,20
670001040158,78,,,,,,,5,,,3,2,,2,4,,,,7,,5,
670001040158,79,22,,,4,30,,,,32,,,21,32,,,,,42,,,10
670001040158,80,10,20,,,,10,,,,10,,,10,30,,,10,10,,,10
670001040158,81,20,20,,40,,20,,10,20,,10,,30,,40,,,,20,,10
670001040158,82,,,16,,,,,,,,4,,,7,,,,,,,
670001040158,83,,15,,20,,10,,,10,10,,,10,25,13,,,,5,10,
670001040158,84,,10,10,,10,,20,,,,,,40,,,,,20,,,10
670001040158,85,,8,,,15,,5,10,5,,5,,15,,8,,,6,,10,
670001040158,86,,,,,,,,,,,,,110,60,180,,,,10,10,90
670001040158,87,,,,,,,,5,,4,,,,9,,,5,,,,
670001040158,88,,25,5,,10,,,20,,,10,10,20,,10,,,10,,10,
670001040158,89,350,800,600,1000,,,,,,470,150,230,760,450,640,700,,,170,290,320
670001040158,90,,,,,16,,,,,,,,,,,,,10,,15,
670001040158,91,,,,6,,,,,,,,,,,,,,,,,
670001040158,92,2,,11,10,,,,,,,,,6,,13,,,,10,,
670001040158,93,,,,36,,,,,,,,,,,,,,,,,20
670001040158,94,,,12,,17,,,8,,,10,15,,,13,,15,,,15,
670001040158,95,,,,,,,,,2,,,,,,,,,,,,
670001040158,96,,,30,,20,,,20,,,10,,20,10,20,,20,10,,,10
670001040158,97,,,20,,,,,20,,,,,10,,40,,,,,,
670001040158,98,,,,,,20,,,,,,,,,,,,,,,
670001040158,99,,,,,,,,1,,,,,,,,,,,,,
670001040158,100,,,,10,,,,,,,,,,,,,,,,,
670001040158,101,1,,,,,,,,,,2,1,3,2,,,,4,,,
670001040158,102,20,,,40,,,30,,,10,10,,10,10,40,,,30,,,
670001040158,103,,,20,30,,,,,,,20,,10,10,20,,,20,10,,10
670001040158,104,12,10,,60,,,,,,,7,,15,,27,,,,7,,
670001040158,105,4,,,6,,,,,4,,,,,,1,3,,,,,
670001040158,106,5,5,,10,10,,6,,4,,,3,3,,,5,7,,5,,6
670001040158,107,,,15,15,,,4,,6,7,11,,,,,,,14,,6,
670001040158,108,,,3,,,,,,4,,,,5,4,,5,,,,5,
670001040158,109,,25,20,,,,,,,,,,28,12,13,,,,,,
670001040158,110,,10,,,,10,8,,,10,,10,10,,17,,,,,14,15
670001040158,111,10,10,10,20,13,,10,,5,10,,50,20,5,,10,15,5,,35,20
670001040158,112,10,18,,,14,5,,12,,6,2,11,43,43,,,,10,,10,
670001040158,113,2,,4,,11,,,6,,,,,20,,,,1,,,5,
670001040158,114,,,,,,,10,,,,,,,,,,,,,,
670001040158,115,,20,,26,,,,15,8,15,,10,35,,38,2,,,10,8,20
670001040158,116,,10,,,,,,10,,10,,,20,,20,,,,20,,
670001040158,117,,,,,,,4,,3,,,,,,,,,,,,
670001040158,118,,,,4,,,,,,,,,,,,,,,16,,
670001040158,119,7,20,,,,10,,5,,,,,,8,,,,3,,,
670001040158,120,,,300,500,,,,,,30,,40,300,200,300,,,,,,
670001040158,121,,,,30,,,,5,,10,,,,,30,,,,,10,
670001040158,122,,,10,,,,,,,,,,6,,10,,,,,,
670001040158,123,,,8,,,,,,,,3,,15,,,,,4,,,4
670001040158,124,,,17,14,,,,,,,,,,,,,,,,,
670001040158,125,20,,25,,,10,,,,,,,20,10,,10,,15,,,
670001040158,126,1,,6,,,,4,,,7,,,2,,2,,1,8,,,5
670001040158,127,,,,,,,2,,3,,,,2,,,,1,,,,
670001040158,128,60,20,70,60,30,60,30,50,50,30,40,70,70,50,80,40,30,80,10,40,50
670001040158,129,30,30,20,40,30,0,20,,30,20,20,30,60,30,40,,20,30,10,30,10
670001040158,130,80,50,100,40,150,20,50,100,50,100,,40,150,30,100,100,20,100,50,80,40
670001040158,131,,,48,10,,,,,4,,,,10,,,,,,,,
670001040158,132,,,,7,4,,,,10,,,,12,,8,,,,5,,
670001040158,133,10,10,10,,10,,20,,,10,,10,10,10,20,10,10,20,,10,10
670001040158,134,,10,,20,20,10,20,10,10,,10,10,10,10,40,,,10,20,,10
670001040158,135,4,5,6,6,10,2,3,5,8,5,8,7,5,11,7,2,7,2,8,6,2
670001040158,136,,40,80,100,,,,,,,,20,50,50,110,,,,,,
670001040158,137,,,10,,,,,,,,,,,,9,,,,,,
670001040158,138,,,2,,,4,,3,,,,,,,,,,,,,
670001040158,139,6,21,,16,10,16,7,9,20,,9,1,12,14,40,,,3,12,6,7
670001040158,140,10,30,40,80,,50,30,,30,60,,20,50,100,100,,,,30,30,30
670001040158,141,5,10,20,,,,10,,10,,,4,25,,10,,,,13,,15
670001040158,142,3,,,6,,,,,,,10,,10,,,10,,5,8,,29
670001040158,143,,,,,,1,,,2,,,,,,,,,,,,
670001040158,144,10,90,,,,,,,,,,,60,,,,,,10,10,
670001040158,145,,20,,,20,,,20,10,10,,,20,22,,,10,,10,,15
670001040158,146,,12,,25,,,,,6,5,6,,6,14,,,13,12,-6,7,6
670001040158,147,,20,30,40,10,,10,20,20,20,,20,50,,20,30,20,20,,20,30
670001040158,148,,,5,,,,10,5,,,,,,,,10,,0,,,
670001040158,149,15,16,20,80,,,,20,10,20,,10,55,15,33,10,30,10,10,10,10
670001040158,150,,20,,15,,,5,10,5,,,5,10,,15,,,10,,5,10
670001040158,151,10,,70,70,,,,,,,,,40,40,55,,,,30,10,20
670001040158,152,10,17,,27,25,12,14,,10,5,15,,15,,20,,,15,,30,
670001040158,153,,,20,30,,,10,18,,10,25,,15,15,23,,20,15,,10,20
670001040158,154,,,,,,,,,,,,,10,,10,,,,,5,
670001040158,155,,5,6,8,,4,6,,,,,4,2,13,,4,5,6,,4,
670001040158,156,,20,10,120,,,,30,30,,20,20,40,30,,30,,10,30,,30
670001040158,157,,,,,3,,,,5,,,,,,,,,,,,
670001040158,158,,,,13,,7,,10,5,,10,,,10,,,,,,,
670001040158,159,75,40,100,330,,,,,,,,,30,70,340,,,,,,
670001040158,160,,,,,3,6,,,,,,6,,6,10,,,,,,
670001040158,161,12,10,,,,,6,,8,,12,,,,,,,,24,,
670001040158,162,2,,3,20,,,,,,2,5,5,,2,5,,,,1,1,5
670001040158,163,10,,20,,,7,,15,,10,,10,,10,,10,10,5,10,,
670001040158,164,1,3,2,,,,,,,,,,,4,3,,4,2,2,,
670001040158,165,8,11,16,11,,3,,5,18,,15,4,35,,18,,2,4,,6,7
670001040158,166,,,,,,,,,1,,,,,,,,,,2,,
670001040158,167,10,60,,100,,,,,,10,15,10,20,30,30,,,17,20,,10
670001040158,168,20,20,,40,,,,,,20,20,,40,,,,20,,20,,
670001040158,169,15,,,10,,20,10,,,,,,20,,30,,,,,,
670001040158,170,10,15,20,80,,,,,,20,,,10,50,35,,,,,20,
670001040158,171,,,,4,,,4,,,,,,,12,,,3,,3,,
670001040158,172,15,,5,40,,,,,,,,,20,10,15,20,15,40,30,,10
670001040158,173,20,30,40,20,40,50,20,20,30,20,20,20,30,30,30,20,30,20,20,30,20
670001040158,174,,,,10,,20,,,,,15,4,5,160,5,,,,,,20
670001040158,175,,,,14,,,,2,,2,3,,1,3,,1,,,,6,
670001040158,176,,,,18,,,,,,,,,9,,4,,,,,,
670001040158,177,6,,20,5,,,,,10,12,,,15,,20,,,,,10,
670001040158,178,10,20,10,30,20,20,30,10,20,10,10,10,30,20,40,30,,20,,20,20
670001040158,179,,20,,,,,,,,,,,,,,,,,,,
670001040158,180,10,,,5,,10,,,,5,,,5,8,,,5,10,,2,
670001040158,181,,15,,35,,20,30,10,10,10,,,20,20,20,20,,10,20,15,20
670001040158,182,10,10,10,20,15,,5,16,5,,20,10,10,10,30,,,10,,10,
670001040158,183,,,4,,,,,,2,,1,,,2,,,,,,,3
670001040158,184,10,,10,20,,,30,,,20,,10,20,,10,20,,10,10,,10
670001040158,185,10,15,20,30,,,,15,,5,,,5,10,10,25,,10,,10,180
670001040158,186,8,3,13,16,,,,5,,,2,2,8,,12,,10,,3,,9
670001040158,187,6,6,,10,,3,5,,8,1,,4,10,,,6,,,6,,3
670001040158,188,10,20,50,90,5,,5,5,,50,,5,20,15,29,8,,10,0,,12
670001040158,189,,,20,30,20,0,,,20,10,,7,10,20,40,,,,,,10
670001040158,190,10,10,35,20,20,0,20,,,,,,35,5,10,,,,,,
670001040158,191,,,,60,,,,,,13,,10,35,20,93,,,,,,
670001040158,192,,,15,,,,10,,10,10,-2,,10,,4,,,10,,10,5
670001040158,193,,3,,10,,10,,,10,10,,,,5,,5,4,,5,10,
670001040158,194,9,,10,2,10,,6,2,5,5,2,,6,10,5,,9,-3,4,8,
670001040158,195,,,,,,,,,,,,3,5,,,,10,,4,,5
670001040158,196,10,,,6,,7,5,,,,,,,,10,,,10,,,
670001040158,197,10,10,,20,,10,,10,8,,12,4,10,,,2,8,13,,8,
670001040158,198,25,20,40,60,,30,30,25,5,15,21,16,35,35,10,24,27,18,28,25,20
670001040158,199,,,15,,,,,,,,,,10,,,,,,,5,
670001040158,200,1,,,3,3,,,4,2,,,,2,,,2,,,2,,3
670001040158,201,,20,,45,,10,10,10,,10,,10,20,20,30,20,,,,20,
670001040158,202,10,,10,,,,,,20,20,,,,,,10,,,,,
670001040158,203,,,,12,,,,,,,,,6,,,11,,,18,7,
670001040158,204,10,15,25,4,15,26,7,12,16,,12,3,24,4,20,5,6,18,6,15,10
670001040158,205,,1,,,,,,,,2,,,,5,,2,9,,,,
670001040158,206,5,50,100,150,,,,,,10,20,17,60,30,80,,,,,10,10
670001040158,207,10,30,,67,17,30,12,30,10,,10,10,10,55,20,70,20,20,,10,10
670001040158,208,6,,20,30,,,,,,,5,,10,33,26,,,5,,,12
670001040158,209,,29,,,,,,,,4,,,4,,,3,,5,,3,
670001040158,210,,,20,50,,,,,,,,,10,10,20,,,,15,,30
670001040158,211,10,,,10,,,5,,,,10,,,,,,,10,,10,
670001040158,212,10,,20,25,,30,,,26,10,20,10,51,,40,11,10,10,16,10,7
670001040158,213,,,,,,,2,,2,,,,,5,,4,,3,,10,
670001040158,214,20,20,10,30,10,30,20,10,20,20,10,10,50,10,30,20,10,20,10,20,20
670001040158,215,30,60,58,70,13,120,5,10,20,14,15,10,19,12,76,14,5,13,14,30,32
670001040158,216,10,30,,,,,,10,,,20,,20,,10,,10,,,,10
670001040158,217,,,,,,,,,,15,11,14,25,15,20,13,30,6,11,2,28
670001040158,218,2,,3,,6,,,,,,,,,2,1,,,,,2,
670001040158,219,,6,,,14,,,4,,6,,6,,10,,6,,10,,10,
670001040158,220,,25,,,,,,,,,,,,,,,,,,,
670001040158,221,,,,6,,3,,,,,4,,6,,,,,,,,4
670001040158,222,,12,,,,,,4,,13,,,8,,,,,,,3,
670001040158,223,10,10,20,30,,12,11,10,10,19,,19,24,25,15,8,18,25,5,15,15
670001040158,224,2,43,70,122,2,6,30,44,5,16,42,55,4,55,4,40,35,34,4,43,36
670001040158,225,20,30,120,500,,,,,,,,,280,,,650,,,,,
670001040158,226,,,,2,,,,,,,,,,,,,,,,2,
670001040158,227,8,13,10,17,15,8,8,10,9,15,4,5,8,15,22,7,10,,12,10,5
670001040158,228,,11,,10,,,,,,,7,,14,,10,,,,5,,4
670001040158,229,,13,,15,,,6,,,5,7,,15,13,20,,,5,,10,
670001040158,230,12,,8,17,,,10,,6,,10,,10,,13,,,7,,,6
670001040158,231,,,,10,,,,,,,,,10,,,20,,,,,
670001040158,232,50,25,30,110,,50,,40,50,20,,50,40,40,45,50,,50,40,25,35
670001040158,233,,30,,30,,,12,,,,10,,20,,20,,,15,,,10
670001040158,234,,,3,,2,2,,3,,4,,2,,,,2,,,,,
670001040158,235,,,5,1,10,,,,,3,,,2,4,4,,,5,,,
670001040158,236,3,,1,3,,1,2,3,,,,,,,,,2,,,2,
670001040158,237,,10,,15,,,,,,,,,7,,18,25,,,,,
670001040158,238,,15,,15,7,,,,,,,3,16,,14,,,,,,
670001040158,239,,,,,3,5,2,,,,,1,4,2,,,2,3,,,
670001040158,240,10,10,,20,,,,,20,20,,,20,,10,,,20,,,
670001040158,241,,,,,,,,,,2,,,,2,,,,,,,
670001040158,242,17,20,10,30,,10,8,9,4,4,8,9,30,20,10,,15,20,6,10,4
670001040158,243,,3,,8,,4,7,,5,,2,2,,4,,4,4,6,4,,3
670001040158,244,,,20,15,,,,,,,,20,15,,15,,,15,,10,
670001040158,245,,20,,30,,,30,,,,,,30,30,20,,20,20,,,
670001040158,246,,,,,20,,,,,,12,,13,,,10,,,15,,
670001040158,247,20,,10,20,20,20,,20,10,,10,10,30,30,,,20,10,20,10,
670001040158,248,8,18,35,30,9,,18,22,13,17,11,16,25,15,20,10,10,14,16,10,16
670001040158,249,7,,28,,,4,3,7,4,11,,,21,10,20,,,3,12,10,8
670001040158,250,,,15,13,,,,,,,,10,26,,,,,,,7,2
670001040158,251,,,40,40,10,,20,40,,,20,20,20,160,,,,,,20,80
670001040158,252,,,18,40,,,,,,,,5,15,,35,,,,,,
670001040158,253,,5,,10,20,0,,,4,15,,10,,10,,15,,15,,17,10
670001040158,254,,,,12,,,,,,,,,,,,,,,,,
670001040158,255,,,,2,,4,2,1,3,,,,10,,,,,,,,
670001040158,256,10,10,30,30,,20,20,30,,10,10,10,45,8,20,,20,10,25,10,25
670001040158,257,,5,3,,,3,,,,,,3,6,,3,,,,4,,
670001040158,258,,20,,30,,,,,,,,5,30,,,,,,6,3,12
670001040158,259,,,,,,,,,,,,2,,,,,,,,,
670001040158,260,,10,,20,20,,,,,20,,10,10,20,20,,,20,,20,10
670001040158,261,5,10,,20,,,,10,,15,,10,,,15,,,,10,5,
670001040158,262,,,6,,,7,,7,,6,,,,,4,1,,,,,4
670001040158,263,13,15,8,12,20,32,7,3,4,20,10,5,30,10,40,5,15,22,5,13,15
670001040158,264,,1,13,10,3,3,2,7,5,3,5,6,20,4,4,2,10,,1,,13
670001040158,265,,,,,,,6,,,,,,,,,,,,,6,
670001040158,266,10,,25,15,,,5,,15,10,10,,25,,,5,15,10,,,17
670001040158,267,,,,,,,,,2,,,,,,,,,,,,
670001040158,268,,,80,40,,30,30,,40,,,,,,,,30,20,,,20
670001040158,269,,20,,40,,,,10,,,10,,25,,10,,,20,,5,
670001040158,270,5,,4,18,,0,,,8,,,6,15,,,3,5,,2,,4
670001040158,271,6,,10,22,,,12,4,,2,9,,6,11,,2,,4,,7,
670001040158,272,,,8,6,,,7,16,,,,,,,,,,,3,,1
670001040158,273,,,,,,,,,,,15,,24,,,,,,,,
670001040158,274,,,5,,,,,,,,10,,5,10,20,5,,10,13,5,10
670001040158,275,,,,,2,,,,,,,4,,,,3,,,,5,
670001040158,276,25,30,10,30,20,30,10,10,20,10,10,25,30,30,30,35,10,25,,30,10
670001040158,277,,100,,50,,,,,100,,30,,150,20,40,90,,,,,
670001040158,278,20,10,25,30,10,20,,10,10,20,10,,30,20,10,30,,10,20,10,
670001040158,279,,16,,12,5,,,4,3,5,5,,15,10,,10,5,,5,,7
670001040158,280,,,,,,3,3,,,,,,,,,,,,,,
670001040158,281,,20,,,,,,,,,,,,,,,,,,,
670001040158,282,,3,4,3,2,,2,8,,,,5,,3,,11,,,,3,
670001040158,283,4,4,9,4,5,,9,4,8,4,12,6,10,13,7,5,2,7,,8,1
670001040158,284,,,,40,,10,,,5,,,,10,10,60,,,,,,
670001040158,285,10,,20,10,,,,20,,,,10,20,,20,,10,,,10,
670001040158,286,,25,,33,,,,,,,,,21,,7,,,,5,-5,
670001040158,287,5,,,,,,,,,,,10,,,,,,12,,,
670001040158,288,,15,,60,15,,,,,3,4,,12,,15,,,2,6,,4
670001040158,289,10,,12,10,20,,10,,,10,10,,15,,15,10,7,,15,18,
670001040158,290,3,15,,12,,10,5,12,7,,10,7,11,10,,7,10,8,3,14,
670001040158,291,,,35,25,,,,,,,,,40,,30,,,20,,,30
670001040158,292,,,10,,,10,,14,,,2,,20,,,,11,,,9,
670001040158,293,,3,,,7,,,5,,7,,,4,5,8,,7,,8,10,
670001040158,294,,3,1,,,4,,,,2,2,,4,,3,,,,,3,
670001040158,295,,,,,2,,5,5,,,,,,,,,,,8,,
670001040158,296,,20,,40,,10,20,,10,10,5,,50,10,10,,10,30,,10,10
670001040158,297,,10,,,,15,,15,,10,,,,13,,5,,,5,,
670001040158,298,,5,,5,10,,,,,,,6,,,5,,,2,5,,
670001040158,299,10,10,20,20,10,30,10,10,10,,20,,30,20,10,20,,20,10,20,20
670001040158,300,11,15,,9,,,7,5,,,7,2,10,17,4,10,,12,,9,
670001040158,301,,,,30,,,,,,,,,,,40,,,,,,
670001040158,302,,,8,10,,,5,,10,,,20,13,,7,,,,,,4
670001040158,303,,20,,35,,,,,5,,12,15,,20,,8,16,5,,,13
670001040158,304,20,310,170,1050,,,100,30,40,,,,50,,,,,,,,
670001040158,305,,15,,,,,,,,,,,15,,,10,,5,,,
670001040158,306,,,,1,3,,3,,,,,1,,2,,3,,,4,,5
670001040158,307,6,,10,,2,6,10,,3,,7,3,14,,,3,,5,10,,3
670001040158,308,,,,,,,,,,1,,3,,,,,,,,,
670001040158,309,,20,,11,,,20,,,,,5,17,27,,,,,,,
670001040158,310,,10,,10,,2,7,5,,10,,17,,16,6,,8,7,,5,
670001040158,311,,,10,,10,,,10,,,,5,10,,25,,,,,,
670001040158,312,,16,12,31,36,,,14,,,15,20,10,2,25,,,15,,15,15
670001040158,313,,,,10,,,,,,,2,,,,,,,,,,
670001040158,314,,,,,,,,,,,,,8,,,,,,,,
670001040158,315,20,13,27,45,30,,,20,15,,20,,30,20,43,,,15,11,20,
670001040158,316,10,,15,20,,10,,10,10,5,,,15,,18,,9,5,,10,15
670001040158,317,,3,17,2,,,,10,12,,9,3,17,,5,,6,,5,9,
670001040158,318,,,13,,,,,,,,,10,,,16,,,,,5,
670001040158,319,,,,30,,,,,,,,7,15,,,,10,,,,
670001040158,320,,10,,,,,,,,,,,,,,,10,,,,
670001040158,321,,,30,,,,10,,6,,,,,14,,,6,,,14,
670001040158,322,,10,34,4,,10,,,,,,5,,45,,20,,,,32,4
670001040158,323,,,,,,,3,,,,,10,,,8,,,,,,3
670001040158,324,,,20,,,,,,,,,,10,,,,,,,,
670001040158,325,,25,,40,,,,,,,12,,20,10,,7,,15,5,,20
670001040158,326,2,16,,,12,,,,10,,10,,,,10,,,5,14,,
670001040158,327,,,15,,,,,10,,,,,,,,,,,,,
670001040158,328,,10,,20,,,,,,,,,,,20,,,,,5,
670001040158,329,5,20,,,10,10,10,,10,10,20,,15,15,,,15,5,,5,15
670001040158,330,16,34,30,,15,10,5,10,10,,12,18,22,10,29,12,10,22,5,24,8
670001040158,331,10,,,20,,20,20,,,10,10,,10,20,,10,,10,,10,10
670001040158,332,,,4,4,,12,,,1,4,,5,5,,3,,4,,,3,4
670001040158,333,30,,20,30,30,20,20,20,30,20,,10,40,,40,,20,30,,10,10
670001040158,334,12,12,42,18,,,,,,,8,,9,16,20,,,,9,10,
670001040158,335,10,15,,,10,,7,20,,6,5,,25,,25,,,,,,
670001040158,336,10,30,10,140,,,,,,30,18,15,20,33,90,,,,5,18,24
670001040158,337,15,20,,50,,,,,8,10,,,20,,55,,,,,10,10
670001040158,338,,10,30,170,,,,,,,,,10,,80,,,,,,
670001040158,339,3,4,,4,7,6,1,,3,5,,3,6,4,,5,1,,5,2,
670001040158,340,20,20,20,30,,,10,,20,10,10,20,10,20,30,,,20,10,30,
670001040158,341,,1,,1,1,,,,,,,,1,2,,,1,,1,2,
670001040158,342,,,,,,,,,,,,,,,,,,,4,,
670001040158,343,,20,,,,,,,,,,,20,,,,,20,,,
670001040158,344,40,40,40,120,,,,20,20,40,20,30,40,40,40,80,,,20,20,10
670001040158,345,3,4,8,7,6,1,,,4,,5,,9,2,16,3,,4,5,,
670001040158,346,,,1,,,,,,,,,,,,1,,,,,1,
670001040158,347,3,,,,,,,15,0,,,,,6,,5,,,10,-5,
670001040158,348,14,,,,4,,,1,14,10,8,17,21,,,,,8,,8,
670001040158,349,20,51,80,210,20,10,30,10,10,10,,5,81,33,30,80,10,10,,12,13
670001040158,350,5,,,4,,,,,,,5,,,,4,6,,,4,,
670001040158,351,1,3,,30,,,,,,,,,,,34,,,,,,5
670001040158,352,20,,30,10,10,10,,,20,20,30,10,20,20,20,10,30,10,20,20,20
670001040158,353,1,4,5,4,8,7,8,,5,5,2,3,7,7,6,6,5,,5,5,1
670001040158,354,,10,,,,5,,10,,,,6,20,,,,,12,,,
670001040158,355,10,,,,,0,,,10,,,,,5,,,,,,,
670001040158,356,,,,,,,,,10,,,,,,,,,,,,
670001040158,357,5,,5,10,10,,5,3,,,,,,3,10,8,4,,6,7,4
670001040158,358,,,100,300,,,,0,0,,40,45,90,60,20,400,,,,,
670001040158,359,10,30,40,10,,,,20,,,20,,20,,40,,,10,,,
670001040158,360,2,,20,,,,,,,7,,,9,,3,,5,,2,7,
670001040158,361,120,70,250,300,,,20,20,30,,20,40,170,120,50,280,,70,60,100,50
670001040158,362,,30,20,60,,,,20,,10,20,16,40,10,30,40,10,20,,20,20
670001040158,363,15,,20,15,,,,,15,,10,7,,30,20,,,,,,
670001040158,364,10,,45,10,,15,5,10,15,15,7,10,20,25,30,,,10,10,25,15
670001040158,365,,,25,,,,,,,10,20,,30,30,80,,,,,,
670001040158,366,,,10,100,,,,,,,10,8,10,20,,,,10,6,14,
670001040158,367,10,,10,25,10,10,10,15,,,10,23,10,30,15,10,20,10,10,,10
670001040158,368,,,2,5,,5,,,3,,,3,,,,,,4,,,
670001040158,369,,,,,,,,0,,,,,,,,,,,,,3
670001040158,370,,,,,,,,,,,,,10,,20,,,,,,
670001040158,371,,,15,25,,,,20,,,,10,10,20,25,,,,20,,
670001040158,372,15,10,,10,30,,,,5,10,,,15,5,,5,,8,10,10,
670001040158,373,,,,40,,,,,,,,,,,50,,,,,,
670001040158,374,,,,,,,,,,,,,,200,200,,,,,,
670001040158,375,20,10,10,20,10,10,30,,20,,15,,40,20,30,,20,20,,20,5
670001040158,376,,,3,,,,,5,,3,4,4,4,,3,5,,,,,5
670001040158,377,,10,,10,25,,5,,0,,,10,10,,20,,10,,,,20
670001040158,378,10,,,10,,,15,,,,,10,20,30,,,,5,,,
670001040158,379,,,,10,,,,,,,,,10,,15,,,,,,
670001040158,380,,,,3,,5,,,,,,,,,,,,,,2,
670001040158,381,10,,20,,,,10,,,,20,,20,,,,10,,,,
670001040158,382,,,7,2,,10,,,,,,,,15,,,,,,,10
670001040158,383,8,,2,,2,,4,,,,5,,,7,,1,,1,3,,
670001040158,384,,,9,20,,,,,,,,,17,,12,,,,,8,8
670001040158,385,,25,,30,,,,30,2,,15,,13,,34,,,10,10,,17
670001040158,386,,16,,20,,10,,10,,,,4,8,4,22,,10,3,,3,7
670001040158,387,1,,3,3,,5,,8,,9,,,,6,,5,3,2,,4,
670001040158,388,4,,,,,2,,1,1,1,,,,,2,3,,,2,,1
670001040158,389,4,15,,,12,,,,,,,10,,,,10,,,5,10,
670001040158,390,,10,,10,,,10,,,,,10,10,,,5,,10,,5,
670001040158,391,,20,,10,,1,4,,,,,10,10,,20,5,,,,,
670001040158,392,4,2,5,6,,,,5,,7,,,,,2,4,,,1,,
670001040158,393,,,,27,,,,4,2,,,,12,,,,,,,2,
670001040158,394,,,,10,,,,,,,,,,10,10,,,,,,
670001040158,395,13,13,,,17,,21,5,,13,,13,15,,,,7,12,13,,12
670001040158,396,,10,22,34,,,,,10,10,25,,25,10,30,,,10,5,,20
670001040158,397,4,,10,14,,,,,,,6,,5,,8,,,7,,,6
670001040158,398,7,,14,18,,10,,3,8,7,,13,11,,13,,14,,,12,3
670001040158,399,,,10,25,,,,,,8,17,,,8,4,6,,,3,5,15
670001040158,400,10,,20,20,,,,10,,,10,10,15,15,20,,,,10,15,
670001040158,401,40,50,20,80,50,60,50,80,70,20,30,60,70,90,100,70,70,30,20,60,60
670001040158,402,55,60,10,170,,,,10,20,30,30,45,100,-4,,52,,,50,70,30
670001040158,403,,,,,,,,10,,,,,,,,,,,,,
670001040158,404,5,,6,,4,5,8,,10,8,2,3,6,3,7,10,2,4,5,,3
670001040158,405,4,,4,17,,3,5,,12,4,3,6,1,6,15,,,,2,3,
670001040158,406,10,100,120,140,,,20,20,,,,22,85,90,80,30,,,,60,10
670001040158,407,7,25,,43,20,7,8,18,14,10,,9,30,15,30,20,,5,20,6,9
670001040158,408,6,4,9,6,6,12,10,,5,11,5,10,12,13,12,15,8,5,7,12,
670001040158,409,,,10,20,,,,,,,,5,15,,,8,2,,,10,10
670001040158,410,,,11,,,16,,8,1,,9,,13,17,,,5,,,17,9
670001040158,411,15,,10,40,,,,20,,,,,10,10,,40,,,,20,
670001040158,412,,50,540,,,,,,,80,40,100,160,205,,240,,,,,
670001040158,413,,,,,,,,,,,,,13,,52,,,,,,
670001040158,414,,5,5,5,10,5,7,10,5,10,2,5,5,10,5,10,5,10,,10,10
670001040158,415,50,60,40,120,,60,20,10,40,60,30,10,80,40,90,,,30,80,,30
670001040158,416,,,80,1580,-630,,,,,30,36,28,110,60,120,510,,,,20,170
670001040158,417,,,,5,,,,,10,,,,,15,,,,5,,,
670001040158,418,40,20,160,10,10,,,20,,,20,40,110,80,,,10,20,,10,
670001040158,419,,,,10,,,,10,,,,,10,,20,,,,,,10
670001040158,420,,8,5,,8,,,6,4,,,5,10,,10,,,8,,,6
670001040158,421,,15,10,,5,,,,,,,,30,,15,,,,,,
670001040158,422,,40,,5,30,,5,15,,20,5,,25,,20,,20,,20,,10
670001040158,423,,,15,,,,,,,3,,,,,,,,,,,
670001040158,424,,,,4,,,,,,,,,,,1,2,,,,,
670001040158,425,24,20,32,50,30,,23,40,40,,7,15,20,25,60,,,19,6,24,10
670001040158,426,,,40,100,,,,,,20,,8,44,20,120,,,,,20,-20
670001040158,427,20,,10,30,,,10,20,10,20,10,10,10,20,30,,,,10,20,
670001040158,428,,100,,100,60,,,,,,,,100,,120,,,,20,,20
670001040158,429,,,400,,600,,,,,,30,40,100,400,550,,,,,,
670001040158,430,5,37,5,105,30,,,0,,10,20,40,40,12,60,,40,,,,
670001040158,431,,,,230,,,,,,,,,,,300,,,,,,
670001040158,432,10,,12,50,,,,,,,4,,,13,30,,,,,8,
670001040158,433,2,,,,2,,,,2,,,,,1,2,,1,3,,,
670001040158,434,,,,,,,,,,,,,5,,,,,,,,
670001040158,435,10,,30,30,,,,20,30,20,,,30,10,30,,,20,,,20
670001040158,436,,15,,15,,,,7,,,8,,15,,17,,,,,,
670001040158,437,3,2,,,1,,,4,,,,,4,,,,,,,,
670001040158,438,,,20,,10,,10,15,,,10,,10,10,30,,,,20,,10
670001040158,439,,,,,,,,,,,,,,,,,,2,,,
670001040158,440,65,22,6,44,35,,,5,10,8,14,22,10,27,37,,12,19,8,10,10
670001040158,441,5,,,,,,10,,,,,,,,,,5,,,,
670001040158,442,6,,20,,,20,,15,,,,,20,,20,,,,,,
670001040158,443,,,,,10,,,,,,,,18,,,,,,,,
670001040158,444,,15,,30,,,,,10,10,,,20,,10,,10,10,,,
670001040158,445,20,,9,13,20,,10,10,10,,20,,20,,,20,,20,,,
670001040158,446,,20,,10,,,10,,10,,10,10,5,20,,,,10,,15,
670001040158,447,4,,,5,,,,,,,,,4,,,,,,,,
670001040158,448,10,,20,20,,,,,,5,,6,15,,10,,5,,5,,
670001040158,449,,,,,,,,,,,,,,,,,,,,,50
670001040158,450,,,20,,6,,10,,,,,,,,9,,,,,8,4
670001040158,451,15,,,30,,,10,10,,,5,5,10,5,14,,5,10,10,5,
670001040158,452,,,6,12,,6,3,,7,,3,5,5,,6,,6,,8,,8
670001040158,453,10,,,,,,,,,,,,,,,,,,,,
670001040158,454,,,,,,,2,,,,,,,4,,,,4,,,
670001040158,455,,20,,20,,,,,,10,20,,,,20,10,,10,,,10
670001040158,456,,,,,,,2,3,,,,,,,,,,,,,
670001040158,457,,,3,,,,7,,,10,,,,,,,,,,7,
670001040158,458,,20,,30,,,,,20,20,,,20,,20,,,,,20,
670001040158,459,,,,,,,,,,,,,,,,,,5,,,
670001040158,460,5,20,,15,15,0,,,5,10,10,15,10,10,20,,10,,10,20,
670001040158,461,,40,,60,,,,,,,,20,40,40,40,,,,,,
670001040158,462,,,,100,,,,,,,5,5,20,,40,,,,,,30
670001040158,463,20,20,40,200,,,,,,,,,,,90,,,,,,10
670001040158,464,,,,,,,,,,,,,,,,,4,,,,
670001040158,465,,,,10,,,,,,10,,,6,10,,,,,,,7
670001040158,466,,10,15,12,,,,5,,,15,,15,,3,,,,10,,
670001040158,467,,10,15,,,,,10,,,,5,20,,,,,,,10,
670001040158,468,,12,,,15,6,,4,,3,,6,,10,15,,,,,8,
670001040158,469,,20,,30,,,6,,,,,,15,,35,,,,,,
670001040158,470,10,25,,15,,,,,,,,,,10,20,,,,,,
670001040158,471,,,,22,2,,,,,,,,,,,,,,18,,
670001040158,472,4,,2,,,2,,1,1,,,,,,1,,,,,,1
670001040158,473,,,,17,,,,17,,,15,,,15,15,,,,,18,
670001040158,474,12,10,10,,20,,10,10,10,,,10,20,20,10,,10,10,20,,
670001040158,475,9,,10,50,,,,,,9,,,15,10,15,,,,,,10
670001040158,476,1,,,,,,,,,2,,4,,3,1,3,,,4,,
670001040158,477,,,,5,,,,,,3,3,2,15,,7,,,,,,10
670001040158,478,10,,25,,25,7,8,3,,,10,6,5,10,18,,5,,11,,3
670001040158,479,8,50,50,100,,,,0,,17,15,8,20,10,60,40,,,,,10
670001040158,480,,,,10,,,,,30,,,,14,,14,,,,11,,
670001040158,481,,,,,,,2,,,,,,,,,,,,3,,
670001040158,482,26,25,59,26,30,29,15,30,28,14,23,20,37,22,33,26,17,20,20,20,24
670001040158,483,,,20,,,20,,,,,,20,20,,,20,,20,10,,
670001040158,484,,40,,,,,,,10,10,,,20,,,,,10,10,,10
670001040158,485,,20,,5,,,,,,,10,,,10,23,,,,,,
670001040158,486,10,15,20,10,5,35,10,10,8,,15,10,25,5,15,10,20,15,10,,10
670001040158,487,10,,28,,,,,10,10,10,,10,20,,,10,,,5,10,
670001040158,488,,1,,,1,,,,,,,,,,,,,,,,1
670001040158,489,,,10,20,40,10,,,,,,,30,,10,,,,15,,20
670001040158,490,14,,13,,,,,12,,,,1,1,,12,,,5,,,
670001040158,491,,10,20,45,,,10,10,10,5,5,12,30,25,,8,10,45,-13,20,15
670001040158,492,,,,,,,10,,20,10,,10,,16,10,,5,6,,,20
670001040158,493,,,20,,,,10,60,,,,,10,45,75,20,,,80,30,
670001040158,494,,,,,1,,,,,4,,,,,,4,,,,,
670001040158,495,,5,,,,5,4,,,2,,,2,,,2,,,2,,
670001040158,496,,,,,,,,,,,,,,,2,,,,,,
670001040158,497,,8,,4,,,,,,,,,10,,,,,,,,
670001040158,498,6,,4,12,,,,,,,,,,,,,,,,,
670001040158,499,10,,40,30,,,,20,,10,,,,,,,,24,30,20,
670001040158,500,,,30,,,,,,,11,,,,,,,8,,,,3
670001040158,501,,,8,,,17,,,,,,10,,1,11,,4,,,8,
670001040158,502,,20,,15,,,,,,,,,10,25,,,,,,,
670001040158,503,,,,,,,,,,41,39,31,95,34,,,,,,,
670001040158,504,10,,40,40,,,,,,,,,,,,,,,,,
670001040158,505,2,3,4,9,,9,,4,5,4,4,4,6,5,9,6,,6,5,3,5
670001040158,506,5,,,10,,5,,,10,,,10,,,,,,10,,,
670001040158,507,5,,4,5,6,4,2,2,4,3,4,3,8,8,,10,,3,3,,5
670001040158,508,140,110,160,345,,20,110,110,20,80,70,110,170,120,100,190,10,90,120,100,40
670001040158,509,,,10,13,,,,,,,,5,15,,,10,,20,,3,
670001040158,510,,8,,8,,,,,6,,,2,10,,,5,,,6,2,
670001040158,511,5,,20,,,,10,,,,,20,5,,,,,,10,,
670001040158,512,,,,,,,,,,,,,,,,20,,,,,
670001040158,513,,15,,20,,,,10,,,,,,10,5,,,,15,,5
670001040158,514,,,,,6,,,5,,15,,,5,10,,,5,,,,10
670001040158,515,,,7,,3,,,4,,4,,,,,3,4,4,5,,,3
670001040158,516,,17,,20,,,,,,,,,,15,,20,,,,,
670001040158,517,7,,,,3,10,4,,3,,,8,2,1,10,,,6,12,,
670001040158,518,,,,,,,,,,,,37,,,,,,,,,
670001040158,519,10,15,15,10,,10,15,,10,10,10,10,30,10,,20,10,20,10,10,
670001040158,520,,4,,10,,,,,2,,3,,,,2,,,,3,,
670001040158,521,14,10,16,24,,,3,9,3,26,,,18,17,14,24,5,13,9,7,11
670001040158,522,10,,,,,,,,,12,,,,16,16,,,,3,,
670001040158,523,,14,,12,,,,,,,,,10,,5,,,,,,
670001040158,524,7,,13,8,0,,,9,,,2,4,13,,15,,8,6,9,,8
670001040158,525,,13,,20,,,,,,15,6,10,21,28,12,17,,20,23,17,
670001040158,526,,2,2,,2,160,,19,20,,2,15,,,55,1,,,,45,2
670001040158,527,2,,3,4,,3,,4,5,11,6,,,1,6,4,3,3,,,6
670001040158,528,,10,20,35,,,,,20,,,10,10,20,30,,,,,10,
670001040158,529,5,12,,13,,,10,10,,,,5,10,11,,5,,6,,4,2
670001040158,530,19,10,36,85,,,20,8,19,20,3,9,55,,60,,20,17,14,21,22
670001040158,531,15,20,,60,,,20,3,,,,30,10,10,20,,20,,30,4,
670001040158,532,5,,30,30,,,,,,,,,,10,15,,10,,5,10,2
670001040158,533,10,20,,10,10,10,10,15,5,15,10,,15,12,10,20,,10,5,5,10
670001040158,534,84,119,187,799,,,,,30,125,96,138,211,193,307,278,,94,153,127,203
670001040158,535,,9,20,10,16,15,5,10,15,10,6,15,19,9,13,29,5,10,10,5,15
670001040158,536,2,10,,2,,,,,,8,,2,,10,,,3,,4,,
670001040158,537,2,,,4,,,,6,0,,,,1,,2,,2,,,,
670001040158,538,,5,,,,,,20,,,,,,,,,,2,,4,
670001040158,539,,,20,,,20,,,,,20,,20,,25,,,,,,10
670001040158,540,,,80,200,,,,30,,180,140,65,245,230,180,390,40,170,,,
670001040158,541,,21,,,5,,,,6,3,7,,9,4,6,2,6,4,,12,
670001040158,542,,30,20,,,,20,30,,15,,5,20,,20,,20,,10,20,
670001040158,543,10,40,,,,,20,,,,10,,20,,20,,,20,,,
670001040158,544,52,,,,,3,,40,3,,5,11,15,,10,80,1,,60,,
670001040158,545,10,20,20,20,,20,,20,20,10,,5,15,20,10,20,10,5,5,5,10
670001040158,546,6,14,12,13,5,,10,13,7,3,6,6,14,10,22,,2,9,7,6,
670001040158,547,8,,15,,5,3,9,3,3,5,,6,,15,,,2,10,10,5,
670001040158,548,,20,30,80,,,20,,10,,,,60,40,30,,20,,30,30,
670001040158,549,,,10,,,,10,,,,,10,10,,,,10,,10,,
670001040158,550,,,30,30,10,,,,,,15,,16,10,25,,,10,20,,
670001040158,551,,,,15,,10,,,20,,,,,16,,,,10,10,,
670001040158,552,,12,20,50,,,,,,,7,2,15,13,40,,,,,,
670001040158,553,15,,10,10,10,15,10,10,,,10,10,10,10,25,10,10,15,10,10,
670001040158,554,9,,5,8,6,4,14,2,5,5,,10,5,3,5,4,3,3,6,7,5
670001040158,555,,,30,,,20,20,,,20,30,,40,,,30,,,20,10,
670001040158,556,10,10,,,,10,,13,,,10,,15,,,20,,,10,,
670001040158,557,3,20,35,,10,,10,20,,15,,,,8,22,6,,10,15,,
670001040158,558,9,,11,20,7,,18,28,,8,,6,12,17,10,,,17,,4,6
670001040158,559,85,,89,126,,,30,20,40,,20,,10,50,30,,37,10,30,,
670001040158,560,3,2,,,,2,2,,,4,,,4,,2,,,,,,
670001040158,561,20,10,40,10,,5,10,,20,,12,,20,,,,10,20,,,10
670001040158,562,10,,40,,30,10,20,10,30,,10,,20,50,,20,,20,20,10,10
670001040158,563,4,20,13,18,7,13,14,8,,13,,7,23,4,4,5,12,6,14,6,10
670001040158,564,,20,10,,20,,,20,,,,10,20,,10,,,10,15,,20
670001040158,565,20,20,,10,,,,10,,,,,20,10,10,,10,,,10,
670001040158,566,,50,200,200,,,,,60,,,,,20,100,40,,,,30,
670001040158,567,20,20,,,20,,10,30,,20,,5,10,15,5,,,,20,,
670001040158,568,4,2,3,4,6,4,1,,2,2,1,3,,,3,1,6,3,3,5,
670001040158,569,10,20,,29,,17,,13,8,14,,7,15,15,15,8,,7,9,7,8
670001040158,570,,,,,,,,,,,,,20,,20,,,,,,20
670001040158,571,1,,4,3,,2,2,7,,2,,,2,,3,2,,2,3,,2
670001040158,572,5,,20,,,,,,4,,,4,12,5,,10,,,9,,
670001040158,573,,,,,,10,,15,,10,20,,,20,10,,,10,10,,10
670001040158,574,20,,10,20,20,10,,,,20,,20,20,,20,20,,40,,10,
670001040158,575,,,19,,,,,,,,,,17,,,,,,,,
670001040158,576,15,20,5,40,,20,8,5,15,12,10,25,35,11,25,10,,12,20,15,5
670001040158,577,,7,,12,,,,10,12,,,,15,,10,,,9,5,,
670001040158,578,3,,,11,,10,10,5,,10,10,10,,,10,,8,10,,,10
670001040158,579,,,,1,,,2,,,,,,,,,,,,1,,
670001040158,580,,,,,10,,,,,,,,,,,,3,,,,10
670001040158,581,3,2,,,5,,,3,,,1,,,,,1,4,,2,,
670001040158,582,8,,16,,,5,,,,,,,13,,,16,,,,7,
670001040158,583,,,,12,,,,,,,,,,,,,,5,,,
670001040158,584,,,12,10,,20,,,,,,,10,17,,,,,4,,5
670001040158,585,,,,5,,,10,,,,,,3,,,,3,,,,
670001040158,586,,,2,,,,,8,,,,,,,,,,,,,3
670001040158,587,,2,,,6,,,,6,,,,,8,,,,,9,,
670001040158,588,10,35,,60,,10,15,10,15,15,10,22,20,15,60,10,15,15,25,15,5
670001040158,589,,,,,3,,,,,,,,,,,8,,,,3,
670001040158,590,,4,,3,8,,4,4,,,3,,,,,,7,,5,,4
670001040158,591,3,,,6,,,4,,,4,2,,1,2,3,2,2,,5,,
670001040158,592,4,,4,5,,2,1,,,,,5,,4,4,4,2,,3,,
670001040158,593,,,,,2,,,,,,6,,,,,,,,,1,
670001040158,594,,,10,,,20,,0,,,,,15,,15,,10,,,,4
670001040158,595,10,15,16,44,,5,,,10,20,7,2,10,10,17,5,,12,14,,10
670001040158,596,,,,,,,,,,,,,,,,,,,,10,
670001040158,597,10,15,13,60,10,,,,15,13,8,17,13,13,20,20,,19,10,8,10
670001040158,598,,20,,,,,10,,,,,,,30,-10,,,,,10,
670001040158,599,,15,,,15,5,,,,,,,,,,,,5,,,
670001040158,600,,6,,,,,4,,,1,,1,,,1,,4,,,,
670001040158,601,,,,15,,,,,,,,,25,,,,,,15,,
670001040158,602,,,,4,,,,8,,,,,3,,,,,,,,7
670001040158,603,,,4,,,,,,,,10,,,,,,,,,3,
670001040158,604,,10,,20,5,,,,,,,,10,,15,,,,,,
670001040158,605,,,,,2,2,5,,,,,5,4,3,,,5,,,,
670001040158,606,,,,,,,,,,,,,,,,10,,,0,,
670001040158,607,4,16,17,88,,,2,13,6,6,6,12,23,34,50,,20,,,12,17
670001040158,608,,,,,,,,,,,,,,,,,,,1,,
670001040158,609,,2,,,,,,,,,,,,,,,,,,,
670001040158,610,,,20,,10,,,10,,,,,5,,20,,5,,5,6,
670001040158,611,6,2,12,,,2,14,,8,,9,,,4,,12,,8,,,
670001040158,612,,2,,,,5,,,,,5,,15,,,,,,7,,
670001040158,613,2,,,,,,,,,,,2,,,1,,,1,,,
670001040158,614,,10,8,,,5,,10,,10,5,,10,,20,,10,,,5,5
670001040158,615,12,,,10,,12,8,,,,15,5,,15,,,19,,14,,13
670001040158,616,5,,10,20,,,,,,,3,,,,13,,18,,,8,
670001040158,617,3,,,,1,,,,,,,,,,,,,,2,,
670001040158,618,25,,6,25,15,15,,10,5,10,,10,30,10,20,,,10,,10,
670001040158,619,,,20,20,,20,20,,20,15,,10,25,10,40,,,,,15,25
670001040158,620,,4,5,,,2,3,,2,4,,,,,,,,,3,,3
670001040158,621,,,,1,,,,,,,,1,,,,,,,,,
670001040158,622,17,,10,25,,,20,10,7,10,10,,12,,5,,10,10,,5,5
670001040158,623,8,14,15,10,,,,0,,,,,15,,,,,,,,
670001040158,624,2,,1,6,,,3,3,,,2,,3,2,,3,,2,1,2,
670001040158,625,10,10,50,70,,20,30,10,30,30,20,10,50,20,80,30,,,70,20,20
670001040158,626,,,,,,1,,,,,,,2,2,2,,,,,,3
670001040158,627,,,,,,,,,,,25,,,,,,,,,,
670001040158,628,,5,,,4,,,,,,,4,,,2,,,,,,
670001040158,629,5,4,36,10,,,,5,2,5,,,3,3,4,5,4,2,7,5,3
670001040158,630,,12,,,,,3,,,,,,,,,,,,,,
670001040158,631,5,10,,20,,,,10,,,,,,10,15,,,,,,
670001040158,632,10,,,,,5,6,,,,4,,3,,6,4,,,5,,
670001040158,633,,6,3,20,7,3,6,5,5,52,185,250,209,213,518,358,13,27,100,106,15
670001040158,634,,7,30,,,,20,,,,,10,10,12,12,,,,12,2,10
670001040158,635,,,5,,,7,,,,,4,,,,,,,3,,5,
670001040158,636,10,12,15,70,,,,35,40,9,24,8,10,25,13,5,5,,20,10,17
670001040158,637,,,,,,,,,,,,,,,2,,,,,,
670001040158,638,,,15,,,,,,,,,,,,,,,,,,
670001040158,639,,,,,,2,,,,,,,,,,,,,,,
670001040158,640,,15,,20,,,,0,4,,20,,,20,,15,,,,15,
670001040158,641,9,,,15,,,,5,,,15,,15,10,,15,,,15,,
670001040158,642,,,,,3,,2,,,,,3,,4,10,,,,,,
670001040158,643,3,,,,15,,,5,,,,,10,,15,,,25,,,5
670001040158,644,,,,1,,2,,3,,,,,,,2,,,,7,,
670001040158,645,,,,,,,,,,,,5,,,,,,,,,
670001040158,646,20,30,,80,,,,10,,,20,,20,10,,,20,30,,20,
670001040158,647,10,,30,5,10,10,10,10,20,8,18,,10,15,,,4,10,10,,32
670001040158,648,,,,,,,5,,,,,,,,,,,,,5,
670001040158,649,,21,,25,,,,,12,,,,23,,23,,,,,,3
670001040158,650,7,,26,12,,9,3,,8,,,,17,22,,,16,,4,,12
670001040158,651,,3,2,,5,3,2,2,1,3,,6,2,,,4,5,,2,,2
670001040158,652,,10,,20,,,,,,2,1,1,1,,13,,,,,,
670001040158,653,,,,,,,,,,,,,,,,4,,,,,
670001040158,654,,2,1,2,,,,9,,,,3,,,2,,,,,,
670001040158,655,,10,,10,,,10,,,10,10,20,10,50,,10,,,,10,10
670001040158,656,,,,,,10,,,,,,,,,,,,,,10,
670001040158,657,,10,,46,6,,,,,,,,18,16,,,,,,,
670001040158,658,14,30,,27,20,36,20,4,12,12,20,15,13,28,16,10,15,16,10,27,14
670001040158,659,10,,20,10,,20,,30,10,5,,10,25,,10,,10,10,10,,10
670001040158,660,7,10,,30,,5,10,10,,,7,,15,,10,,8,6,,10,8
670001040158,661,,,,15,,20,,,,10,,15,,10,10,,20,20,,,20
670001040158,662,7,,15,,,,,,,,6,,15,,,,,,,,
670001040158,663,10,,,,,,8,,,,,,,5,,,,,6,,
670001040158,664,,,10,,,10,,,,,,,,2,,,10,,,,
670001040158,665,,,,,,,,,,,,,3,,,,,,,,5
670001040158,666,,1,,,7,3,,16,4,,7,,2,,,,,1,,2,3
670001040158,667,6,,,15,,,10,,,2,,,12,,,,10,,,12,
670001040158,668,20,,20,20,10,,,10,,,,,,,,,,,,,10
670001040158,669,10,,10,5,,,15,,,5,20,,20,10,5,,,5,10,,15
670001040158,670,,,20,20,,,,,,,23,5,33,22,70,10,,,,,
670001040158,671,,,3,,,,3,,,,1,,3,,3,,1,,52,,2
670001040158,672,,,14,10,,,14,,20,,,,,12,,,,,,,
670001040158,673,,,10,30,15,0,10,,,,,,,,,,,,,,
670001040158,674,,,,,,2,,,,,,,,,,,,,,,
670001040158,675,20,10,,15,,5,,,,5,,10,25,,20,,,10,10,,
670001040158,676,,,10,60,,,,0,,5,,,32,15,50,,,,,,
670001040158,677,7,20,,19,,,,,,,,9,,,18,,,,,12,
670001040158,678,,,2,9,,,7,,,,,2,8,,,7,,,,,
670001040158,679,,,5,4,4,,,,8,,3,5,10,,,,,10,,,
670001040158,680,15,,,,,,,,,,,10,30,,20,10,,,,,
670001040158,681,,,15,30,,,,,,20,,10,20,,10,10,,,,,5
670001040158,682,,16,,7,,,,,,,,,,,,,,,,5,
670001040158,683,,,,,2,,,4,,,,,,,,,,,,,
670001040158,684,,,,,,,,,6,4,5,,,18,,,,,,,
670001040158,685,,,,,,2,,,,,,1,,1,,,,2,,1,
670001040158,686,,,10,,,,10,,2,,,,,,,,,,,,
670001040158,687,14,20,,15,,,15,12,,,,,10,20,15,,,,15,,
670001040158,688,,,,760,,,,,,,80,10,40,50,310,70,,,,,
670001040158,689,,10,,10,,,,,10,,,,20,,20,,,,,,
670001040158,690,5,,,,,4,,10,,10,,,,,,,,,5,,
670001040158,691,2,15,,25,,,,,,,,,17,,,,8,,,,
670001040158,692,,,,,7,,2,2,,,2,,2,,,6,,3,,1,5
670001040158,693,,,,,,,,,,,,,2,,,,,,,,5
670001040158,694,,,6,,10,,,11,,,,,20,,,,,,,,
670001040158,695,,10,,,,,,,,,,,10,,11,,,,,,
670001040158,696,5,5,10,40,,,,,,,,,5,,,3,,,6,2,
670001040158,697,20,40,20,185,5,,,,,,,,,30,,130,,,,,
670001040158,698,,,,,,2,4,2,,,,,,,,,,,,,
670001040158,699,,,,5,,,,,,,,,,,10,,,,,,
670001040158,700,,,,,,10,,,10,,,,20,,,,12,,,10,
670001040158,701,6,15,,20,,10,,15,,,10,,10,30,,,,10,18,,
670001040158,702,,,12,,,,13,,,,,,,,,8,,,10,,
670001040158,703,,10,,5,10,,5,5,,,,,5,13,10,,15,,3,,
670001040158,704,,,12,6,15,,,,9,,,,10,,,,,3,,,3
670001040158,705,4,11,,,,8,,20,,,4,,,,,5,1,6,,2,
670001040158,706,,,,,7,,10,,20,,,,20,,10,,,10,,,4
670001040158,707,,,,,,,,10,,7,,,,,23,,,,,,
670001040158,708,20,10,10,30,20,20,10,20,30,17,,10,40,50,25,10,10,13,5,14,
670001040158,709,35,-15,,10,50,,,,,,2,,20,,20,,15,,20,6,20
670001040158,710,1,,2,5,,1,,6,,,,1,1,,,,1,,,,
670001040158,711,,4,,35,,,,,,,,,,,,,,10,15,-12,
670001040158,712,,,,,10,,,,,,,,15,,,,,,5,,
670001040158,713,,,13,,,,,1,,,,5,,,,,,,,,
670001040158,714,,,20,,,,,,,,,,,,,,,,,,
670001040158,715,,12,,,,,,,,,,,,,,,,,,,
670001040158,716,,20,,,,,,15,,,20,,,,,,10,,,12,
670001040158,717,,15,,,,,,,,,2,,,,,,,,,,12
670001040158,718,,,,,,10,,12,,,,,,,,,,,,,
670001040158,719,,10,,,,,,,5,,,,40,,,,,,,,
670001040158,720,,,,,,,,,7,,,,,,,,,,,,
670001040158,721,,,,,,,,,,,,10,,,,,,,,,
670001040158,722,40,,60,80,,,,30,10,10,20,,50,20,60,,,30,,10,
670001040158,723,2,,,,3,6,2,6,,,,5,,,10,,,,3,,4
670001040158,724,,,,,,,,,27,,,,,,,,,,,,
670001040158,725,8,,,,,,,,,,5,,,5,,2,3,2,6,,
670001040158,726,,,,,2,,,,,,,5,,1,,2,,,,5,
670001040158,727,10,,,,,,8,,,,,,15,,,,,,10,,
670001040158,728,,,,15,,,,,,,,,,,,,,,,,
670001040158,729,,10,,12,10,,8,,,10,,,15,,,7,2,,,7,
670001040158,730,1,12,25,8,,10,,10,,10,,3,10,,12,,,,8,,
670001040158,731,10,,,,,,10,,10,,,,,10,,,,10,,,
670001040158,732,,7,8,4,,5,4,,,,4,,11,3,1,2,,5,,5,3
670001040158,733,,,,13,,,,,,,,,,,,,,5,,7,
670001040158,734,,12,,,,,,,,,,,,15,,,,,,,
670001040158,735,4,6,10,30,,,,,8,3,0,,10,12,10,,,4,7,10,9
670001040158,736,,,,,,,,,,,,,,,1,,1,,,,
670001040158,737,5,10,10,11,20,,,,8,,,,,4,,5,,10,,6,5
670001040158,738,,,,,,,,,,2,,2,,,2,,,,,,
670001040158,739,10,,20,40,,,20,,30,,2,10,10,25,10,5,20,,10,10,20
670001040158,740,30,,,20,30,,,10,,20,,10,30,,,20,,10,10,,20
670001040158,741,,2,,,,,,,,0,,,,,,,,7,,,3
670001040158,742,,,200,3200,,,,,,,,,300,1000,600,1200,,,,,1400
670001040158,743,,,,800,,,,,,,,,300,100,,2600,,,,,
670001040158,744,,,3,,,,,3,,,,,,,,4,,,,,
670001040158,745,180,550,200,1200,,,10,,0,,,,600,200,400,400,,,,,
670001040158,746,1,,,10,10,,,,,,,,,,,1,,,2,2,
670001040158,747,,,,500,,,,0,60,,60,20,100,270,,300,,,,,
670001040158,748,,,20,,-18,,,,,,15,,,,,20,,,,,
670001040158,749,170,100,,800,,,,,,,,,200,200,,400,,,,,
670001040158,750,,,5,10,,10,,20,,,,,,,,5,,5,,4,
670001040158,751,,,3,,,,,,,,,,,,,,,,,,
670001040158,752,,20,14,40,14,,,,12,,,,18,31,,10,10,,15,22,6
670001040158,753,1,,3,1,2,3,,,,,,1,,,2,3,,,,,
670001040158,754,,,,,,,,,,,,20,10,18,80,,,,,,
670001040158,755,,15,20,30,7,,,,,,,,10,,18,,,,32,5,
670001040158,756,,0,10,25,,8,20,,,,,,15,13,17,11,,6,9,,12
670001040158,757,5,,5,5,,,6,,3,,,,6,,,5,,8,,6,
670001040158,758,,,,10,20,,10,30,,,,,20,,,,20,,,,
670001040158,759,,,,,10,0,,,,,,,15,30,30,,,,,,
670001040158,760,6,,10,10,10,15,,,,,,,20,,,,,,,,
670001040158,761,,10,,,20,,,10,,,,,10,5,,,,20,10,,10
670001040158,762,2,,5,,3,,,,5,,,,8,3,,,,,,,
670001040158,763,,,,30,,,,,,,,,10,,10,,,,,,5
670001040158,764,5,10,15,,26,10,10,5,5,,,,13,10,15,10,7,12,5,5,5
670001040158,765,,,30,11,,,,,10,,,,,10,20,,,,,,
670001040158,766,,,10,20,,,,,,,,,10,,,,,,,,
670001040158,767,,,6,5,,,,5,,,,,3,2,,,3,2,,,
670001040158,768,,10,,15,15,,,,,,,,,15,15,,,,,,
670001040158,769,,,,,,,10,,12,,,,,10,,,,,10,,
670001040158,770,,,30,155,,,,30,30,,30,30,50,60,40,140,,,,40,90
670001040158,771,,10,15,30,,16,6,4,7,,,,,,,,,,,,
670001040158,772,,,,,,,,,,,,,,10,15,,,,10,,
670001040158,773,,,,,,,,,,,,,,15,,,,,,,
670001040158,774,,,,,,,,,,,,,,3,,,,,,,
670001040158,775,,1,1,4,,,3,,,,,,,,,,,,,,
670001040158,776,,,25,,15,,8,8,7,,,,,10,20,,4,12,,5,12
670001040158,777,,,,,,,,,,,,,,4,,,,,,,
670001040158,778,,,,,,,,,,,,,,,1,6,,,,,
670001040158,779,,,,,,,,,,,,,,,1,,,,,,
670001040158,780,,10,10,,15,,20,,,,,,,,,,,,,20,
670001040158,781,,,,,,,24,128,71,,,,,,98,83,19,,0,2,
670001040158,782,,60,145,300,,30,120,60,60,,,,,,10,,110,,,110,100
670001040158,783,10,,,25,,,,,5,,,,,,,10,,,10,,
670001040158,784,,,,4,,,4,,,,,,,,,2,,,3,,
670001040158,785,5,4,,,3,5,4,4,3,,,,,,,2,4,9,,2,3
670001040158,786,,,,19,,,,,,,,,,,,,,,,,
670001040158,787,,,8,15,12,,,10,,,,,,,,,,,,,
670001040158,788,,30,50,150,40,,,,0,,,,,,,,,,,,
670001040158,789,69,99,38,246,,,55,,,,,,,,,,70,32,140,120,37
670001040158,790,,,10,,,,,,,,,,,,,,,,,,
670001040158,791,20,,20,,,,,,20,,,,,,,,,,,,
670001040158,792,,20,,12,,,,14,,,,,,,,,,,,,
670001040158,793,,10,,,,,,,,,,,,,,,,,,,
670001040158,794,,,,,,,,,,,,,,,,,,,4,,
670001040158,795,120,40,160,1410,,,,,,,,,,,,,,,100,180,160
670001040158,796,,,14,7,28,0,,,10,,,,,,,,,,2,,3
670001040158,797,10,13,,25,40,,,20,30,,,,,,,,,,,,10
670001040158,798,,,,10,10,,5,,,,,,,,,,,,3,5,15
670001040158,799,,,,,,10,,,5,,,,,,,,,,,,
670001040158,800,,,10,,,,5,,,,,,,,,,,,10,,5
670001040158,801,5,15,,28,10,,40,,,,,,,,,,,,,10,13
670001040158,802,,,,,,,,1,,,,,,,,,,,,,
670001040158,803,,,,,,,,,,,,,,,,,,,,,10
670001040158,804,,,,,22,,,,,,,,,,,,,,,,
670001040158,805,,,6,2,10,1,,1,4,,,,,,,,,,,,7
670001040158,806,,,,,,,,3,,,,,,,,,,,,,
670001040158,807,,,,,3,0,,,4,,,,,,,,,,,,
670001040158,808,10,,10,10,,,,,,,,,,,,,,,,,5
670001040158,809,,14,,11,,12,,5,12,,,,,,,,,,,7,7
670001040158,810,5,15,,,,,,7,,,,,,,,,,,,5,
670001040158,811,,10,-10,,,,,,,,,,,,,,,,,,
670001040158,812,,,,,6,,,,,,,,,,,,,,,,
670001040158,813,10,,,,20,,,,,,,,,,,,,,,,
670001040158,814,,2,6,5,,3,,7,,,,,,,,,,,,,
670001040158,815,,,,4,3,,,2,2,,,,,,,,,,,,
670001040158,816,,10,,,,10,,,,,,,,,,,,,,,
670001040158,817,,,,7,,,,3,,,,,,,,,,,,,
670001040158,818,9,,1,12,,,,,6,,,,,,,,,,,,
670001040158,819,,,,,,,,,,,,,,,,,,,,,5
670001040158,820,,,,,2,,5,,,,,,,,,,,,,,13
670001040158,821,,,,6,6,,4,,,,,,,,,,,,,,
670001040158,822,,,,12,,,,8,,,,,,,,,,,,,6
670001040158,823,,4,,10,,,,,10,,,,,,,,,,,,
670001040158,824,,10,10,,,10,,,10,,,,,,,,,,,,
670001040158,825,0,8,10,9,11,19,12,18,6,,,,,,,,,,,,
670001040158,826,,,,,,,,9,3,,,,,,,,,,,,
670001040158,827,,,,,3,,,,,,,,,,,,,,,,
670001040158,828,40,,50,85,,,,,10,15,10,20,40,40,80,10,,20,10,20,15
670001040158,829,,,30,1947,-967,,,,,,,10,20,70,65,320,,,,,170
670001040158,830,,,5,,,,15,,,14,2,,7,14,40,,,,,,
670001040158,831,,,11,,,,,5,,,5,,,,,,,,,,
670001040158,832,5,,,,,,,15,,,,,,,,,,,,,
670001040158,833,10,,,,11,10,,,7,,,,,,,,,,,,
670001040158,834,,,,,,,,,7,,,,,,,,,,,,
670001040158,835,2,1,2,4,4,2,16,,4,,,,,,,,,,,,
670001040158,836,,,,,1,,,,,,,,,,,,,,,,
670001040158,837,,,10,,,,,,,,,,,,,,,,,,
670001040158,838,,7,,,,,,,,,,,,,,,,,,,
670001040158,839,,20,,10,,10,20,10,,,,,,,,,,,,,
670001040158,840,,1,12,,,10,,,,,,,,,,,,,,,
670001040158,841,,10,,30,,,,,,,,,,,,,,,,,
670001040158,842,,20,,15,15,,,,,,,,,,,,,,,,
670001040158,843,,18,,,10,,10,,12,,,,,,,,,,,,
670001040158,844,,,,20,,,,,10,,,,,,,,,,,,
670001040158,845,,,,20,,,,,,,,,,,,,,,,,
670001040158,846,,10,,20,20,20,,10,10,,,,,,,,,,,,
670001040158,847,,11,,,,,,0,,,,,,,,,,,,,
670001040158,848,,,14,10,,,,,,,,,,,,,,,,,
670001040158,849,,,40,30,,,,0,0,,,,,,,,,,,,
670001040158,850,,,,,4,,,,,,,,,,,,,,,,
670001040158,851,,,25,8,,,,,,,,,,,,,,,,,
670001040158,852,,,13,,,,,,,,,,,,,,,,,,
670001040158,853,,,,,10,,,,,,,,,,,,,,,,
670001040158,854,,,,,,,,3,,,,,,,,,,,,,
670001040158,855,,,10,,,,,,10,,,,,,,,,,,,
670001040158,856,,,10,35,,,9,20,10,,,,,,,,,,,,
670001040158,857,,,15,,,,,,,,,,,,,,,,,,
670001040158,858,,,10,8,,,,,6,,,,,,,,,,,,
670001040158,859,,,5,,,1,,,,,,,,,,,,,,,
670001040158,860,,,,11,-1,10,,10,10,,,,,,,,,,,,
670001040158,861,,,10,,10,,10,,,,,,,,,,,,,,
670001040158,862,,,5,,3,,,,,,,,,,,,,,,,
670001040158,863,,,1,3,4,5,,1,7,,,,,,,,,,,,
670001040158,864,,,,30,,,,30,,,,,,,,,,,,,
670001040158,865,,,,10,,,,,,,,,,,,,,,,,
670001040158,866,,,,15,,,,,,,,,,,,,,,,,
670001040158,867,,,,95,,,,,,,,,,,,,,,,,
670001040158,868,,,,,,,,,0,,,,,,,,,,,,
670001040158,869,,,,15,,,,,,,,,,,,,,,,,
670001040158,870,,,,100,,,,,,,,,,,,,,,,,
670001040158,871,,,,10,,,15,,,,,,,,,,,,,,
670001040158,872,,,,,,6,,,,,,,,,,,,,,,
670001040158,873,,,,10,,,,,,,,,,,,,,,,,
670001040158,874,,,,17,,,,6,,,,,,,,,,,,,
670001040158,875,,,,,20,,20,10,20,,,,,,,,,,,,
670001040158,876,,,,3,,,,,,,,,,,,,,,,,
670001040158,877,,,,12,,12,,38,25,,,,,,,,,,,,
670001040158,878,,,,12,,,15,,,,,,,,,,,,,,
670001040158,879,,,,20,,,,,,,,,,,,,,,,,
670001040158,880,,,,2,3,,5,,,,,,,,,,,,,,
670001040158,881,,,,,,,,,3,,,,,,,,,,,,
670001040158,882,,,,,1,,,,,,,,,,,,,,,,
670001040158,883,,,,,2,12,,,,,,,,,,,,,,,
670001040158,884,,,,,4,,2,,,,,,,,,,,,,,
670001040158,885,,,,,3,10,5,,,,,,,,,,,,,,
670001040158,886,,,,,3,,,,,,,,,,,,,,,,
670001040158,887,,,,,10,,,,,,,,,,,,,,,,
670001040158,888,,,,,2,,7,,5,,,,,,,,,,,,
670001040158,889,,,,,5,,,,,,,,,,,,,,,,
670001040158,890,,,,,1,3,,,,,,,,,,,,,,,
670001040158,891,,,,,2,2,0,3,,,,,,,,,,,,,
670001040158,892,,,,,6,,,,,,,,,,,,,,,,
670001040158,893,,,,,10,,,,,,,,,,,,,,,,
670001040158,894,,,,,10,0,,,,,,,,,,,,,,,
670001040158,895,,,,,,11,,,,,,,,,,,,,,,
670001040158,896,,,,,,10,,,,,,,,,,,,,,,
670001040158,897,,,,,,12,2,2,,,,,,,,,,,,,
670001040158,898,,,,,,,,20,,,,,,,,,,,,,
670001040158,899,,,,,,14,,24,,,,,,,,,,,,,
670001040158,900,,,,,,,10,,10,,,,,,,,,,,,
670001040158,901,,,,,,,,5,,,,,,,,,,,,,
670001040158,902,,,,,,,2,,,,,,,,,,,,,,
670001040158,903,,,,,,,5,,,,,,,,,,,,,,
670001040158,904,,,,,,,13,,,,,,,,,,,,,,
670001040158,905,,,,,,,5,,,,,,,,,,,,,,
670001040158,906,,,,,,,3,,,,,,,,,,,,,,
670001040158,907,,,,,,,,10,,,,,,,,,,,,,
670001040158,908,,,,,,,,10,,,,,,,,,,,,,
670001040158,909,,,,,,,,10,,,,,,,,,,,,,
670001040158,910,,,,,,,,15,,,,,,,,,,,,,
670001040158,911,,,,,,,,,4,,,,,,,,,,,,
670000038751,1,,,,,3,,4,,6,,,,,,,,,,,,
670000038751,2,7,,8,,,,,7,,,,5,6,,9,3,,6,6,,
670000038751,3,10,4,20,10,15,10,15,5,10,5,10,15,20,15,25,8,5,5,18,10,10
670000038751,4,10,,10,,20,20,,30,,,10,10,10,10,20,,40,,,,10
670000038751,5,,10,,,,10,,20,,,,,10,5,5,,10,,,10,
670000038751,6,20,,,50,,,,,20,10,,40,10,20,20,20,40,,,20,
670000038751,7,30,10,20,60,,,,30,15,40,40,,30,40,40,40,40,,,10,
670000038751,8,,,140,,,,20,50,130,10,20,100,50,20,,70,70,181,,40,
670000038751,9,,,,10,,,,,,,2,,,,5,,,,,,
670000038751,10,10,,20,25,,,,,8,,12,,40,,25,,,,16,,
670000038751,11,,,2,2,,,2,3,,2,0,3,2,2,,2,,,2,,
670000038751,12,,10,,5,,,,,,,,,2,,13,,,2,,,
670000038751,13,2,,,,,,,,,,,,,,,,,,,,
670000038751,14,,,5,,,,,6,,,,,,5,,,6,,,5,
670000038751,15,,,,,,,,,16,,,,,,,,,,,,
670000038751,16,10,10,,10,10,5,,5,10,15,,10,10,10,15,,,10,,,10
670000038751,17,,,,,10,,,10,,,,,10,,10,,,,,,
670000038751,18,,,,,,,,,,30,,,,,,,,,,,
670000038751,19,10,12,15,40,,,10,17,2,3,2,6,10,10,10,10,,18,22,12,12
670000038751,20,,20,220,300,,,,,,2,5,,40,380,,,,5,,,
670000038751,21,5,,,,15,,,,,,10,,,5,,,2,,,,
670000038751,22,,40,,100,,,,,,,10,,10,,60,,,,,,29
670000038751,23,1,,3,,,,3,,,,,,,,,,,,,,
670000038751,24,,11,,15,,,,,,,3,,10,,6,,,5,,2,3
670000038751,25,,,,10,,,5,,,,,,,,,,10,4,,7,5
670000038751,26,5,20,10,15,,10,,20,,,,,10,10,40,,,,10,,
670000038751,27,,,,,,,,,,,,,,7,,,,,,10,
670000038751,28,30,40,30,270,,,,,,,,,10,100,10,80,100,,5,20,20
670000038751,29,30,,10,10,,6,,20,,,10,,60,40,,,10,,,,
670000038751,30,,,20,40,,,,,,,,7,10,10,60,,,,,,
670000038751,32,5,,,,,4,,,,,4,4,,,6,1,5,,3,,2
670000038751,33,,20,20,,20,,10,,10,,,,20,20,25,,,20,,20,
670000038751,34,,5,,12,,,,,,2,4,,,3,5,,4,,,4,
670000038751,35,,,,,,,,,,,,,,,1,,,,,,
670000038751,36,20,,,20,,30,,20,,,,,,20,40,,,,,,
670000038751,37,10,,,40,,,,,,10,10,,15,15,10,,,5,,,
670000038751,38,,,2,3,2,,,,1,,,,,,,1,,,,,
670000038751,39,,,3,5,,,,,,,,5,,,5,,,,,,
670000038751,40,2,,5,10,,,5,10,,,,,7,2,10,,,,,,
670000038751,41,14,,10,25,,25,,,,,12,7,10,12,27,,7,,9,10,14
670000038751,42,5,5,,,,10,,,,,10,,10,,,10,,,,,
670000038751,43,,,,,,,,10,,10,,,,10,,,,,20,,
670000038751,44,,,20,310,,,10,,,10,,,20,40,,20,20,,100,10,
670000038751,45,,20,,20,,,20,,,20,,,20,,,20,,20,,,20
670000038751,46,10,,,10,,10,,,,20,,,,,10,,,20,,,
670000038751,47,10,10,,40,,,,,,,10,,20,20,5,,5,40,,10,
670000038751,48,20,,20,30,,40,20,,10,60,30,20,70,40,80,,70,,50,,10
670000038751,49,5,,,20,,,,,,,20,,,,,,,,,,10
670000038751,50,,5,,2,,,5,,,,,,,,,,,,,,2
670000038751,51,,,,,,,,,,,,,3,,3,,,6,,,
670000038751,52,,,,150,,,,,,10,10,,40,10,200,,,,,,
670000038751,53,,,,,,,,,,,,,,,,3,,,,,
670000038751,54,,,,,,,,,,,,,3,,,,,,,,
670000038751,56,,,,,,,,,,,6,,,4,,,,6,,,
670000038751,57,,20,280,300,,,,,15,,5,5,40,20,20,20,40,,,20,
670000038751,58,,,,3,,,,,,,,,,,,,,,,,
670000038751,59,,,10,,,,,,,,,,10,,,,,,,,
670000038751,60,,40,10,400,,,,,,,20,20,70,40,30,120,150,,,,
670000038751,61,,20,,,,8,,,,12,,,25,,,,,6,,,
670000038751,62,6,,,,,5,,,,,,7,,8,,,,,,,
670000038751,63,,,,,,,,,,,,,,90,,,,,,,
670000038751,64,9,10,23,21,,11,8,12,16,5,9,8,13,16,21,5,7,13,8,11,10
670000038751,65,,,4,,1,,,,,,,20,40,,,10,,20,,2,
670000038751,66,310,120,480,930,,,,,,20,30,160,490,250,100,150,980,-300,,160,
670000038751,67,20,,37,,,,20,,,,,,3,43,,50,,40,40,40,38
670000038751,68,,,,3,,,,,,,,,,,,,,,,,
670000038751,69,,20,100,,10,,40,20,60,30,,,130,,30,20,,70,60,,
670000038751,70,10,30,,120,,,,,,20,,35,95,,60,,30,,,10,10
670000038751,71,,18,,40,,,,,,,8,9,16,,23,,,,,10,10
670000038751,72,20,12,20,150,,20,,7,60,,,27,140,,40,,,,20,,
670000038751,73,,,,,,,2,1,,,,,5,,21,,,2,,,
670000038751,74,2,,1,,2,,,,,,,,,2,,2,3,,1,,
670000038751,75,,20,,20,,10,,,20,4,,,40,,6,16,,8,,21,
670000038751,76,10,,,20,,,,,20,20,,,,5,30,,,,,,
670000038751,77,,20,,12,15,,,10,5,,,6,15,,,,,,,10,
670000038751,78,,,,,,,1,,,3,2,,4,1,,,,1,,,
670000038751,79,21,,,2,30,,,,32,,,10,31,,,,,41,,,10
670000038751,80,10,,,,10,10,,,,,,,10,10,,5,10,,,,
670000038751,81,,5,,,,10,,15,,,10,,20,,,,,,8,,
670000038751,82,,,14,,,,,,,,,,,3,,,,,,,
670000038751,83,,10,,20,,,,,10,5,,,10,15,7,,,,10,10,
670000038751,84,,5,,,,10,,20,,10,,,20,,,,,20,,,
670000038751,85,,7,,,9,,,3,5,,5,,15,,10,,,,,5,
670000038751,86,,,,,,,,,,,,,40,170,130,,,,,30,110
670000038751,87,,10,,,,,,,,4,,,,8,,,2,,,,
670000038751,88,10,,42,,,,,,,10,108,,10,,10,,,10,,,
670000038751,89,250,600,400,800,,,,,,270,120,110,610,220,560,,500,,150,280,160
670000038751,90,,,,,6,,,,,,,,,1,,2,,6,,3,
670000038751,91,,,,2,,,,,,,,,,,,,,,,,
670000038751,92,6,,9,8,,,,,,,,,6,,1,,,,8,,
670000038751,93,,,,44,,,,,,,,,,,,,,,,,10
670000038751,94,,,10,,,,,10,,,3,,,,8,,5,,,5,
670000038751,96,,,10,,20,,,20,,10,,,30,20,20,,10,20,20,,20
670000038751,97,,,30,,,,,,,,,,10,,20,,,,,,
670000038751,100,,,,10,,,,,,,,,,,,,,,,,
670000038751,101,,,2,,,,,,,,,3,1,,3,,,3,1,,
670000038751,102,10,,,20,,20,,,,10,10,,,10,30,,,20,,,
670000038751,103,,,,30,,,,,,,10,,10,10,10,,20,,10,,30
670000038751,104,4,8,,30,,,,,,,7,,8,,15,,,,1,,2
670000038751,105,3,,,7,,,,,1,,,,,,2,1,,,,,
670000038751,106,,,,5,10,,,,,,,6,,,2,3,4,,,,3
670000038751,107,,,12,20,,,4,,7,7,9,,15,,,6,,,,10,
670000038751,108,,,5,,,,,,4,,,,5,3,,3,,,,5,
670000038751,109,,10,10,,,,,,,,,,5,15,10,,,,,,
670000038751,110,,17,,,,2,10,,,3,,4,6,,14,,,,,7,
670000038751,111,10,10,20,20,7,,10,,,15,15,30,5,10,,10,10,,,40,
670000038751,112,,,,,,5,5,2,2,4,,5,25,25,,,,,,,
670000038751,113,1,,14,,1,3,,2,,20,,15,15,,,,1,,,,
670000038751,114,,,,,,,5,,,,,,,,,5,,,,,
670000038751,115,,15,,41,,,,1,8,15,,,30,,33,,,,,12,18
670000038751,116,10,10,,,,,,,,10,,,20,,10,,,,,,
670000038751,117,,,,,,,1,,2,,,,,,,,,,,,
670000038751,118,,,,3,,,,,,,,,,,,,,,10,,
670000038751,119,,10,,,,5,,10,,,,,,20,,,,13,,,
670000038751,120,,,200,340,,,,,,,,,200,150,200,,,,,,
670000038751,121,,,,40,,,,,,20,,,20,,40,,20,,,10,
670000038751,122,,,3,,,,,,,,,,2,,10,,,,,,
670000038751,123,,,5,,,,,8,,,1,,3,4,,,,2,,,2
670000038751,124,,,5,9,,,,5,,,,,,,,,,,,,
670000038751,125,,,15,,,10,,,15,,,,5,10,,10,,10,,,
670000038751,126,1,,1,,,,3,,,3,,,,,2,,3,1,,,
670000038751,127,,,,,,,1,,1,,,,1,,,,,,,,
670000038751,128,30,30,40,50,,40,40,30,30,20,30,40,60,10,60,40,30,30,20,20,20
670000038751,129,20,10,30,20,10,20,10,10,10,10,10,30,20,10,50,,10,20,,10,10
670000038751,130,40,40,30,100,,40,20,70,,50,,20,50,30,70,50,,50,10,40,30
670000038751,131,,,26,40,,,,,12,,,,5,,,,,,,,
670000038751,132,,,,5,2,,,,5,,,,5,,5,,,,5,,
670000038751,133,10,,10,20,,,,,,10,,,,,,5,10,,,,
670000038751,134,10,,,20,10,10,10,10,10,,,10,,20,10,,,10,10,10,10
670000038751,135,3,2,2,2,7,3,5,,,4,,,5,5,,2,,1,3,3,
670000038751,136,,,,10,,,,,,,,,,10,40,,,,,,
670000038751,137,,,7,,,,,,,,,,,,8,,,,,,
670000038751,138,,,,,,3,,,,,,,,,,,,,,,
670000038751,139,5,21,,14,9,11,7,28,0,,13,10,10,9,16,,,5,10,3,7
670000038751,140,60,10,40,80,,,30,30,30,30,,30,50,40,80,,,30,30,30,
670000038751,141,5,10,10,,,,,,3,,,2,15,,5,,,10,,,
670000038751,142,3,,,,,,,,,,5,,,,,,,,,,4
670000038751,144,10,60,,,,,,,,,,,40,,,,,,,10,
670000038751,145,,10,,,20,,,20,,,,,10,15,,,,,10,,2
670000038751,146,,12,,25,,,,,7,6,40,,20,8,,,,12,-6,1,6
670000038751,147,,,10,15,,15,10,20,10,20,,10,30,,20,,10,10,,,20
670000038751,148,110,,75,65,40,60,70,40,,30,40,30,40,,,10,,60,80,40,60
670000038751,149,10,8,10,20,,10,,,10,10,,,25,15,22,10,10,10,5,10,
670000038751,150,,20,,15,,,5,5,10,,,5,5,,10,,,10,,10,
670000038751,151,10,,80,40,,,,,,,20,5,40,,85,,,,20,20,6
670000038751,152,,14,,20,10,12,16,,,5,,,25,,,,,10,,5,5
670000038751,153,,,10,30,,,,8,,10,5,,10,15,25,,,7,,8,18
670000038751,155,,3,,6,8,3,,,4,,,,4,17,,4,3,1,,2,
670000038751,156,,30,20,50,,,40,10,30,,20,20,20,30,20,30,,10,30,,
670000038751,157,,,,,2,,,,2,,,,,,,,,,,,
670000038751,158,,,,8,7,7,,10,5,,10,,10,20,,20,,,,,
670000038751,159,85,30,100,450,,180,,,,,,,,55,250,,,,,,
670000038751,160,4,,,,5,4,,,,,,9,,,4,,,,,,
670000038751,161,2,4,,,,,,,,,3,,,,,,,,,,
670000038751,162,38,,77,600,,,,,,16,29,15,78,78,113,,,,39,108,53
670000038751,163,4,,5,,2,3,,,,,,,5,6,,,2,10,,,
670000038751,164,,,,2,,,,,1,,1,1,,,2,,,,,,
670000038751,165,7,10,15,11,15,5,,13,12,4,3,22,16,,12,,10,4,,4,3
670000038751,166,,,,,,,,1,,,,,,,,,,,,,
670000038751,167,5,50,,100,,,,,,10,5,10,20,25,40,,,,10,,10
670000038751,168,20,20,,90,,,,,,20,20,,40,40,,,20,,20,,
670000038751,169,10,,,25,,20,,,,,,,20,,30,,,,,,
670000038751,170,10,5,10,40,,,,,,,,,10,5,25,,,,,,
670000038751,171,,,,11,,,6,,,,,,,5,,,5,,3,,
670000038751,172,10,,,5,,,,10,,,,,,,10,,15,,10,,30
670000038751,173,,10,20,10,,20,10,10,10,,10,10,10,10,10,10,10,10,10,,10
670000038751,174,,40,,140,,10,,,,,,10,30,200,70,,,,,,10
670000038751,175,,,,4,,,,,,,1,,,1,,1,,,,,
670000038751,176,,,,30,,,,,10,,,,21,,2,,,,,,
670000038751,177,2,,2,5,,,,,5,5,,,5,,,,,,,3,
670000038751,178,30,40,70,44,,30,30,10,10,20,,10,50,10,20,30,,40,40,10,30
670000038751,180,3,,,,,7,,,7,7,,,7,4,,,5,,,10,
670000038751,181,,20,,20,,20,,,10,10,,,10,20,20,,,20,10,5,10
670000038751,182,10,,10,10,,5,5,0,4,,,,10,,10,,10,,,,
670000038751,183,,,50,,,40,,,16,,19,,40,38,,,,,,,4
670000038751,184,,,20,20,,,,,,,,10,10,,10,10,,10,,,10
670000038751,185,5,15,60,170,,,40,40,,5,,48,40,90,158,40,105,82,40,30,300
670000038751,186,3,,14,8,,,,,,,1,,2,,3,,,,,,1
670000038751,187,,3,,7,,5,3,,2,3,,4,,5,6,,8,,3,,4
670000038751,188,18,7,75,160,,,,5,,115,,3,73,10,50,23,,13,3,,
670000038751,189,,,5,20,,10,,,,,10,2,10,,20,,,,,,
670000038751,190,5,10,35,20,,20,,,,,,,15,15,20,,,,,,
670000038751,191,,,,370,,,,,,5,,21,105,10,255,,,,,,
670000038751,192,,,14,,14,,10,,10,10,8,,15,,25,,,7,,5,14
670000038751,193,,,,,,,2,,,,,,,,,,,,,,
670000038751,194,7,,10,8,,,7,,3,,2,,10,10,5,,2,,2,3,
670000038751,195,,,,,,,,,,,,3,5,,,,10,,3,,2
670000038751,196,,,,2,,3,5,,,,,,,,,,,,,,
670000038751,197,6,10,,10,,5,,5,5,,4,4,10,,,2,1,7,,,
670000038751,198,25,20,10,60,,,3,25,,10,17,18,30,35,20,8,14,20,32,17,
670000038751,199,,,8,,,,,,,,,,10,,,,,,,5,
670000038751,200,,,3,,3,,2,,,3,,,5,,,,2,,2,,2
670000038751,201,20,20,30,35,,30,,20,20,20,20,10,40,35,40,30,,,30,10,
670000038751,202,,,10,,,,,,10,,,10,,,,10,,,10,,
670000038751,203,,,,8,,,,,,,,2,4,,,7,,,,8,
670000038751,204,10,6,,,10,6,,3,3,4,3,2,15,3,8,7,2,5,4,5,3
670000038751,205,,1,,,,,,,,3,,,,1,,3,,,,,
670000038751,206,7,50,226,300,,,,,,30,,26,132,260,200,,,,,,
670000038751,207,10,20,,81,15,30,25,30,,10,10,10,120,25,,90,20,10,,10,
670000038751,208,,,,5,,,,4,,,1,,5,12,57,,,,,,2
670000038751,209,,3,,,,5,,,,,,,3,,5,,,3,,,
670000038751,210,,,10,25,,,,,,,,,10,10,10,,,,,,7
670000038751,211,,,,20,,,10,,15,,10,,,20,,,,10,,20,
670000038751,212,4,,15,35,,10,10,,30,,5,10,20,,30,5,8,10,26,10,10
670000038751,213,,,,,,,2,,,,,,,2,,1,,4,,,
670000038751,214,10,20,20,50,10,20,20,,10,10,20,30,50,0,10,20,10,20,,20,10
670000038751,215,70,35,85,60,12,10,5,8,3,6,1,,31,6,69,2,5,10,4,,21
670000038751,216,,10,,,,,,10,,,10,,20,,,,10,,,,10
670000038751,217,,,,,,,,,,5,15,18,11,10,15,25,10,20,11,12,16
670000038751,218,,,,,2,,,,,,,,,,4,,,,,2,
670000038751,219,,5,,,,3,,1,,8,,5,,4,,2,,3,2,3,
670000038751,220,,10,,,,,,,,,,,,,,,,,,,
670000038751,221,,,,1,,2,,,,,2,,12,,,,,,,,5
670000038751,222,,15,,,,,,4,,15,,,12,,,,,,,5,
670000038751,223,5,10,37,80,20,50,,10,5,8,,20,20,20,10,,,38,60,22,7
670000038751,224,29,20,34,87,4,,40,22,6,28,44,70,4,65,4,44,111,33,2,24,24
670000038751,225,40,20,80,220,,,,,,,,,280,,,280,,,,,
670000038751,226,,,,1,,,,,,,,,1,,,,,,,2,
670000038751,227,14,7,20,15,5,10,12,10,5,20,5,11,16,10,23,13,15,,22,10,10
670000038751,228,,11,,9,,,,0,,,6,,14,,22,,13,,9,,13
670000038751,229,,17,,9,,,6,,,5,4,,12,10,11,,,9,,4,
670000038751,230,4,,8,8,,,10,,4,,,,7,,12,,,3,,,6
670000038751,231,,,,10,,,,20,,,,,10,,,,10,,,,
670000038751,232,30,15,10,60,,10,10,30,10,20,,20,30,15,20,35,,20,30,5,25
670000038751,233,,20,,5,,,,,,,5,,5,,,,,5,,,
670000038751,234,,,,,2,,3,,,1,,,,,,,,,,2,
670000038751,235,,,,2,,,,,,2,,,2,1,1,,,5,,,
670000038751,236,1,3,2,1,,2,1,,,,,,,,,,2,,,,
670000038751,237,,8,,10,,,,,,,,,22,,18,10,,,,,
670000038751,238,,5,,10,,10,,,,,,,5,,6,,,,,,
670000038751,239,,,,,,,4,,,3,,3,,4,,,2,,,2,
670000038751,240,10,10,,20,,,,,,,10,,10,,20,,,,10,,
670000038751,242,3,4,15,18,,,10,4,5,5,5,1,13,2,10,,5,5,4,5,7
670000038751,243,,,,2,,2,1,4,,,,3,,1,,2,1,2,4,,1
670000038751,244,10,,10,10,,,,,,10,,,10,,10,5,,5,,5,
670000038751,245,,,,10,,,20,,60,,,,,,,,10,10,,,30
670000038751,246,,5,,,10,,,,5,,5,,13,,,5,,,,,
670000038751,247,,,20,10,,,,20,,,,,20,10,20,,10,,10,20,
670000038751,248,2,12,5,20,,10,,4,11,4,8,3,15,15,11,,10,2,3,6,7
670000038751,249,3,,18,,,6,7,5,6,14,,,22,10,47,,,,,,
670000038751,250,,,13,11,,,,,,,,4,7,,1,,,6,,7,2
670000038751,251,,,40,,20,,,20,,,,,,,40,40,,,,,70
670000038751,252,,,13,44,,,,,,,,9,18,,34,,,,,,
670000038751,253,,5,,5,,3,,,,4,,5,,5,,5,,5,,3,5
670000038751,254,,,,30,,,,,,,,,,,,,,,,,
670000038751,255,,,4,4,,3,,,3,,,,10,,,,,,,,
670000038751,256,10,10,25,30,,,5,20,,10,5,,30,7,20,,,10,10,20,10
670000038751,257,,,,,,,3,,,,,2,,,,,4,,4,,
670000038751,258,,5,,10,,,,,,,,,10,,,,,,,,4
670000038751,260,,10,,10,20,,,,,,10,5,10,20,20,,,,,,10
670000038751,261,2,,,5,,,10,,,,2,3,,,5,,,5,4,,
670000038751,262,,,4,,,,,3,,2,,,,,,4,,,,,3
670000038751,263,6,12,12,5,15,22,13,8,10,12,5,5,90,10,13,10,5,14,15,9,15
670000038751,264,,1,2,6,1,,,1,3,4,8,18,9,,,,8,,,,1
670000038751,265,,,,,,,4,,,,,,,,,,,,,4,
670000038751,266,,,40,10,,,,,15,,20,,35,,,10,12,8,,,12
670000038751,267,,,,,,,,,2,,,,,,,,,,,,
670000038751,268,,,40,40,,,,60,30,,,,,,,,,40,,,10
670000038751,269,,5,,,,20,,30,,,5,,5,,10,,,,,10,
670000038751,270,4,,12,9,,,,,2,,,5,14,,,9,5,,14,,10
670000038751,271,2,,10,5,,,,,,2,2,,2,2,,5,,,,7,
670000038751,272,,,6,16,,,,,,,,,,,,,,,5,,
670000038751,273,,,,,,,,,,2,5,,14,,,,,,,,
670000038751,274,,,,,,,,,,,,,5,10,,,,,,10,
670000038751,275,,,,,1,,,,,,,2,,,,,,,,1,
670000038751,276,30,60,20,50,40,20,20,15,25,20,20,45,35,55,55,32,35,25,20,70,10
670000038751,277,,200,200,100,,,,,,30,,20,200,60,,200,,,,,
670000038751,278,20,10,10,15,,25,,10,10,10,10,,20,10,10,10,10,,10,10,
670000038751,279,,6,,10,5,,,5,,5,,,10,2,,8,5,,2,,4
670000038751,281,,10,,,,,,,,,,,,,,,,,,,
670000038751,282,,,,,,,,,1,,,,,,,,,,,,
670000038751,283,6,2,2,4,,2,6,1,3,6,11,2,15,9,7,2,,,5,5,2
670000038751,284,,,,265,,,,0,,,,,10,,160,,,,,,
670000038751,285,,,,10,,,10,,,,,,,,,,,,,10,
670000038751,286,,20,,,,,,,,,,,5,,15,,,,10,-10,
670000038751,287,10,,,,,,,,,,,5,,,,,,,,,
670000038751,288,,2,,30,,,,,,3,8,,8,,,,,2,6,,3
670000038751,289,7,,6,10,,,,,,,10,,5,,10,4,,,5,8,4
670000038751,290,3,5,,6,,5,5,8,,,3,5,6,5,,5,5,2,12,10,
670000038751,291,,,15,20,,,,20,,,,,30,,20,,20,,,,20
670000038751,292,,,3,,,2,,3,,,,,,,,,4,,,2,
670000038751,293,,2,,,3,,,2,,3,,,,3,,,3,,,,
670000038751,294,,1,3,,,,,,,2,2,,,,2,,,,,1,
670000038751,295,,,,,,,2,4,,,,,,,,,,,,,
670000038751,296,20,,,40,,10,20,,,10,15,,50,,10,,10,10,10,20,10
670000038751,297,,10,,,,5,,5,,10,,,,5,,10,,,6,,
670000038751,298,,20,,15,,50,,,,,,,30,,30,,15,10,5,,10
670000038751,299,,10,20,20,10,10,10,20,10,10,,10,20,10,10,,10,10,10,,10
670000038751,300,9,8,,12,,,5,7,,,4,5,10,13,2,6,,2,,6,
670000038751,301,4,,10,30,,,,,,,,6,15,,25,,,,,,5
670000038751,302,,,12,4,,,5,,,,,2,8,,15,,,,,,
670000038751,303,,10,,30,,,,,5,,8,,,10,,12,,10,,,
670000038751,304,,260,110,1090,,,,,10,,,,30,10,,,,,,,
670000038751,305,,,,,,2,,,,,,,3,,,,,,,,
670000038751,306,,,,,,,3,,,,,1,,2,,,,,1,,
670000038751,307,,,8,,,5,2,,1,,3,4,4,,,3,,5,2,,9
670000038751,308,,,,,,,,,,1,,,,,,,,,,,
670000038751,309,,10,,18,,,10,,,,,5,18,12,,,,,,,
670000038751,310,,3,10,6,,,3,3,,,,2,10,10,12,,4,3,,5,
670000038751,311,,,5,,6,,,5,,,,5,10,,5,,,7,,,10
670000038751,312,,15,14,11,30,10,,,,5,6,9,10,10,20,,,,,4,5
670000038751,313,,,,10,,,,,,,,,,,,,,,,,
670000038751,314,,,,,,,,,,,,,3,,,,,,,,
670000038751,315,7,7,18,30,25,,,,,,10,5,10,,25,,,5,5,,
670000038751,316,10,,8,5,,,,10,10,,,,10,,6,,,5,,,5
670000038751,317,,5,14,6,,,,7,2,,8,2,19,,,,6,,5,11,
670000038751,318,,,,,,5,,,,,,5,,,13,,,,,5,
670000038751,319,,,,30,,,,,,,,8,12,,,,10,,,,
670000038751,321,,,5,,,,,,,,,,,2,,,8,,,4,
670000038751,322,,10,2,8,,,,,,,,5,,8,,,,2,,1,5
670000038751,323,,,,,,,32,,,,,,,,5,,,,,,4
670000038751,324,,,10,,,,,,,,,,10,,,,,,,,
670000038751,325,,25,,10,,,,5,,,4,,20,10,,18,,10,10,,10
670000038751,326,10,6,,,,8,,7,3,,10,,,,,,,6,1,,
670000038751,327,,,7,,,,,3,,,,,,,,,,,,,
670000038751,328,,10,,10,,,,,,,,,,,5,,,,,5,
670000038751,329,10,10,,,4,,10,,5,,,,10,10,,,,10,,5,
670000038751,330,18,7,20,3,25,6,15,,5,,,26,13,11,24,6,13,2,10,16,4
670000038751,331,,,,20,,,,,10,,,,,10,,10,,,10,,
670000038751,332,,,3,2,,6,,,,,4,3,,,2,,,,,,
670000038751,333,20,,20,20,30,,,20,10,10,,,20,30,20,,20,,,,10
670000038751,334,5,10,51,3,,,,,,,7,,12,8,5,,13,,5,16,
670000038751,335,5,,,,5,,5,,,4,,3,5,,15,,,,,,5
670000038751,336,4,12,20,60,,,,20,,,,,15,,20,,,20,,9,12
670000038751,337,5,20,,90,,,,,,,,,10,,100,,,,,10,10
670000038751,338,,10,10,170,,,,,0,,,,10,,30,,,,,,
670000038751,339,,1,,,1,,3,,,2,,,1,1,,2,1,,,2,
670000038751,340,20,10,30,10,,10,10,10,,,10,20,10,10,40,,,,10,20,
670000038751,341,,,,150,,,,,,,,,61,,,1,,60,2,,1
670000038751,342,,,,,,,,,,,,,,,,,,,13,,
670000038751,343,,20,,,,,,,,,,,10,,,,,10,,,
670000038751,344,20,40,,120,,,30,20,,20,10,10,40,40,,40,40,,20,10,10
670000038751,345,1,1,2,6,,,,2,1,,,,2,,6,1,,1,5,,
670000038751,346,,,3,10,,,,1,,,3,,,3,2,,,,,3,
670000038751,347,8,,,,,,,11,,,,,,4,,5,,,10,-5,
670000038751,348,2,,,,,,,6,1,,10,,9,,,5,,2,,,
670000038751,349,10,130,90,,10,,5,100,10,10,,10,81,17,20,10,145,10,,6,9
670000038751,350,1,,3,,,,,,,,,6,,,3,,,,2,,
670000038751,351,33,318,295,120,40,,,,,,16,,71,40,137,,140,,35,,12
670000038751,352,40,,30,10,,30,10,,10,30,30,,30,20,10,,10,25,20,30,40
670000038751,353,1,1,4,4,5,6,,,2,,4,,2,5,2,,4,4,1,1,1
670000038751,354,,20,,,,15,,10,,,,10,15,,12,,,10,15,,
670000038751,355,,,,,,2,,,,,,,,2,,,,,,,
670000038751,356,,,,,,,,,10,,,,,,,,,,,,
670000038751,357,,,8,10,,,,5,,6,,10,,4,2,7,,,8,3,3
670000038751,358,,100,100,200,,,,0,30,100,,30,100,100,120,300,,,,,
670000038751,359,10,20,20,,,,,10,,,10,,20,,20,,,10,,10,
670000038751,360,4,,10,,,,8,,,3,,,3,,3,,,,6,,
670000038751,361,50,50,300,310,,,20,,20,30,20,20,90,100,130,100,220,40,30,60,40
670000038751,362,5,30,400,190,,,,30,10,20,160,,200,70,30,80,,20,20,30,30
670000038751,363,20,,20,15,,,,,10,,10,10,,40,10,,,,,,
670000038751,364,10,,10,31,,15,15,10,15,10,10,,10,20,20,,10,,5,20,15
670000038751,365,,,25,,,,,,,,,,15,10,35,,,,,20,
670000038751,366,,,20,90,,,,,,,30,4,10,15,,,,27,4,6,8
670000038751,367,10,10,15,20,10,10,15,,10,,10,20,20,15,25,10,20,20,10,10,15
670000038751,368,,,,1,,,,,,,,1,,,,,,1,,,
670000038751,369,,,,,,,,,,,,,,,,,,,,,3
670000038751,370,60,,,,,,,,,20,,,50,,,,,,,,20
670000038751,371,,,15,15,,,,,,,,,20,15,35,,,,,,
670000038751,372,25,10,,12,12,20,,,10,,20,,15,,,,,,,10,
670000038751,373,,,,80,,,,,,,,,30,,50,,,,,,30
670000038751,374,,,,,,,,,,,,,,200,,,,,,,
670000038751,375,,20,10,10,10,,10,,20,,15,,40,,20,,,15,10,,15
670000038751,376,,,1,,3,,,,,1,1,,2,,,,,,,1,6
670000038751,377,10,5,,10,10,,,,,,,,10,,10,,10,,,,
670000038751,378,5,,,10,,,,,,,,5,6,3,,,,5,,,
670000038751,379,,,,,,,,,,,,,10,,,,,,,,
670000038751,380,,,,2,,,,,,,,,,,,,,,,2,
670000038751,381,,,5,,,,10,,,,,,10,,,,,10,,,
670000038751,382,3,,5,,,,,,,,,,,2,,,,,,,3
670000038751,383,,,1,,,,,,,,,,,,,2,,2,,,
670000038751,384,,,9,5,,,,,,,,,11,,5,,,,,3,2
670000038751,385,,,,10,,,,4,8,,,2,8,,10,,,,5,,10
670000038751,386,,12,,5,,,,10,,,,2,7,,13,,,,,5,
670000038751,387,1,,1,1,,,,,,2,,,2,1,,,,2,,,
670000038751,388,,,,,,,,,,1,,,,,,,,,,,1
670000038751,389,2,7,,,,4,,,,10,,,,,,10,,,,,
670000038751,390,,,,5,,,,,,,,,,,,5,,,,5,
670000038751,391,,5,,,,,12,,,,,,5,,10,10,,,,,
670000038751,392,3,2,1,5,,,1,3,,3,,,4,,6,4,,,4,,
670000038751,393,,,,10,,,,4,2,,,,7,,,,,,,2,
670000038751,395,5,7,,,8,,6,4,,1,,3,2,,,,6,5,1,,2
670000038751,396,,10,10,35,,,,,,10,25,,25,10,10,,,,5,,
670000038751,397,10,,6,14,,,,,,,5,,10,,4,,,7,,,3
670000038751,398,6,,10,10,,,,,1,8,,4,9,,8,,3,,,4,5
670000038751,399,,,35,20,,,,,,6,15,,,23,30,,,,7,6,3
670000038751,400,8,,10,10,,,,,,,5,,6,15,15,,,,10,5,
670000038751,401,40,10,20,40,60,30,30,30,30,40,70,50,50,40,90,40,30,30,20,41,30
670000038751,402,35,45,10,70,,,,,10,,20,30,80,3,,65,20,,40,25,30
670000038751,403,,,,,,,,,,,,,,,,,,,10,,
670000038751,404,2,,4,5,4,7,2,,6,,1,,,3,,5,2,2,5,,3
670000038751,405,,3,,9,,5,1,,5,2,,3,1,4,12,,,,,,
670000038751,406,,50,120,120,,,,10,,,10,8,70,207,140,30,,,10,50,
670000038751,407,5,11,,22,,,3,8,8,2,,1,12,5,12,10,,,10,3,3
670000038751,408,2,4,3,4,2,7,11,,3,3,5,13,9,6,6,9,6,1,1,7,
670000038751,409,,,10,5,,,,10,,,,,10,,,4,8,,,10,
670000038751,410,,,7,,,10,,3,8,,2,,4,47,,,4,,,11,1
670000038751,411,,20,10,,,,,20,,15,,,,10,,20,,,,,20
670000038751,412,,40,430,,,,,,,20,40,50,160,205,,,200,,,,
670000038751,413,,,,15,,,,,,,3,,6,,28,,,,,,
670000038751,414,,,,,,2,3,,2,3,2,,2,5,3,,,,,10,
670000038751,415,10,30,20,60,,70,20,20,20,40,,,40,60,40,,,10,60,,10
670000038751,416,,,60,830,-220,,,,,20,20,37,70,40,70,200,150,,,39,100
670000038751,417,,,,10,,,,,5,,,5,,5,,,,10,,,
670000038751,418,80,,30,20,,,10,10,,,20,10,40,30,,20,,10,10,20,20
670000038751,419,,,,10,,,,,,,,10,10,,,,,10,,,
670000038751,420,,2,10,,,,3,3,4,,6,5,,8,6,,,2,,,10
670000038751,421,,20,110,,25,,,,,,,,50,,45,,,30,,,
670000038751,422,,5,,10,,15,12,,,5,,,15,,20,,20,,,,
670000038751,423,,,10,,,,2,,,4,,,,,,15,,,,,
670000038751,424,,,,,,,,,,,,,,,,1,,,,,
670000038751,425,4,10,7,20,5,,,,,,2,5,20,15,30,,,8,3,12,3
670000038751,426,,40,,80,,,,,,,,8,44,10,80,,,,,,
670000038751,427,10,,10,20,,,10,20,40,,10,,10,20,30,,,,,,
670000038751,428,,40,,70,30,,,,,,,,20,,,,20,20,,20,
670000038751,429,,,400,800,,,,,,10,60,60,100,600,350,,,,,,
670000038751,430,40,5,565,545,,30,66,90,20,10,12,10,30,64,50,,70,,10,17,20
670000038751,431,,,,130,,10,,,,,,,,,100,,,,,,
670000038751,432,,,28,12,,,20,,,,10,,,3,8,,,9,,,
670000038751,433,,,,,,,,,,,,,,,,1,,2,,,
670000038751,434,,,,,,,,,,,,,,,,,2,,,,
670000038751,435,20,,40,50,,,,10,20,10,,,30,30,50,,,20,,,20
670000038751,436,,5,,,,,,4,,,2,,3,,2,,,,,,
670000038751,437,3,7,12,,,,,,,2,,,3,,,,,,,,
670000038751,438,,20,5,,10,10,20,,,,10,,10,20,20,,,,25,,10
670000038751,439,,,,,,,,,,,,1,,,,,,,,,
670000038751,440,50,8,19,28,,10,,5,4,9,9,13,10,10,12,,18,8,8,6,8
670000038751,441,2,,2,,,,,,,,,,7,,,,5,,,,
670000038751,442,,,20,,,,,5,,,,20,,,20,,,,,20,
670000038751,443,,,,9,,10,,,,,,,,,,,,,,,
670000038751,444,,10,,10,,,,10,,,,10,10,,,,,10,,,
670000038751,445,10,,8,2,,,10,,0,,,,,,,,,,10,,
670000038751,446,,10,,10,,,6,,4,,5,,20,,,,,6,,,
670000038751,447,8,,,4,,,,,,,,,10,,,,,,,,
670000038751,448,25,,185,70,,,,,,5,,5,120,,5,,15,,25,,
670000038751,450,,,14,,4,,5,,,,,3,,,8,,,,,2,2
670000038751,451,15,20,,80,,,10,5,,,20,5,40,50,42,,,,,,
670000038751,452,,,3,6,,1,5,,,,1,2,2,2,3,,,,2,,2
670000038751,455,,20,,20,,20,20,20,,50,10,,,,20,30,,30,,,30
670000038751,456,,,,,,,2,,,,,,,,,,,,,,
670000038751,457,,,,,,,5,,,,1,,,,,,,,,3,
670000038751,458,,20,,,,20,,,,,20,,,20,,,20,,,,20
670000038751,459,,,,,,,,,,,,,,,,,,5,,,
670000038751,460,10,30,,20,30,15,,,,10,10,10,10,10,25,,5,,5,15,
670000038751,461,20,,80,100,,,,,,20,20,,60,40,80,,,,,,20
670000038751,462,,,,70,,,,,,10,5,,25,,30,,,,,,
670000038751,463,20,20,40,250,,,,,0,,,,10,20,80,,,,,,10
670000038751,464,,,,,,,,,,,,,,,,,2,,,,
670000038751,465,,,,10,,,,,,5,,,5,,10,,,,4,,5
670000038751,466,,10,,13,,,,,,,6,,10,,10,,,,5,,
670000038751,467,,20,10,,,20,,10,,,,15,20,,30,,,,10,10,
670000038751,468,,4,,,4,2,,,,2,,2,,4,,,,,,4,
670000038751,469,,,,,,,4,,,,,,6,,15,,,,,,
670000038751,470,,,10,5,,,,,,,,,,10,10,,,,,,
670000038751,471,,,,53,6,,,,,,,,,,,,,,3,,
670000038751,473,,,,3,,,,3,,,,,,,3,,,,,2,
670000038751,474,,10,20,,20,,,10,10,,,10,20,10,20,,10,,20,,
670000038751,475,4,,10,35,,,,,,15,,,,10,10,,,,14,,
670000038751,476,2,,,,,,,,,,,,,1,3,2,,,1,,
670000038751,477,,,,10,,,,,,3,4,,10,,15,,,,,,8
670000038751,478,7,,20,,7,,2,,,,,,5,1,14,,12,,4,,3
670000038751,479,28,50,50,,,,,20,0,8,25,5,45,20,80,10,,10,25,,6
670000038751,480,,,,5,,,,,10,,,,2,,2,,,,8,,
670000038751,481,,,,2,,,2,,,,,,2,,,,,,2,,
670000038751,482,18,18,20,48,12,26,13,5,8,8,22,10,18,14,21,24,16,23,3,33,18
670000038751,483,,,10,,,20,,,,,,20,20,,,20,,20,10,,10
670000038751,484,,,,,,,10,,,,,,10,,,,,,,10,
670000038751,485,,12,,20,,,,20,,,10,,,15,12,,,20,,,
670000038751,486,10,10,,15,10,15,10,10,0,,10,,20,15,10,10,10,10,10,,10
670000038751,487,8,,,,,,,7,5,,,,7,,,,,,2,5,
670000038751,489,,,20,,,,,,,10,,,20,,10,,,,15,,
670000038751,490,3,,23,,,,,4,,,4,0,55,,24,,,5,,,
670000038751,491,,10,10,45,,,5,10,10,10,2,7,30,25,,8,10,20,10,10,11
670000038751,492,,,,,,,10,,,,,,3,35,5,,5,4,,,20
670000038751,493,,,60,,30,,,20,,,,,30,25,75,10,,,80,40,
670000038751,494,,,,,,,,,,1,,,,,,2,,,,,
670000038751,495,,,,,,,1,,,,,,,,,,,,,,1
670000038751,496,,,,,,,,,,,,,,,1,,,,,,
670000038751,497,,14,,4,,,,,,16,,,6,,,,,18,,,
670000038751,498,6,,3,15,,,10,,,,,,,,,,,,,,
670000038751,499,,,100,450,,,,,,,50,30,160,160,260,,,,,,
670000038751,500,,,25,,,,,,,8,,,,,,,,,,,19
670000038751,501,,,,,,8,,,,,,6,,5,6,,4,,,12,
670000038751,502,,5,,5,,,,,,,,,10,,,,,,,,
670000038751,503,,,,,,,,,,22,27,26,41,19,,,,,,,
670000038751,504,,,10,,,,20,,20,,,,,,,,,,,,
670000038751,505,6,4,5,6,2,6,,7,1,2,2,7,5,5,9,5,,3,4,1,2
670000038751,506,,,,10,,20,,,,,,10,10,,10,,10,,,10,
670000038751,507,1,,3,4,,,6,1,,2,4,4,1,2,,2,4,,4,,1
670000038751,508,90,200,220,250,,10,140,120,10,70,70,40,190,160,60,200,70,,110,60,130
670000038751,509,5,,10,,,,,,,,,,3,,,,,3,,3,
670000038751,510,,104,,111,,,,,9,,,21,160,,,12,,,30,23,
670000038751,511,5,,10,,,,,,,5,,,15,,,10,,,,,
670000038751,513,,15,,20,,,,,,,,,,10,25,,,,5,,5
670000038751,514,,,,,6,10,,,,10,,,10,,,,5,,,,5
670000038751,515,,1,2,,,2,,2,2,3,,,,,7,0,3,2,,,6
670000038751,516,,,,10,,,,,,,,,,,,5,,10,,,
670000038751,517,10,4,11,,8,6,3,,8,,,2,6,3,10,,,6,8,,
670000038751,518,,,,,,,,,,,,16,,,,,,,,,
670000038751,519,,10,,15,,10,,,10,10,,,10,10,,,,,10,,
670000038751,520,4,3,,2,,,,,2,,4,3,,3,3,,,,3,,
670000038751,521,10,4,20,17,,,2,6,,20,,7,12,3,13,6,,8,2,2,2
670000038751,522,4,,,,,,,,,5,,,,8,6,,,,11,,
670000038751,523,,4,,1,,,,,,,,,1,,4,,,,1,,
670000038751,524,2,,6,4,0,,,2,,,1,,2,,7,,,2,4,,
670000038751,525,,11,80,145,,,,,,10,20,5,74,22,22,13,,55,16,13,7
670000038751,526,2,,,2,2,20,,21,,,,,,,2,,,,,,
670000038751,527,3,,,2,,,,3,2,1,2,,1,2,3,1,3,,,,2
670000038751,528,,10,20,15,,,,,,,,,10,,20,,,,,10,
670000038751,529,1,5,,5,,,,,,,,,5,,,,,,5,,1
670000038751,530,16,18,19,70,,,,,20,9,6,13,45,,60,,10,13,7,8,21
670000038751,531,,,10,20,,,6,12,,,,10,10,10,,,5,,,8,
670000038751,532,2,,5,5,,,10,,,,,,,,,,,,2,,
670000038751,533,10,20,,,10,10,10,,10,15,10,,20,5,15,20,,5,5,5,5
670000038751,534,113,80,145,1060,,,,,,123,78,110,216,215,261,73,180,109,140,124,114
670000038751,535,,6,7,6,8,1,5,5,5,,6,3,15,8,,10,5,,,,18
670000038751,536,4,2,,4,,2,2,,,3,,4,,2,2,,3,,,,
670000038751,537,,,,2,,2,,,,,,,,,,,2,,,,
670000038751,538,,6,,5,30,,,,,,,4,,,,10,,,,4,
670000038751,539,,,,,,,,,10,,,,10,,15,,20,,,,
670000038751,540,50,110,220,1020,,40,,20,,220,80,150,340,450,220,620,40,120,,50,100
670000038751,541,,5,,,,4,,,,1,1,,2,2,2,3,1,1,,5,
670000038751,542,10,,5,,20,,20,,,,,5,15,,20,,,,10,10,
670000038751,543,,40,,,,,,,,,,,10,,10,20,,,,,
670000038751,544,50,,,250,,,,,19,,,7,6,,60,60,62,,,,
670000038751,545,5,10,10,10,,,,,,10,,,5,10,5,5,10,10,10,5,5
670000038751,546,4,7,6,7,5,,5,2,,5,8,3,11,6,18,,4,8,5,5,
670000038751,547,2,,5,,,1,2,,,1,,,,2,,5,,,,1,
670000038751,548,,20,20,50,,,,,,,,,20,,10,,,10,,,
670000038751,549,,,,,,10,,,,,10,,,,10,,,,10,,
670000038751,550,10,,10,10,30,,,,,,10,,4,10,10,,,,10,,
670000038751,551,,,,10,,5,,,10,,,,,10,,,,10,10,,
670000038751,552,,11,10,50,,,,,,,7,10,10,12,25,,,,,,
670000038751,553,,,5,10,,10,5,10,,5,5,,5,5,5,5,,,10,,10
670000038751,554,,,,,17,,,3,,,,5,,5,,2,,6,,3,3
670000038751,555,,,10,,,10,10,,,10,20,,20,,,,20,,,,
670000038751,556,10,,10,,,10,,,,,10,,,,,10,,5,10,,
670000038751,557,70,15,301,6,,,30,,60,,,70,263,135,413,8,30,,215,,
670000038751,558,9,,15,8,9,,18,6,,3,,10,10,8,22,,,15,,5,9
670000038751,559,55,50,69,72,,35,15,20,35,,,,15,20,25,20,23,15,5,5,
670000038751,560,,2,,,,,1,,,,,,1,,,,,,,1,
670000038751,561,10,20,20,20,,,10,,10,,5,,30,,,,5,5,,,3
670000038751,562,10,40,80,,,40,40,20,10,,30,20,50,60,30,30,20,20,20,60,20
670000038751,563,2,6,9,4,,5,7,2,,,,1,7,2,3,1,2,2,3,1,3
670000038751,564,,5,5,,15,,,10,,,,10,5,,10,,,10,10,,10
670000038751,565,,10,,45,,,,50,,,20,,40,30,20,,40,,30,45,
670000038751,566,,20,110,180,,,,,,,,,,20,50,10,,,,,
670000038751,567,,,,20,10,,,10,10,10,,,20,5,10,,,,20,,
670000038751,568,2,9,,2,,6,2,,3,1,5,4,1,2,1,6,4,4,1,3,
670000038751,569,6,18,,25,,,,1,10,19,,1,12,13,21,1,,5,2,7,8
670000038751,570,,,,10,,,20,,,,,,,,20,,,,,,
670000038751,571,,,1,2,,,,,,1,2,,2,,1,1,,,2,,
670000038751,572,1,,21,,,,,,9,,,6,5,15,,3,,,10,,
670000038751,573,60,50,62,20,,40,60,160,40,120,51,40,41,80,72,,82,40,40,63,30
670000038751,574,10,,,10,10,20,,,,10,,10,10,,20,,,10,,10,
670000038751,575,,,7,,,,,,,,,,5,,,,5,,,,
670000038751,576,2,10,10,19,,,,15,,3,3,3,15,10,9,,12,2,10,2,11
670000038751,577,,7,,6,,,,10,,,,,40,,10,,,26,5,,
670000038751,578,2,,,12,,,,5,,5,,5,,,20,,8,,,,3
670000038751,580,,,,,,3,,,,,,,,,,,3,,,,
670000038751,581,1,1,,,3,,,,,,1,,,,,1,2,,,,
670000038751,582,2,,4,,,5,,,,,,,4,9,,,,,,,
670000038751,583,,,,2,,2,,,,,,,,,,,,1,,,
670000038751,584,,,4,8,,15,,3,,,,,2,11,,,,,4,,5
670000038751,585,60,,,200,,,,,,,,,160,40,,,17,,40,,
670000038751,586,,,3,,,,,6,,5,,,,,,,,,,,1
670000038751,587,,3,,,2,,,,2,,,,,1,,,,,1,,
670000038751,588,5,15,,20,,10,8,8,10,4,5,5,10,5,20,5,5,5,10,,5
670000038751,589,,,,2,1,,,,,3,,,12,,,,,,1,1,
670000038751,590,,,,2,6,,4,4,,,2,,,,,,3,,7,,
670000038751,591,,,,,5,,,,,,,,,,,2,,,,,
670000038751,592,4,,4,8,,4,7,,,,,5,6,5,5,4,6,,5,,
670000038751,593,,,,,2,,,,,,2,,,,,,,,,,
670000038751,594,,,15,,,20,,,,,,,10,,13,,,,,,4
670000038751,595,4,10,10,8,,,,,4,6,,1,5,7,8,,10,3,1,,2
670000038751,597,8,5,13,50,10,,,,,8,3,5,12,5,6,3,,14,2,5,5
670000038751,598,,10,,,,,,,,,,,,20,-20,,,,,10,
670000038751,599,,15,,,15,5,,,,,,,,,,,,,,,
670000038751,600,,,,,,,,4,,3,,,,,5,2,,,,,
670000038751,601,,,,15,,,,,,,,,10,,,,,,5,,
670000038751,602,,,,7,,,,10,,,,,5,,6,,,,,,7
670000038751,603,,,10,,,,,,,,1,,,,,,,,,18,
670000038751,604,,10,,10,15,,,,,,,,10,,5,,,,,,
670000038751,605,60,100,,60,56,23,25,,,30,28,18,26,27,40,,85,,30,60,
670000038751,606,,,,,,,,,,,,,,,,2,,,0,,
670000038751,607,18,34,13,105,,,23,9,10,7,6,16,35,30,50,20,20,20,10,19,13
670000038751,609,,2,,,,,,,2,,2,,,,,,,,,,
670000038751,610,,,10,,10,,,,,,,,5,,3,,,,5,6,
670000038751,611,,1,20,,,3,6,,2,,,10,,,,4,,2,,2,
670000038751,612,,,,,,,,,,,,,5,,,,,,,,
670000038751,614,,10,7,,,10,,10,,,,,10,,,,10,,,5,3
670000038751,615,3,,,8,,,1,,,,7,,,4,,,15,,1,,2
670000038751,616,,,10,15,,,,,,,3,,,,5,,7,,,5,
670000038751,617,,,,2,,,,,,1,,,,,,,,,,,
670000038751,618,5,,10,15,25,,,10,3,10,,,20,20,20,,,10,,15,
670000038751,619,,,17,20,,15,10,,15,10,,20,,15,40,,,,,10,10
670000038751,620,,1,,,2,2,,,,4,,,,4,,,,,,,
670000038751,621,,,,1,,,,,,,,1,,,,,,,,,
670000038751,622,3,,20,5,,,,,3,5,10,,8,,,,,,3,5,5
670000038751,623,4,4,15,8,,,,,,,,,,,,,,,,,
670000038751,624,1,,2,2,,,1,1,,,2,,,,,1,,,2,,
670000038751,625,20,50,180,220,,10,20,30,100,20,40,10,230,80,120,160,100,,,10,100
670000038751,627,,,,,,,,,,,20,,,,,,,,,,
670000038751,628,,1,,,2,,,,,,,1,,,,,,,,,
670000038751,629,2,,5,5,,,5,3,2,2,,,2,2,1,4,2,2,3,2,3
670000038751,630,,6,,,,,3,,,,,,,,,,,,,,
670000038751,631,,5,,20,,,,,,,,,,10,5,,,,,,
670000038751,632,2,,,,,4,,,,,2,,2,,,3,,,1,,
670000038751,633,,,2,6,,,1,3,2,102,60,200,142,221,397,,202,,50,57,6
670000038751,634,,5,15,,,,,,,,,,8,6,8,,,,,7,2
670000038751,635,,,,,,,,,,,,,,,,,,1,,,
670000038751,636,10,6,11,40,,,,15,30,6,10,2,5,5,6,,7,,15,3,12
670000038751,637,,,,,,,,,,,,,,1,1,,,,,,
670000038751,638,,,5,,,,,,,,,,,,,,,,,,
670000038751,640,,2,,5,,,,,5,,,,,5,,10,,,,,
670000038751,641,,,,10,,,,10,,,,,5,,,15,,,5,,
670000038751,642,,,,2,2,,4,,,,,,,1,5,,,,,,
670000038751,643,5,,,5,,,3,,,,2,,,5,,5,,,3,,
670000038751,644,,,,1,,2,,,,,1,,,,,,,,,1,
670000038751,645,,,,,,,,,,,,8,,,,,,,,,
670000038751,646,,20,,40,,,,,,10,,10,,,,,10,,,20,
670000038751,647,10,,10,,,,,5,,,,,10,,,,4,5,5,,5
670000038751,648,,130,20,20,10,,5,,,,30,0,60,,,,,,,,
670000038751,649,,10,,5,,,,,6,,,,8,,15,,,,3,,8
670000038751,650,3,,4,5,,,5,,1,,,,18,4,,,,,3,,5
670000038751,651,,4,,,,1,2,,,3,,1,2,,,,1,1,4,2,2
670000038751,652,,5,,5,,,,3,1,3,1,1,1,1,10,,,,,,
670000038751,653,,,,,,,,5,,,,,,,,4,,32,,,
670000038751,655,10,10,,,,,,,,10,,,10,30,,,,10,,10,
670000038751,657,,10,,18,,,,,,,,,10,7,,,,,,,
670000038751,658,4,10,,16,10,6,,9,5,,8,8,8,6,19,,5,8,6,11,6
670000038751,659,10,,10,20,,,,,10,5,,,5,,5,10,,,5,,
670000038751,660,7,10,,20,,5,,10,,,9,,10,,15,,10,10,,10,8
670000038751,661,,,,15,,,,,,10,,,,10,10,,,20,,,20
670000038751,662,10,,15,,,,,,,,10,,5,,,,,,,,
670000038751,663,,,,,,,2,,,,,,,,,,,,4,,
670000038751,664,,,10,,,,,,,,,,,3,,,,,,,
670000038751,665,,,,,,,,,,40,,,1,,,,,,,,5
670000038751,666,,1,,,2,4,,2,,,1,,2,,,,1,,,1,
670000038751,667,,,,3,,,5,,,2,,,,,,,,,,,
670000038751,668,,,,10,,,,,10,,,,,10,,,,,,,
670000038751,669,,,,,,,10,,,5,15,5,5,,5,,,,,,
670000038751,670,,,20,20,,,,,,2,2,4,22,8,70,20,,,,,
670000038751,671,,,2,,10,,2,,100,70,51,,202,,80,,22,22,12,100,10
670000038751,672,,,12,20,,,6,,,,,,,15,,,,,,,
670000038751,673,,,10,10,,5,,,,,,,,,,,,,,,
670000038751,675,20,10,,10,,10,,,,15,,5,10,,10,,,25,20,,
670000038751,676,20,15,10,70,,,,,,5,,,23,15,60,,,,,,
670000038751,677,4,10,,8,,,,,,,,2,,,4,,,,,3,
670000038751,678,,,6,4,,,3,,,,,2,2,,,7,,,,,
670000038751,679,,,1,2,3,,,,2,,2,2,,,,4,,5,,4,
670000038751,680,15,,,,,,,,,10,,10,10,,20,10,,,,,
670000038751,681,,5,20,15,,,,,,20,,,20,,15,4,,,,,5
670000038751,682,,,,5,,,,,,,,,,,,,,,,5,
670000038751,683,,,,,4,,,2,,,,,,,,,4,,,,
670000038751,684,,,,,,,,,2,2,1,,,,,,,,,,
670000038751,685,,1,,,,,,,,,,,,,,,,,,,
670000038751,686,,,15,,,,3,,12,,,,,,,,,,,,
670000038751,687,,5,,16,,,5,2,,,,,25,10,15,,,,,,
670000038751,688,,,,680,,,,,,,80,10,50,30,280,50,,,,,
670000038751,689,,10,,10,,,,,,,,,20,,10,,,,,,
670000038751,690,,,,,,,,1,,,,,,,,,,,,,
670000038751,691,,5,,10,,,,,,,,,6,,,,4,,,,
670000038751,692,,,2,,4,,,,,,1,,,2,,1,,,,2,
670000038751,694,10,,14,,5,,10,10,,,10,,30,,,,,,,,
670000038751,695,,10,,15,,,,,,,,,10,,11,,,,,,
670000038751,696,10,25,,55,,,,,,18,,,30,,,16,,,10,10,
670000038751,697,,40,20,120,,170,,,,,,,10,50,,140,340,,,,
670000038751,699,,,,,,,,,,,,,,,5,,,,,,
670000038751,700,,,,,,,,,,,,,3,,,,,,,,
670000038751,701,2,5,,7,,,10,,,,,,10,,6,,5,4,2,,6
670000038751,702,,,1,6,,,3,,,,,,,,,,,,,,
670000038751,703,5,10,,,,5,5,5,,,,,,5,10,,3,,7,,
670000038751,704,,,4,12,,2,,,3,,,,3,,,,,3,,,3
670000038751,705,3,7,,,,10,,10,,,4,,,5,,3,2,,,2,
670000038751,706,,,,,3,,10,,,,,,,,,,,,,,
670000038751,707,,,,,,,,10,,10,,,,,12,,,,,,
670000038751,708,8,5,20,20,15,12,20,5,5,6,,24,16,18,25,,10,13,10,3,
670000038751,709,5,,20,10,,20,20,,,,,20,10,,10,,,,1,17,
670000038751,710,1,,2,,,2,,4,,,,2,,,,,1,,1,1,
670000038751,711,,,,15,,,20,,,,,,,,,,,5,11,-1,
670000038751,712,,,,,10,,,,,,,,10,,,,,,,,
670000038751,713,,,,,,,,1,,,,1,,,,,,,,,
670000038751,714,,,10,,,,,,,,,,,,,,,,,,
670000038751,715,,4,,,,,,,,,,,,,,,,,,,
670000038751,716,,2,,,,,,,,,20,,,,,,,,,1,
670000038751,717,,9,,,,,,,,,3,,,,,,,,,,22
670000038751,718,,,,,,7,,5,,,,,,,,,,,,,
670000038751,719,,5,,,,,,,5,,,,40,,,,,,,,
670000038751,722,30,,30,40,,,,10,10,,10,,30,20,40,,,,,10,
670000038751,723,2,,,,,2,,6,,5,,,,,,,,,,,
670000038751,725,3,,,,,,,,,,,,,10,2,1,2,2,7,3,
670000038751,726,1,,,,,,1,,,,,1,,1,,2,,,,,1
670000038751,727,,,,,,,5,,,,,,5,,,,,,,10,
670000038751,728,,,,5,,,,,,,,,,,,,,,,,
670000038751,729,,5,,6,,,12,,,2,,,5,,,3,10,,,1,3
670000038751,730,1,12,10,8,,4,,4,,4,,7,20,,4,,,,8,,
670000038751,731,,,,,,,1,,2,,,,,,,,,,,,
670000038751,732,,,1,2,,4,1,,,,,,3,2,2,,,,,,3
670000038751,733,,,,10,,,,,,,,,,,,,,2,,,
670000038751,734,,6,,,,,,,,,,,,2,,,,,,,
670000038751,735,6,8,15,30,,,,,,9,0,,7,10,,,,17,6,,4
670000038751,736,,,,,,,,,,,,1,,,4,,3,,,,
670000038751,737,2,111,,26,,15,,,,,,,,2,,,,,3,,21
670000038751,738,,,,,,,,,,,,,,,2,,,,,,
670000038751,739,,,10,40,,,,,10,,4,5,7,3,40,-20,,12,10,20,
670000038751,740,10,,,10,,,,20,,10,,,10,,,,,,,,5
670000038751,741,,,,,,,,,,0,,,,,,,,1,,,1
670000038751,742,5,,1000,3800,,,,,,,20,,180,800,600,2800,,,,,1000
670000038751,743,,,,,,,,,,,,,100,400,,1800,600,,,,
670000038751,744,,,1,,,,,2,,,,,,1,,,,,,,
670000038751,745,,500,200,1200,,,,,,,,,400,200,600,700,,,,,
670000038751,746,1,,,4,,3,,,,,,,,,,,,,,,
670000038751,747,,,40,340,,,,,,,30,20,100,150,,100,,,,,
670000038751,748,,,,,-30,,,,,,8,,,,40,,,,,,
670000038751,749,,100,,600,,,,,,,,,,,,200,,,,,
670000038751,750,,,25,10,,15,10,10,,,,,,,,5,,4,,3,
670000038751,752,,10,7,5,15,,,,2,,,,7,24,,,15,,10,3,15
670000038751,753,,,,,1,2,,,,,,1,,,2,,,,,,
670000038751,754,,,,,,,,,,,,,20,3,50,,,,,,
670000038751,755,,10,20,10,18,,,,,,,,10,,10,,,,18,5,
670000038751,756,,0,10,10,,9,,,,,,,10,6,6,2,,3,6,,3
670000038751,757,3,,4,5,,,,,4,,,,4,,,5,,2,,6,
670000038751,758,,,,10,,,10,,10,,,,,10,,10,,,,10,
670000038751,759,,,,,,10,,,,,,,10,10,12,,,,,,
670000038751,760,,,10,,,,2,,,,,,5,5,,,,,,,
670000038751,761,,10,,,10,,,,,,,,10,10,,,,,10,,
670000038751,762,,,2,,3,,,,3,,,,2,8,,,,5,,,
670000038751,763,,,,10,,,,,,,,,10,,6,,,,,,5
670000038751,764,5,10,5,,18,10,,5,5,,,,7,10,12,10,3,11,5,5,5
670000038751,765,,,10,75,,47,,,,,,,10,10,,,,,,,
670000038751,766,,,,10,,,,,,,,,2,,,,,,,,
670000038751,767,,,3,,,,,5,,,,,2,,,,2,4,,,
670000038751,768,,13,,5,10,,,,,,,,,10,5,,,,,,
670000038751,769,,,,,,,6,,4,,,,,10,,,,,2,,
670000038751,770,,,15,97,,,,10,30,,10,20,55,20,35,30,30,,10,10,90
670000038751,771,,10,15,20,,8,1,10,5,,,,,,,,,,,,
670000038751,772,,,,,,,,,,,,,,10,10,,,,10,,
670000038751,773,,,,,,,,,,,,,,3,,,,,,,
670000038751,774,,,,,,,,,,,,,,1,,,,,,,
670000038751,775,,2,,4,,,3,2,,,,,,,,,,,,,
670000038751,776,,8,20,,5,,6,2,3,,,,,12,9,,,1,,7,6
670000038751,777,,,,,,,,,,,,,,4,,,,,,,
670000038751,778,,,,,,,,,,,,,,,,4,,,,,
670000038751,780,,20,40,,5,,20,,,,,,,,,,,,,20,
670000038751,781,,,,,,,8,62,27,,,,,,38,33,40,,0,1,
670000038751,782,,40,75,180,,50,30,40,20,,,,,,10,,60,,,50,70
670000038751,783,6,,,11,,,,,,,,,,,,3,,,,,
670000038751,784,,,,,,,4,,,,,,,,,2,,,2,,
670000038751,785,,,5,,6,3,8,3,6,,,,,,,2,,5,1,5,1
670000038751,786,,,,17,,,,,,,,,,,,,,,,,
670000038751,787,,,,10,4,,,2,,,,,,,,,,,,,
670000038751,788,,,50,130,,,,,0,,,,,,,,,,,,
670000038751,789,26,35,58,146,,,,,,,,,,,,,50,16,90,60,53
670000038751,790,,,10,,,,,,,,,,,,,,,,,,
670000038751,792,,12,,6,,,,1,,,,,,,,,,,,,
670000038751,795,100,30,130,1330,,,,,,,,,,,,,,,70,110,80
670000038751,796,,,4,4,,10,,,,,,,,,,,,,7,1,1
670000038751,797,10,17,,,30,,10,10,10,,,,,,,,,,,,5
670000038751,798,128,110,,155,,,15,,15,,,,,,,,,,2,120,
670000038751,799,,,,,,,,5,,,,,,,,,,,,,
670000038751,800,25,,5,,,,40,,,,,,,,,,,,3,,5
670000038751,801,,2,10,10,5,,20,,,,,,,,,,,,,,5
670000038751,802,,,,,,,,3,,,,,,,,,,,,,
670000038751,803,,,,,,,,,,,,,,,,,,,,,7
670000038751,804,,,,,3,,,,,,,,,,,,,,,,
670000038751,805,,,5,6,6,7,,5,4,,,,,,,,,,,,
670000038751,807,,,,,,1,,,3,,,,,,,,,,,,
670000038751,808,5,,,,,,,,,,,,,,,,,,,,
670000038751,809,,5,,12,,4,,,2,,,,,,,,,,,,4
670000038751,810,,3,,,3,,,3,,,,,,,,,,,,3,
670000038751,811,,10,-10,,,,,,,,,,,,,,,,,,
670000038751,812,,,,,2,,,,,,,,,,,,,,,,
670000038751,814,,1,5,,4,5,,3,,,,,,,,,,,,,
670000038751,815,,,,,,2,,3,,,,,,,,,,,,,
670000038751,817,,,,5,,,,,,,,,,,,,,,,,
670000038751,818,10,,2,5,,,,2,2,,,,,,,,,,,,
670000038751,819,,,,,,,,,,,,,,,,,,,,,1
670000038751,820,,,,,2,,6,7,,,,,,,,,,,,,3
670000038751,821,,,,3,6,,2,,,,,,,,,,,,,,
670000038751,822,,,,9,,,,4,,,,,,,,,,,,,2
670000038751,823,,6,,20,,,,,,,,,,,,,,,,,
670000038751,824,50,20,20,40,,50,,,,,,,,,,,,,,,
670000038751,825,0,,6,3,10,,15,8,5,,,,,,,,,,,,
670000038751,826,,,,,,,,1,3,,,,,,,,,,,,
670000038751,828,40,,60,95,,,,,,,20,5,155,70,40,10,,10,10,20,
670000038751,829,,,,1618,-768,,,,,,30,20,30,30,20,140,,,,,70
670000038751,830,,,15,,,,10,,,6,6,,,10,15,,,,,,
670000038751,831,,,84,,,,,12,0,,,,,,80,,,,,,
670000038751,832,5,,,,,,,5,,,,,,,,,,,,,
670000038751,833,5,,,,3,,,,,,,,,,,,,,,,
670000038751,835,2,,1,3,,1,,,,,,,,,,,,,,,
670000038751,837,,,10,,,,,,,,,,,,,,,,,,
670000038751,838,,5,,,,,,,,,,,,,,,,,,,
670000038751,839,,10,,15,,10,20,10,,,,,,,,,,,,,
670000038751,840,,1,3,1,,4,,,,,,,,,,,,,,,
670000038751,841,,70,,30,,,,,,,,,,,,,,,,,
670000038751,842,,20,,15,15,,,,,,,,,,,,,,,,
670000038751,843,,15,,,2,,5,,,,,,,,,,,,,,
670000038751,844,,10,,40,,,,,,,,,,,,,,,,,
670000038751,845,,,,20,,,,,,,,,,,,,,,,,
670000038751,846,,10,,10,,10,,10,5,,,,,,,,,,,,
670000038751,847,,4,,,,,,,,,,,,,,,,,,,
670000038751,848,,,8,5,,,,,,,,,,,,,,,,,
670000038751,849,,,20,20,,,,,0,,,,,,,,,,,,
670000038751,850,,,,,2,,,,,,,,,,,,,,,,
670000038751,851,,,32,5,,,,,,,,,,,,,,,,,
670000038751,852,,,5,,,,,,,,,,,,,,,,,,
670000038751,853,,,5,,,5,5,,,,,,,,,,,,,,
670000038751,854,,,,,,,,3,,,,,,,,,,,,,
670000038751,855,,,10,,,,,,0,,,,,,,,,,,,
670000038751,856,,,20,15,,,3,10,10,,,,,,,,,,,,
670000038751,857,,,5,,,,,,,,,,,,,,,,,,
670000038751,858,,,65,103,,,,60,50,,,,,,,,,,,,
670000038751,859,,,2,,,,,,,,,,,,,,,,,,
670000038751,860,,,,11,-1,,,30,,,,,,,,,,,,,
670000038751,861,,,7,,,8,6,,,,,,,,,,,,,,
670000038751,862,,,,,1,,,,,,,,,,,,,,,,
670000038751,863,,,3,3,3,3,,2,2,,,,,,,,,,,,
670000038751,864,,,,10,,,,20,,,,,,,,,,,,,
670000038751,865,,,,5,,,,,,,,,,,,,,,,,
670000038751,866,,,,3,,,,,,,,,,,,,,,,,
670000038751,867,,,,30,,,,,,,,,,,,,,,,,
670000038751,869,,,,4,,,,,,,,,,,,,,,,,
670000038751,871,,,,10,,,,,10,,,,,,,,,,,,
670000038751,873,,,,15,,,,,,,,,,,,,,,,,
670000038751,874,,,,8,,,,5,,,,,,,,,,,,,
670000038751,875,,,,,,,30,20,30,,,,,,,,,,,,
670000038751,877,,,,40,,,16,16,10,,,,,,,,,,,,
670000038751,878,,,,4,,,5,,,,,,,,,,,,,,
670000038751,879,,,,5,,,,,,,,,,,,,,,,,
670000038751,882,,,,,2,,,,,,,,,,,,,,,,
670000038751,883,,,,,,12,,,,,,,,,,,,,,,
670000038751,884,,,,,4,,5,,,,,,,,,,,,,,
670000038751,885,,,,,1,,,6,,,,,,,,,,,,,
670000038751,886,,,,,3,,,,,,,,,,,,,,,,
670000038751,887,,,,,,,10,,,,,,,,,,,,,,
670000038751,888,,,,,,2,,,1,,,,,,,,,,,,
670000038751,890,,,,,1,10,,,,,,,,,,,,,,,
670000038751,891,,,,,2,,0,,,,,,,,,,,,,,
670000038751,892,,,,,6,,,,,,,,,,,,,,,,
670000038751,893,,,,,6,,,,,,,,,,,,,,,,
670000038751,894,,,,,,20,,,,,,,,,,,,,,,
670000038751,896,,,,,,10,,,,,,,,,,,,,,,
670000038751,897,,,,,,5,,1,,,,,,,,,,,,,
670000038751,898,,,,,,20,,,,,,,,,,,,,,,
670000038751,899,,,,,,12,,8,,,,,,,,,,,,,
670000038751,900,,,,,,,10,,,,,,,,,,,,,,
670000038751,901,,,,,,,,2,,,,,,,,,,,,,
670000038751,903,,,,,,,5,,,,,,,,,,,,,,
670000038751,904,,,,,,,2,,,,,,,,,,,,,,
670000038751,905,,,,,,,5,,,,,,,,,,,,,,
670000038751,906,,,,,,,2,,,,,,,,,,,,,,
670000038751,907,,,,,,,,5,,,,,,,,,,,,,
670000038751,909,,,,,,,,10,,,,,,,,,,,,,
670000038751,910,,,,,,,,10,,,,,,,,,,,,,
670000038751,912,50,,520,,,20,100,,,,60,,280,200,,,90,,50,,200
670000038751,913,,,,40,,,,,,20,,,,12,,20,,90,,,
670000038751,914,,,,,,,,,,,,,,,,4,,,,,
670000038751,915,20,40,,80,,,,0,0,,,20,40,,80,,,,,,
670000038751,916,,,,,,,,,,6,,,,,,,,,,,
670000038751,917,,,,100,,,,,,,,,120,,160,,,,,,
670000038751,918,,,,,,,1,,,,,,,,,,,,,,
670000038751,919,,,,10,,,,,,,,,10,,,,10,,,,
670000038751,920,,20,,40,,,,,,,,10,,,20,,10,10,,20,
670000038751,921,,,,,,,,,,,,,,,,,,,,,4
670000038751,922,20,,100,,,,,,,,20,,35,,,,20,,,,20
670000038751,923,,,,,,,,,,,,,1,,,,,,,,
670000038751,924,40,40,80,120,,20,40,80,80,40,20,20,100,100,,,,,20,20,40
670000038751,925,,,,,130,,,,,,,,,,,,,,20,,
670000038751,926,,40,,,,,20,,,20,,,40,,40,,,,,20,
670000038751,927,,,,,,,,,,,10,,,,,,,,,,
670000038751,928,,,,,,,,,,,,,,,,,,,,,31
670000038751,929,,,,,,,,,,,,,,,,,,,,,160
670000038751,930,,,,,,,,,,,,,,,,,,80,,,150
670000038751,931,,40,40,40,,,,,0,,,,40,,40,,,,,,20
670000038751,932,10,,,,,10,,,,10,,10,10,,10,,10,,,10,
670000038751,933,,,,,,,,,,,,,,20,,,,,,,
670000038751,934,,,,,,,,,,,,,,,,,,,,,150
670000038751,935,,,,20,,7,,10,,,,10,10,34,,,,40,,,
670000038751,936,,,,,,,,1,,,,,,,,,,,,,
670000038751,937,,,,,,,,,,,,,,,160,,,,,,
670000038751,938,,,,,,10,20,,10,,,,,,,,,,,,
670000038751,939,,,40,40,,,,,,,,,,,,,,30,,,20
670000038751,940,,,270,,,,,,,,,,,,,,,,,,
670000038751,941,,,,,,,,,,,,,4,,,,,,4,,
670000038751,942,,,40,,,,,,,,,,,20,,,,20,,,20
670000038751,943,,,,,,,,,5,,,4,,,,,,,,,
670000038751,944,,,20,,,,,,20,,,,,,,,,,,,
670000038751,945,,,,,,13,,,,,7,,,34,,,,14,,,17
670000038751,946,20,100,90,40,40,,,,,10,20,20,40,,40,20,60,20,30,50,
670000038751,947,,,,,,,,,,,,,,90,60,,,,,,
670000038751,948,,,,,,,,,,,,,,100,,30,,,50,50,
670000038751,949,,,,,,,,,,,,,,24,,,,,,,
670000038751,950,,,,,,,,,,,,,,,,,,,10,-10,
670000038751,951,,,40,,,,,50,,,,,,,,,,,,,
670000038751,952,,,,,5,,,10,,,,,,,,,,,,,
670000038751,953,,,,40,,,,,,,,,,,,,,,,,
670000038751,954,,,,3,,,,,,,,,,,,,,,,,
670000038751,955,,,,,,,,,30,,,,,,,,,,,,
670000038751,956,,,,,,,2,,,,,,,,,,,,,,
670000043392,1,,,4,,2,,2,,2,,,,,,,,,,,,
670000043392,2,3,,,,,,,,,,,1,,,4,2,,3,1,,
670000043392,3,10,15,31,10,30,10,20,10,20,15,20,20,47,15,50,20,,20,15,15,10
670000043392,4,20,,20,,30,0,,40,,,20,20,20,20,20,20,,10,30,,
670000043392,5,,5,,10,10,20,,10,,,,10,10,20,20,,20,,,5,5
670000043392,6,20,,20,50,,30,,20,30,30,,30,40,20,30,70,,,30,,20
670000043392,7,,20,15,60,,,20,35,,20,40,,40,30,40,40,40,,40,,
670000043392,8,10,,50,40,20,,20,10,40,40,20,30,20,30,20,20,20,70,40,,
670000043392,9,,,,,,,,,,,4,,,,10,,,,,,7
670000043392,10,,,5,,20,,,3,3,,,,15,10,30,,,,14,,
670000043392,11,,,2,4,,,,1,,4,,,6,6,3,2,,4,2,4,
670000043392,12,10,15,,10,,,,,,,10,,15,,30,,,5,,,
670000043392,14,,,15,,,,,12,,,20,,,15,,,,,,10,
670000043392,15,,,,,,,,,14,,,,,,,,,,,,
670000043392,16,,10,,20,,10,,10,,20,,,10,10,20,,,10,,10,10
670000043392,17,10,,,,10,,,,,,,,10,,10,,,,,,
670000043392,18,,,,,,,,,,30,,,,,,,,,,,
670000043392,19,4,14,15,15,10,,12,12,2,4,3,4,8,8,3,2,6,12,2,,2
670000043392,20,,10,10,15,,,,,,5,,,4,4,,6,,8,,,
670000043392,21,1,,,,,,,,,,,,,,,,3,,,,
670000043392,22,10,,,34,,,,,0,,10,,10,,10,,,10,,,3
670000043392,23,5,,23,,,,,,,,,,,,3,,,6,,,
670000043392,24,,13,,10,,,8,,5,,13,,8,,13,,,4,,5,5
670000043392,25,,15,,10,,,,,,,,,,,,,5,3,,8,5
670000043392,26,15,30,,20,,20,,,,,,,10,5,20,,20,,5,,
670000043392,27,,,,,15,,,8,2,,,,,10,,,,,,1,9
670000043392,28,25,30,25,200,,,,,,,,,40,20,60,150,,,25,45,25
670000043392,29,10,,10,20,,7,,10,0,,10,,10,10,,,30,,,,
670000043392,30,20,,,30,,,,,,,,,10,10,20,,,,,,
670000043392,31,,,,,,,7,,,,,,,,,,,,,,
670000043392,32,5,,,6,,4,,5,,,6,,,4,4,3,2,,6,,1
670000043392,33,,10,,,,15,10,,15,10,,,10,10,10,,,,,20,10
670000043392,34,,7,,6,,,,,10,3,2,,,,,,8,,,,
670000043392,35,,3,,,1,1,,,2,,1,3,2,2,1,,4,1,,1,
670000043392,36,,,10,,,,,20,,,,10,,,,10,,,10,,10
670000043392,37,,,,30,,,,,,10,,,10,10,,,,5,,10,
670000043392,38,,,9,5,8,,6,,5,,,,,6,7,3,,,6,,6
670000043392,39,5,,20,10,,,,5,10,,10,15,,10,15,,,6,10,10,
670000043392,40,5,,20,10,,,4,5,,,,,15,14,,,,,,,
670000043392,41,13,,15,25,5,,7,10,,,10,5,10,8,15,,3,,12,3,16
670000043392,42,5,,,,,10,,,,,10,,,,,,,,10,,
670000043392,43,,,20,20,,20,,,20,20,,,20,20,,,20,,,,20
670000043392,44,30,,30,20,,10,10,10,,10,,20,20,5,40,40,,,5,,
670000043392,45,,20,,20,,,,20,,20,,,30,20,,,,,20,,40
670000043392,46,10,,20,,,30,,,,20,,,10,,5,,20,,,,20
670000043392,47,10,10,20,120,,,,,,,25,,20,25,10,,10,10,,20,
670000043392,48,30,20,10,20,30,10,10,20,,10,20,,50,10,30,30,20,,10,10,10
670000043392,49,5,,,,,,3,,7,,,,,,,5,,,,,
670000043392,50,,4,,10,,,6,,,,,,,,,,,,,,3
670000043392,51,3,,,,,,,,2,,,,5,,,,4,,,,
670000043392,52,,,,200,,,,,,,,10,60,20,220,,,,,,
670000043392,53,,,,,2,,4,,,,,5,,,,,,,,,
670000043392,54,,4,,,,,,,,,,,3,3,,,5,,,,
670000043392,56,,6,,,,,,,,,2,,,,,,,6,4,,
670000043392,57,,20,30,50,,,10,20,10,,,2,40,20,20,50,,,,20,10
670000043392,58,,,,2,,,,,,,,,,,,,,,,,
670000043392,59,,,20,,,,,,,,,,,,,,,,,,
670000043392,60,,40,40,70,,,,0,0,20,10,40,60,30,30,130,,,,,
670000043392,61,,,,,,,,,,,,,,,,,,6,,,
670000043392,62,10,,,,,,7,,,,,2,,4,,5,,,,,
670000043392,63,,,,10,,,,10,,,,,,60,,,,,,,
670000043392,64,21,11,24,22,14,17,21,14,16,14,14,24,29,22,34,7,19,16,19,23,5
670000043392,65,,,3,,3,,,,,,,,,,,,,,,5,
670000043392,66,130,80,330,940,,,,,,,,150,330,250,200,150,700,-200,,80,100
670000043392,67,,,,,,,2,,,,,3,,5,,,,,,,
670000043392,68,,,,,,,,,,2,,,,4,,,,,,,
670000043392,69,20,10,10,,,,20,20,40,,,,60,,,10,,20,,,
670000043392,70,,20,,130,,,,,,,,,25,10,50,10,,,,,
670000043392,71,,9,,9,,,10,,,,4,5,8,,4,,,,,8,
670000043392,72,,8,5,13,,5,,10,,,,8,15,,15,,,,5,,5
670000043392,73,,,,,,,8,4,,,,10,15,,,,,5,,5,
670000043392,74,2,,1,,1,2,,2,,,,,,2,3,,,,3,3,
670000043392,75,,7,,10,6,,,,,10,7,,16,,10,,,10,,6,8
670000043392,76,10,,30,30,,,,,,,,10,20,5,10,,,,20,,
670000043392,77,,10,,2,10,,,10,5,,,3,5,,,,,,,,
670000043392,78,,,,,2,,4,,,,4,,3,4,3,,4,8,,4,
670000043392,79,23,,,2,30,,,,32,,,22,30,,,,,44,,,
670000043392,80,,20,,,,,,,,,,,10,,,5,10,,,,
670000043392,81,,20,,20,,,,10,0,,,,20,,20,,,,,,10
670000043392,82,,,6,,,,,,,,10,,,16,,,,,,,
670000043392,83,,15,,10,,10,,,10,5,,,10,30,13,,,,5,10,
670000043392,84,,15,,,20,,,10,,,10,10,40,,,,,,20,,15
670000043392,85,,12,,,9,,5,3,5,,5,10,7,,10,,,8,,5,
670000043392,86,,,,,,,,,,,20,10,80,60,110,,,,20,40,80
670000043392,87,,20,,,,,,5,,10,,,,,,,10,,,,
670000043392,88,,15,,,10,,,20,,20,,10,10,10,10,,10,10,10,20,
670000043392,89,200,400,800,600,,,,,,410,120,300,490,250,600,500,,,,180,170
670000043392,90,,,,,14,,,,,,,,,,,2,,4,,2,
670000043392,91,,,,10,,,,,,,,,,,,,,,,,
670000043392,92,5,,14,12,,,,,0,,,,13,,16,,,,2,,
670000043392,93,,,,20,,,,,,,,,,,,,,,,,10
670000043392,94,,,13,,17,,,8,,,7,5,,,14,,5,,,5,
670000043392,96,,,20,,20,,,,,,20,,10,10,10,20,,,,,
670000043392,97,,,,,,,,20,,,,,20,,40,,,,,,
670000043392,100,,,,10,,,,,,,,,,,,,,,,,
670000043392,101,2,,2,,,,,,,,2,1,,4,2,,,2,3,,2
670000043392,102,,,,30,,,,,,,10,,20,10,40,,,10,,,
670000043392,103,,,20,10,,,,,,,10,,10,10,10,10,10,10,,,10
670000043392,104,2,13,,55,,,,0,0,,,,12,,17,,,,10,,10
670000043392,105,3,,,4,,3,,,3,,,,,,1,4,,,,,
670000043392,106,5,5,5,6,10,,6,,8,,,3,5,,,,5,6,10,,5
670000043392,107,,,8,5,,,6,,6,3,,,5,,,7,,6,,,
670000043392,109,,,5,,,,,,,,,,3,8,15,,,,,,
670000043392,110,,10,,,,4,4,,,3,,4,16,,27,,,,,10,3
670000043392,111,20,10,10,20,7,,,,,10,20,10,10,20,,,5,5,15,10,
670000043392,112,5,10,,10,5,7,1,10,4,6,4,2,20,20,,,10,5,,5,
670000043392,113,5,,1,,2,,,2,,,,3,5,,2,3,6,,,4,
670000043392,114,,,,,,,5,,,,,,,,,,,,,,
670000043392,115,,8,,5,,,,,2,,,,10,,10,5,7,,,,
670000043392,116,10,10,,,,,20,,,,,10,10,,20,,,,,,
670000043392,117,,,,,,,3,,,,,,,,,,,,,,
670000043392,118,,,,1,,,,,,,,,,,,,,,3,,
670000043392,119,6,10,,,,,,5,,,,,,5,,,,5,,,
670000043392,120,,,150,300,,,,,,,,25,200,170,150,,,,,,
670000043392,121,,,,15,,,,10,,,,,20,,10,,,,,20,
670000043392,122,,,12,,,,,,,,,,20,,10,,,,,,
670000043392,123,,,20,,,,,4,,,6,,14,,,,,5,,,7
670000043392,124,,,16,11,,,,9,,,,,,,,,,,,,
670000043392,125,,,25,,,,,,,,,,20,10,,,,15,,,
670000043392,126,,,1,,,,1,4,,,,,,,1,,1,2,,,
670000043392,127,,,,,,,2,,1,,,,3,,,,1,,,,
670000043392,128,30,50,50,60,20,20,40,40,30,20,30,40,60,30,40,30,30,50,20,20,30
670000043392,129,20,30,30,40,10,10,10,20,10,10,30,20,20,20,40,,10,10,10,20,10
670000043392,130,80,50,100,50,100,30,50,100,30,100,,30,130,20,100,50,10,70,80,70,
670000043392,131,,,50,,,,,,2,,,,20,,,,,,,,
670000043392,132,,,,7,6,,,,5,,,,,,5,,,,5,,
670000043392,133,,10,10,,,,10,20,10,,,10,10,10,10,,10,,,,20
670000043392,134,,20,,,10,20,,10,,10,,10,20,10,20,,,,10,,10
670000043392,135,7,,5,6,5,3,3,6,5,6,2,4,3,6,,1,8,1,3,3,3
670000043392,136,,40,80,80,,,,,,,,,50,50,110,,,,,,
670000043392,137,,,13,,,,,,,,,,,,15,,,,,,
670000043392,138,,,4,,,2,,4,,,,,3,,,,2,,,,6
670000043392,139,6,19,,18,15,8,5,1,12,,10,6,11,23,10,,,7,14,8,5
670000043392,140,30,10,20,40,,20,,30,,,,10,40,40,40,,,,,30,
670000043392,141,,20,20,,,,,,3,,,4,30,,5,,,,17,,5
670000043392,142,3,,10,,,,,,,,10,,,,,,,,2,,3
670000043392,143,,,,,,1,,,3,,,,,,,,,,,,
670000043392,144,10,60,,,,,,,,,,,20,,,,,,,10,
670000043392,145,,7,,,,5,,,7,,,,10,,,,10,,,,
670000043392,146,,6,,18,,,,,5,5,10,,4,11,,,3,8,-2,7,8
670000043392,147,,10,,20,20,,10,,10,,,10,30,,20,10,10,10,,10,20
670000043392,148,,,5,,,,,5,,,,,10,,,,,10,,,
670000043392,149,10,8,4,24,,,,10,,10,,5,15,10,15,10,10,10,10,,
670000043392,150,,20,,20,,,10,5,5,,,5,15,,15,,,10,,10,10
670000043392,151,10,,50,60,,,,10,20,,,,40,40,85,,,,10,10,20
670000043392,152,6,17,,17,5,26,16,,10,10,5,,,,10,,12,5,15,,10
670000043392,153,,,5,10,,,7,5,,13,5,,10,5,19,,,18,,2,10
670000043392,154,,,,5,,,,,,,,,10,,10,10,,,10,5,
670000043392,155,,4,6,2,1,13,,,3,,,3,4,,,4,3,3,,4,
670000043392,156,,20,,40,,,,30,30,,10,,30,,,30,,10,20,,
670000043392,157,,,,,3,,,,5,,,,,,,,,,,,
670000043392,158,,,,13,,,,2,8,,10,,,5,,,,,,,
670000043392,159,40,70,60,240,,,,,,,,,50,45,310,,,,,,
670000043392,160,,,,,2,,,,,,,3,,3,12,,,,,,
670000043392,161,3,4,,,,,8,,8,,10,,,,,,,,11,,
670000043392,162,,,,5,,,,,,2,3,,2,,2,,,,,1,2
670000043392,163,6,,8,,3,,10,5,10,5,,10,,14,,5,,5,11,,
670000043392,164,2,2,7,,,,3,2,,,1,,1,2,,,3,,1,,
670000043392,165,3,10,6,11,5,10,,14,,14,,9,17,,5,,6,10,,6,7
670000043392,166,,,,,,,,,,,,,,,,,,,3,,
670000043392,167,5,30,,100,,,,,,10,10,,20,25,30,,,,,,
670000043392,168,,20,,30,,,,,,,,10,30,20,,,20,,20,,
670000043392,169,10,,,,,,20,,,,,,10,,20,,,,,,
670000043392,170,,15,10,60,,,,,,,,,10,15,20,,,,,,
670000043392,171,,,,5,,,10,,,,,,,3,,,10,,,,
670000043392,172,10,,20,,,,,,20,,,,,30,10,13,,20,30,,15
670000043392,173,20,20,40,20,30,10,20,30,20,20,10,10,30,20,20,30,20,10,30,20,20
670000043392,174,,,,10,,10,,,,,5,5,5,5,5,,,,,,2
670000043392,175,2,,,13,,,,,,,,,2,,,2,,,2,2,
670000043392,176,,,,18,,,,,,,,,9,,2,,,,,,
670000043392,177,2,,9,20,,,,,5,3,,10,15,,,,20,,,3,
670000043392,178,,10,30,30,30,,20,10,20,10,10,10,40,20,30,20,,10,20,10,20
670000043392,179,,20,,,,,,,,,,,,,,,,,,,
670000043392,180,3,,,10,,,,,10,4,,,4,3,,,4,,,3,
670000043392,181,,15,,30,,5,,10,,10,,,20,20,20,10,,5,5,20,10
670000043392,182,,20,10,20,5,,10,8,7,,10,,10,20,20,,10,10,,,10
670000043392,183,,,2,,,,,,2,,,,,,,,,,,,
670000043392,184,10,,10,20,,,,,,,20,,10,,10,10,,10,10,,10
670000043392,185,,5,5,10,,15,,20,,5,,5,5,10,5,5,,10,,6,190
670000043392,186,5,,18,4,,,,8,,,7,2,20,,10,,,,,,
670000043392,187,2,,,3,,,,,,2,,2,,2,3,2,,,1,,1
670000043392,188,20,10,25,70,5,5,3,5,7,40,,5,35,15,24,23,5,5,60,5,10
670000043392,189,,,5,30,10,0,,,,10,,7,10,15,40,,,,,,10
670000043392,190,,10,5,20,,,,,,,,,25,10,5,,,,,,
670000043392,191,,20,,40,,,,0,0,,,3,10,10,32,,,,,,
670000043392,192,,,5,,4,,,,10,10,2,,10,,5,,,5,,4,
670000043392,193,10,,,,10,,1,10,,10,,,,,,,3,,3,10,
670000043392,194,15,,10,15,10,,4,15,7,15,,,14,10,20,,17,-7,10,5,
670000043392,195,,,,,,,,,,,,3,8,,,,5,,3,,3
670000043392,196,,,,17,,,10,,,,,,,,10,,,10,,10,
670000043392,197,,10,,10,,,,4,4,,1,2,10,,,6,1,8,,6,
670000043392,198,20,20,20,65,,,20,17,10,10,12,14,35,35,10,16,21,12,23,20,10
670000043392,199,,,15,,,,,,,,,,10,,,,,,,8,
670000043392,200,,,4,2,,,,3,,,4,,,,,,,,3,,
670000043392,201,10,,,20,,10,10,10,,,,,10,10,20,,,,10,,
670000043392,202,10,,10,,,,,,20,,,,10,,,,10,,,,
670000043392,203,,,,14,,,,,,,,,,,,7,,,2,5,
670000043392,204,5,15,12,,10,5,8,3,8,6,5,2,12,,12,3,2,11,7,8,5
670000043392,205,,8,,,,,,,,5,,,,4,,5,1,,,,
670000043392,206,5,50,50,80,,,,,7,5,15,10,45,25,80,,,,,5,8
670000043392,207,10,30,,66,30,20,11,10,20,10,10,20,30,35,10,60,10,10,10,20,20
670000043392,208,8,,30,40,,,,16,,,7,,15,22,46,,,10,,,6
670000043392,209,,7,,2,,,5,,,5,,,2,,,4,,2,,,
670000043392,210,,,10,40,,,,,,,,,10,15,20,,,,5,,
670000043392,211,,,,5,,,5,,5,,10,20,,,,,,,,,20
670000043392,212,3,,5,20,,,,,4,,,,12,,10,2,1,,3,,
670000043392,213,,,,,,,6,,5,,,8,,3,,5,,3,10,,
670000043392,214,20,20,10,40,10,10,40,10,10,30,,20,40,20,,30,10,20,10,30,10
670000043392,215,30,30,62,70,15,30,7,17,20,16,4,6,35,,68,2,6,11,18,25,22
670000043392,216,10,30,,,,,,,,,,,20,,10,,10,,,,
670000043392,217,,,,,,,,,,,7,6,9,10,5,16,16,6,12,6,12
670000043392,218,,,2,,1,,,,,,,,,2,,,,,,,
670000043392,219,,20,,,,,,5,,6,,7,,5,,7,,4,12,2,
670000043392,220,,10,,,,,,,,,,,,,,,,,,,
670000043392,221,,,,3,,4,,,,,,,13,,,,,,,,1
670000043392,222,,13,,,,,,2,,2,,2,10,,,,,,3,2,
670000043392,223,13,10,9,15,,8,24,,15,8,,14,20,20,10,2,18,10,8,23,9
670000043392,224,2,24,19,52,2,7,10,3,4,19,16,15,6,6,2,34,1,13,6,5,16
670000043392,225,20,30,120,390,,,,,,,,,360,100,,550,,,,,
670000043392,226,,,,2,,,,,,,,,1,,,,,,,1,
670000043392,227,8,,2,22,,8,14,,3,,3,2,8,7,15,,,,7,5,2
670000043392,228,,13,,15,,,,,,,7,,10,,4,,4,,4,,2
670000043392,229,,7,,10,,,7,,,8,7,,11,9,3,,,6,,5,
670000043392,230,4,,20,10,,,,,7,,10,,20,,13,,,7,,,6
670000043392,231,,,,15,,,,10,,,,,10,,,,10,,,,
670000043392,232,30,,30,80,,30,20,50,20,40,,10,30,25,20,35,,35,40,10,25
670000043392,233,,30,,5,,,18,,,,,,20,,10,,,10,,,10
670000043392,234,,,2,,,,2,,,,,,,,,3,,,,2,
670000043392,235,,,5,2,,10,,,5,3,,,3,2,2,,,5,,,7
670000043392,236,2,5,1,3,,2,,3,,2,,2,,,,,3,,,,
670000043392,237,,20,,5,,,,,,,,,11,,4,,,,,,
670000043392,238,,14,,10,15,,,,,,,7,16,,14,,,,,,
670000043392,239,6,,,,4,4,4,,,5,,3,3,2,,,4,7,,5,
670000043392,240,,10,,10,,,,,,,,,10,,5,,,,10,,
670000043392,242,15,20,5,17,,10,10,6,5,8,4,9,27,10,10,,5,11,10,3,4
670000043392,243,,,,3,,4,1,,,,2,2,,3,,2,,2,,,
670000043392,244,,,10,10,,,,,,5,,,5,,10,10,,,,5,
670000043392,245,,,,30,,,,,,,,,,10,20,,,20,,,30
670000043392,246,,10,,,10,,,,10,,,1,7,12,,,,,5,,
670000043392,247,20,,20,10,10,10,,10,10,,10,,30,20,20,,,20,,10,
670000043392,248,10,19,40,40,10,,2,24,8,15,24,15,20,35,19,,26,19,8,21,20
670000043392,249,5,,17,,,4,7,5,5,9,,,22,10,10,,,5,8,6,7
670000043392,250,,,8,10,,,,,,,,4,6,,11,,,2,,3,4
670000043392,251,,,40,40,10,,20,20,20,,,,170,,,,,,,,20
670000043392,252,,,7,28,,,,,,,,2,3,,30,,,,,,
670000043392,253,,15,,5,10,0,,,10,5,,15,,15,,10,,15,,15,10
670000043392,254,,,,4,,,,,,,,,,,,,,,,,
670000043392,255,,,,6,,,5,,4,,,,20,,,,,,,,
670000043392,256,10,10,10,30,,10,15,20,,,5,14,20,10,20,,20,10,5,20,10
670000043392,257,6,5,7,,,4,,8,,,,5,4,,5,,4,,,,
670000043392,258,,20,,30,,,,,,,,,30,,,,,,7,9,2
670000043392,259,,,,,,,,,,,,,,,3,,,,,,
670000043392,260,,10,,,20,,,,,,5,,10,,20,,,,,,10
670000043392,261,5,,10,10,10,,,10,,,10,10,,,10,,,,4,,4
670000043392,262,,,6,,,,,7,,2,,,,,4,3,,,,,3
670000043392,263,20,8,15,8,5,2,10,5,5,13,10,2,25,15,19,5,10,15,,12,17
670000043392,264,,3,15,14,3,2,6,10,7,3,1,12,17,10,3,3,9,7,7,,12
670000043392,265,,,,,,,6,,,,,,,,,,,,,5,
670000043392,266,10,,15,5,,,15,,,7,10,,30,,,5,,15,,,
670000043392,267,,,,,,,,,2,,,,,,,,,,,,
670000043392,268,,,,40,,,,,,,,,,,,,,,,,
670000043392,269,,10,,,,10,,,,,,,10,,10,,,,,,
670000043392,270,3,,16,6,,0,,,5,,,3,5,,,3,7,,2,,2
670000043392,271,10,,10,33,,,6,12,0,,9,,9,15,9,10,,10,,14,
670000043392,272,,,17,9,,,16,,,,,,,,,,,,7,,10
670000043392,273,,,,,,,,,,3,,,24,,,,,,,,
670000043392,274,,,15,,,,,,,,10,,20,15,20,5,,25,12,10,15
670000043392,275,,,,,,,,2,,,,3,,,,3,,,,1,
670000043392,276,5,20,5,20,8,5,,5,15,,10,5,20,20,25,18,,7,6,15,5
670000043392,277,,,40,10,,,,,40,20,20,,40,40,40,70,,,,,
670000043392,278,20,20,25,60,25,,20,30,10,20,20,20,40,20,10,40,10,20,10,20,10
670000043392,279,,16,,17,5,,,7,5,10,5,,13,20,,2,10,,5,,5
670000043392,282,,,,1,2,2,1,,,,,,,6,10,10,,,,,
670000043392,283,,4,6,5,2,,3,5,7,2,2,2,15,7,5,2,4,,4,4,6
670000043392,284,,,,8,,10,,,15,,,,5,15,,,,,,,10
670000043392,285,10,,10,10,,,10,,,,,10,20,,10,,,,,,
670000043392,286,,,,5,,,,,,,,,11,,5,,,,5,-5,
670000043392,287,5,,,,,,,,,,,,,,,,,4,,,
670000043392,288,,10,,55,15,,,,,3,10,,10,,10,,,6,5,,10
670000043392,289,3,,12,10,,,10,,,10,,,10,,10,3,10,,7,8,12
670000043392,290,7,15,,12,,3,5,10,13,,,,12,10,,,3,8,2,11,
670000043392,291,,,30,20,,,,,,,,,30,,30,,,10,,,20
670000043392,292,,,7,,,10,,3,18,,10,,15,,,,5,,,10,
670000043392,293,,15,,,,,,8,,4,,,1,5,4,,,,8,,
670000043392,295,,,,,4,,8,5,,,,,,,,,,,9,,
670000043392,296,10,,,20,,,,,10,,15,,10,20,10,,,,10,10,
670000043392,297,,5,,,,5,,,,5,10,,,10,,5,,,5,,
670000043392,298,,15,,20,20,,,,,,,14,10,,5,,7,8,10,,10
670000043392,299,10,10,,10,20,,10,,10,10,,10,20,,10,,10,10,10,10,10
670000043392,300,,6,,6,,,1,2,,,3,,10,7,17,,,,,,
670000043392,301,6,,20,20,,,,20,,,,6,20,,35,,,20,,,10
670000043392,302,,,,8,,10,,,,10,,,15,,8,,,,,,14
670000043392,303,,10,,10,,,,,10,,,,,8,,,,5,,,5
670000043392,304,30,210,50,527,,,100,60,60,,,,30,20,,,,,,,
670000043392,305,,8,,,,10,,0,,,,,25,,,10,,,,20,
670000043392,306,,,,3,3,,,,,,,2,,2,,,,,2,,2
670000043392,307,7,,12,,1,5,3,,7,,5,5,16,,,6,,5,4,,3
670000043392,308,,,,,,,,,,2,,3,4,,,,5,,,,
670000043392,309,,6,,6,,,9,,,,,5,5,,,,,,,,
670000043392,310,,7,,3,,5,,2,,,,10,,3,2,,6,,,,
670000043392,311,,,15,,2,,,10,,,,5,15,,5,,,10,,,5
670000043392,312,,16,12,28,23,,,6,,20,12,10,17,19,17,,,17,,15,19
670000043392,313,,,,10,,,,,,,,,,,,,,,,,
670000043392,314,,,,,,,,,,,,,6,,,,,,,,
670000043392,315,23,10,22,40,30,,,20,15,,5,10,25,15,32,,,7,12,11,
670000043392,316,,,10,10,,10,,,,5,10,,10,,10,,10,5,,5,15
670000043392,317,,,6,8,,,,3,2,,3,3,3,,4,,7,,,,
670000043392,318,,,3,,,,,,,,,,,,4,,,,,,
670000043392,319,,,,11,,,,,,,,5,10,,,,,,,,
670000043392,320,,15,,,10,,,,10,,,,,,,,,10,,5,
670000043392,321,,,5,,,,8,,12,,,,,14,,,3,,,,
670000043392,322,,,22,8,,,,,,,,,,27,,,,8,,10,1
670000043392,323,,,,,,,3,,,,,8,,,12,,,,,,9
670000043392,324,,,8,,,,,,,,,,10,,,,,,,,
670000043392,325,,10,,15,,,,10,,,4,,8,14,,13,,5,5,,10
670000043392,326,,15,,,,,,,7,,,,,,7,,,6,,,
670000043392,327,,,15,,,,,4,,,,,,,,,,,,,
670000043392,328,,10,,25,,,,,,,,,,,40,,,,,,
670000043392,329,5,10,,,6,10,,,10,5,19,1,10,10,,,10,5,,5,5
670000043392,330,12,10,20,,,4,10,5,5,,4,10,30,10,6,12,7,12,,10,5
670000043392,331,20,,,20,,,,,20,10,,10,20,,,20,10,,,,10
670000043392,332,,,7,,,2,,,,,6,2,,,,,2,2,,3,
670000043392,333,20,,20,20,30,20,,,30,10,,20,20,8,20,,20,,,10,20
670000043392,334,9,12,31,18,,,,,,,9,,8,5,6,,7,,8,18,
670000043392,335,5,,,,5,,5,,,,3,,5,,,,,,5,,
670000043392,336,16,18,40,100,,,,,0,16,9,10,25,32,90,,,,0,10,14
670000043392,337,,,,20,,,,,8,5,,,10,,60,,,,,,
670000043392,338,,10,30,60,,,,,,,,,10,,50,,,,,,
670000043392,339,4,1,,5,5,4,2,,3,1,,4,7,5,,3,5,,5,3,
670000043392,340,30,10,10,30,,,10,10,,10,10,10,10,10,30,,,20,,,
670000043392,341,,1,3,,,,,,,,1,,1,1,2,,1,,3,,
670000043392,342,,,,,,,,,,,,,,,,,,,7,,
670000043392,343,,10,,,,,,,,,,,10,,,,,,,,
670000043392,344,20,40,40,60,,,,20,,40,10,20,40,40,40,40,,,,,
670000043392,345,5,2,8,7,2,7,,,5,,5,,9,6,2,3,,5,4,,
670000043392,346,,,3,,,4,,6,,,,,4,,7,,,,,3,
670000043392,347,7,,,,,,,6,,,,,,5,,5,,,10,-5,
670000043392,348,2,,,,13,,,1,2,,10,3,9,,7,10,,8,,12,
670000043392,349,20,31,60,170,20,10,10,50,10,10,20,20,42,16,50,50,,10,10,8,10
670000043392,350,3,,3,6,,,,,,,5,1,,,1,4,,,2,,
670000043392,351,1,3,2,20,,,,,,,3,,7,,19,,,,,,4
670000043392,352,10,,10,10,10,10,,,30,30,20,,20,20,10,10,20,15,20,20,20
670000043392,353,5,5,9,2,7,6,2,,2,,2,4,1,6,,4,4,2,4,6,4
670000043392,354,,5,,,,15,,,20,,10,,3,,10,,,3,,,10
670000043392,355,,,,,,10,,,,,,,,5,,,,,,,
670000043392,356,,,,,,,,,10,,,,,,,,,,,,
670000043392,357,3,,5,10,,,5,2,,,,5,,3,5,5,,,6,,
670000043392,358,30,40,100,300,,,,,,,,,40,70,50,100,,,30,40,20
670000043392,359,,10,20,20,,,,10,,,,,20,,30,,,,,,
670000043392,360,2,,5,,,,1,,,,,,7,,6,,2,,,3,
670000043392,361,80,20,203,210,,,20,20,20,20,20,20,100,90,40,160,,40,40,60,30
670000043392,362,,30,20,30,,10,,20,10,20,10,13,40,20,20,30,10,,10,20,20
670000043392,363,5,,,10,,,,,5,,,,,6,6,,10,,,,
670000043392,364,10,,10,10,,5,5,10,10,15,,5,5,25,,,,10,5,20,5
670000043392,365,,,15,,,,,,,18,,,30,10,60,,,,,,
670000043392,366,,,10,80,,,,,,,,,10,20,,,,,10,,10
670000043392,367,,,10,10,10,10,5,10,,,10,6,7,15,10,10,10,10,,10,10
670000043392,368,,,5,3,,5,,,,,,5,,,5,,,5,,,
670000043392,369,,,,10,,,,,2,,,,,,,,,,,,4
670000043392,370,,,,,,,,,,10,,,10,,20,,,,,,
670000043392,371,,,,15,,,,,5,,,,7,,15,3,,,6,10,
670000043392,372,15,10,,8,25,,,,10,10,20,,10,,,10,,10,2,5,
670000043392,373,,,,30,,,,,,20,,,30,,20,,,,,,20
670000043392,374,,,,,,,,,,,,,,,200,,,,,,
670000043392,375,,10,10,20,,10,,,10,,,,20,10,5,,5,15,10,,
670000043392,376,4,,5,,7,,,,,3,,,,,,,,1,,1,3
670000043392,377,5,20,,20,25,,5,,,,,5,10,,10,,10,,20,,
670000043392,378,10,,,10,,,5,,,10,,5,6,4,,,,10,,,
670000043392,379,,,,15,,,,,,,,,10,,20,,,,,,
670000043392,380,,,,5,,,,,,,,,,,,,,,,6,10
670000043392,381,5,,10,,,,15,,,,,,5,,,,10,,,,
670000043392,382,2,,16,,,,,,,10,,,,13,,,,,,,3
670000043392,383,2,,3,,,,2,,,,,,,3,,,,2,,,2
670000043392,384,,,8,10,,,,,,7,,,6,,5,,,,,5,10
670000043392,385,,5,,30,,,,1,4,,,10,11,,23,,,,,,6
670000043392,386,,12,,15,,10,,,,,,4,5,6,15,,,7,,2,3
670000043392,387,1,,,3,,6,,8,,5,,,,4,,4,5,2,,9,
670000043392,388,4,1,3,3,1,,2,1,,1,,,2,,2,4,,2,2,,8
670000043392,389,4,15,,,12,,,,,10,,,,,10,,,,10,,
670000043392,390,,,10,10,,,,,,10,,,,,10,,,10,,,10
670000043392,391,,10,,20,,,,,,,,10,15,,20,,,,14,,
670000043392,392,8,4,2,2,,,6,5,,7,,,,,2,2,,,5,,
670000043392,393,,,,20,,,,2,8,,,,12,,,,,,,2,
670000043392,394,,,,10,,,,,,,,,,10,,,,,,,
670000043392,395,6,10,,,14,,13,2,,7,,4,16,,,,7,5,7,,5
670000043392,396,,10,18,18,,,,,5,10,10,,15,10,25,,,10,10,,10
670000043392,397,3,,14,8,,,,,,,4,,15,,8,,,3,,,6
670000043392,398,4,,7,17,,2,,9,8,3,,2,15,,10,,,,,,10
670000043392,399,,,28,40,,,,,,4,3,,,2,3,12,,,8,5,18
670000043392,400,2,,10,10,,,,10,,,5,5,14,5,15,,,,,,
670000043392,401,50,40,30,60,60,40,40,60,40,30,40,40,100,60,50,60,60,40,,70,40
670000043392,402,45,20,10,160,,,,,10,,20,40,100,-17,,30,,,40,30,30
670000043392,403,,,,,,,,10,,,,,,,,,,,,,
670000043392,404,10,,,,2,5,8,,4,1,6,7,4,4,3,5,6,3,,,4
670000043392,405,6,,,18,,,,,10,4,,6,,5,15,,,,8,,5
670000043392,406,10,70,100,170,,,,,,,,5,75,78,80,30,,,,20,10
670000043392,407,8,15,,38,,6,6,9,12,5,,7,25,10,25,5,,10,10,9,6
670000043392,408,7,2,7,6,2,8,17,,8,10,4,6,18,6,13,9,6,,8,4,
670000043392,409,,,17,20,,,,,,,,2,15,,,8,8,,,10,
670000043392,410,,,12,,,7,,6,9,,9,,13,9,,,7,,,8,3
670000043392,411,5,10,,,,,,10,,,,,,,,10,,,,,
670000043392,412,30,60,360,,,,,,,30,20,30,200,60,10,150,,,,,
670000043392,413,,,,17,,,,20,,5,7,,13,,52,,,,,,
670000043392,414,,5,7,15,5,3,5,10,5,10,2,10,10,10,5,5,10,,10,,25
670000043392,415,40,60,40,120,,50,20,40,10,80,30,60,80,60,90,,,20,60,,40
670000043392,416,,,40,1070,-460,,,,,30,25,36,60,40,70,360,,,,10,110
670000043392,417,,,,15,,,,,5,,,10,,20,,,,,,,
670000043392,418,10,30,170,20,10,,20,10,,,20,50,130,70,,,,20,,10,10
670000043392,419,10,,,,,,,10,,,10,,10,,10,,,10,,,10
670000043392,420,,,4,,,,4,1,2,,4,,,1,5,,,,,,2
670000043392,421,,5,,,5,,,,,,,,10,,20,,,5,,,
670000043392,422,,20,,15,20,,13,10,,8,5,,25,,20,,20,,,,20
670000043392,423,,,9,,,,,,,,,,,,,2,,,,,
670000043392,424,,2,2,11,,,,,,2,,2,3,,2,4,,,,4,2
670000043392,425,9,10,30,35,5,,17,20,,,7,5,30,25,20,,,13,6,19,5
670000043392,426,,,,60,,,,,,,,,38,10,80,,,,,,
670000043392,427,15,,10,20,,,10,,10,,10,10,10,,40,,,,10,,
670000043392,428,,40,,90,50,,,,,,,,40,,10,,,20,20,,20
670000043392,429,,,400,200,,,,,,20,60,10,100,200,600,,,,,,
670000043392,430,15,18,10,100,15,,,,,10,28,20,40,21,35,,,20,,22,
670000043392,431,,,,170,,,,,,,,,,,200,,,,,,
670000043392,432,5,6,12,26,,,,,,,10,,,14,16,,,4,,12,
670000043392,433,,,,,,2,1,,,,,,,1,1,,1,3,,,
670000043392,434,,,,,,,,0,,,2,,,5,,,,,,,
670000043392,435,,,20,20,,,,10,10,10,,,10,10,30,,,10,,,10
670000043392,436,,15,,20,,,,5,,,8,,17,,16,,,,,,
670000043392,437,3,1,,,,,,,,,,,3,,,,,,,,
670000043392,438,,10,,,15,,10,15,,,10,,10,5,10,,,15,10,,10
670000043392,439,,1,,,,,,,,,,,,,,,,,,,
670000043392,440,23,8,14,38,3,,,8,18,2,14,6,12,5,18,,8,13,6,4,6
670000043392,441,10,,,,4,,5,10,,,6,,10,,10,,,,,,5
670000043392,442,7,,20,,,20,,20,,,,,20,,20,,,,,,
670000043392,443,,,,21,11,,,,,,,,15,,,,,,,,
670000043392,444,,10,,20,,,,,10,,,20,,,20,,,,,,
670000043392,445,20,,17,13,20,,,10,10,,10,20,20,,,20,,,22,,
670000043392,446,,10,,5,,,,,3,,5,8,5,10,,,,,,,
670000043392,447,6,,,25,,,,,,,,,4,,,,,,,,
670000043392,448,5,,20,10,,,,,,5,,4,5,,20,,,,,,
670000043392,450,,,40,,,,5,,,,6,7,,,15,,,,10,,10
670000043392,451,7,17,,,,10,3,10,,,5,5,10,,5,,5,,10,,
670000043392,452,6,,6,12,10,7,12,,7,,9,,6,,6,,7,3,5,,5
670000043392,456,,,,,,,1,5,,,,,,,,,,,,,
670000043392,457,,,2,,,,5,,,,9,,,,,,,,,,
670000043392,458,,20,,40,,,,,,,20,,20,20,20,,,,20,,20
670000043392,459,,,,,,,,,,,,,,,,,,2,,,
670000043392,460,5,20,,5,17,0,15,,10,10,10,10,10,10,20,,,,5,,10
670000043392,461,20,,,60,,,,,,,,,20,40,,,,,20,,
670000043392,462,,,,30,,,,,,,10,,10,,,10,,,,,10
670000043392,463,10,10,30,100,,,,,,,,,30,20,50,,,,,,20
670000043392,464,,,,,,,,,,,,,,,,,3,,,,
670000043392,465,,,,20,,,,,,10,,,,,,,,10,,,5
670000043392,466,,15,15,12,,,,15,,,2,,13,,17,,,,15,,
670000043392,467,,10,10,,,,,5,,,,5,,,10,,,,,,
670000043392,468,,12,,,15,10,,6,,10,,9,,16,10,,,,,,
670000043392,469,,20,,10,,,6,,,,,,15,,20,,,,,,
670000043392,470,,,,15,,,,,10,,,,,,5,,,,,20,
670000043392,472,2,,,,,3,,,,,,,,,,,,,,,
670000043392,473,,,,15,,,,15,,,10,,,15,15,,,,,16,
670000043392,474,10,,5,,10,,10,,10,,,,20,,,,10,,,,
670000043392,475,4,,10,50,,,,,,12,,,15,10,15,,,,,,4
670000043392,476,3,,,,,,,,,4,,3,,3,2,4,,,1,,
670000043392,477,,,,15,,,,,,1,2,,10,,3,,,,,,2
670000043392,478,15,,25,,15,10,2,10,,,5,10,5,25,,,10,,11,,7
670000043392,479,8,50,50,,,,,,,10,12,4,15,5,40,,,4,12,,
670000043392,480,,,,10,,,,,20,,,,16,,16,,,,12,,
670000043392,481,,,,2,,,4,,,,,,2,,,,,,,,
670000043392,482,36,50,69,50,27,24,38,12,26,26,31,24,41,20,39,33,29,19,20,32,39
670000043392,483,,,20,,,10,,,,,,10,20,,,10,,,10,,20
670000043392,484,,50,,,,,,,,10,,10,30,,,,,10,10,10,
670000043392,485,,6,,10,,,,,,,,,,10,3,,,,,,
670000043392,486,10,15,10,15,,25,10,10,,,15,,20,15,10,,20,10,10,,10
670000043392,487,2,,6,,,,,1,5,,,,2,,,,,,9,,
670000043392,489,,,20,10,,30,,,,10,,,10,20,20,,,,30,,10
670000043392,490,3,,4,,,,,12,,,,2,1,,7,,,,,,
670000043392,491,,10,10,50,,,5,10,5,,8,13,5,25,,2,10,10,4,15,4
670000043392,492,,,,,,,10,,,,,,10,16,,,,,,,20
670000043392,493,,,40,,30,,10,50,,,10,,30,40,60,5,,,40,,
670000043392,494,,,,,6,,,,,3,,,,,,,,,,,
670000043392,495,4,,,,2,1,,,,,,,,,,,,2,,,
670000043392,497,,8,,6,,,,,,2,,,14,,,,,,,,
670000043392,498,6,,8,12,,,10,,,,,,,,,,,,,,
670000043392,499,20,,40,20,,,,,,,,,,,,,,24,30,10,
670000043392,500,,,15,,,,,,,,,,,,,,8,,,,3
670000043392,501,,,12,,,10,,,,,,2,,7,2,,10,,,,
670000043392,502,,10,,15,,,,,,,,,10,10,,,,,,,
670000043392,503,,,,,,,,,,24,22,20,58,12,,,,,,,
670000043392,504,10,,40,40,,,,,,,,,,,,,,,,,
670000043392,505,,1,9,7,5,11,7,6,4,4,4,5,4,5,9,5,,4,6,3,8
670000043392,506,,,,,,15,,,,,,,,,,10,,,,,
670000043392,507,3,,5,10,5,,5,4,6,2,7,,2,11,4,5,3,6,,3,
670000043392,508,100,150,65,347,,10,60,80,30,20,70,70,170,80,40,200,,10,110,60,20
670000043392,509,15,,20,12,,,10,,,,,5,15,,,,,12,,14,
670000043392,510,,2,,4,,,,,3,,,,4,,,2,,,,,
670000043392,511,10,,10,,,,10,,,15,,,20,,,15,,,,,
670000043392,513,10,15,,20,,,,10,,,,,,10,10,,,,10,,10
670000043392,514,,,,,6,,,,,5,,,5,5,,,5,,,,5
670000043392,515,,,,3,3,,,,5,3,,,,3,2,8,4,8,5,,
670000043392,516,,17,,,,,,,,,,5,,10,,10,,,,,
670000043392,517,,3,3,,5,1,,,3,,,,,3,,,,5,,,
670000043392,518,,,,,,,,,,,,4,,,,,,,,,
670000043392,519,10,15,15,20,,20,15,,10,20,15,20,20,40,,,20,10,10,10,
670000043392,520,2,2,,41,,,,,3,,3,2,,1,1,,,,4,,
670000043392,521,12,12,23,34,,,11,13,,32,8,,45,12,27,27,10,10,21,11,16
670000043392,522,6,,,,,,,,,3,,,,12,12,,,,3,,
670000043392,523,,12,,50,,,,,,,,,20,,21,,,,19,,
670000043392,524,7,,13,8,0,,,5,,,5,4,15,,9,,8,6,5,,8
670000043392,525,,10,10,10,,,,,,6,3,5,22,8,,7,,10,5,8,10
670000043392,526,2,,1,,2,80,,40,2,,2,,1,,,1,,,,,2
670000043392,527,5,,,8,,7,,3,3,2,2,,4,5,5,,4,6,,,1
670000043392,528,,10,20,30,,,,,,,,5,10,10,40,,,,,10,
670000043392,529,4,16,,13,,10,,10,13,7,,3,13,18,,5,,4,5,6,7
670000043392,530,2,10,7,60,,,5,12,1,9,7,7,20,20,30,,20,3,16,10,9
670000043392,531,,,6,5,,,10,,,,,,,,,,15,,,8,
670000043392,532,6,,35,40,,,10,,,,20,,,20,10,,10,10,8,5,15
670000043392,533,10,,,15,10,10,10,15,5,15,5,10,25,8,10,10,,10,5,15,10
670000043392,534,174,128,131,897,,,,,90,98,73,124,239,180,199,234,,67,108,99,178
670000043392,535,10,16,7,15,25,7,15,25,10,10,6,14,20,15,14,23,10,5,22,15,13
670000043392,536,2,6,,2,,3,3,,,,,10,,6,2,,3,,4,,
670000043392,537,,,10,,,6,,10,,10,,,,,,5,,5,,,6
670000043392,538,,,,1,4,,,,,,6,4,,,,,,1,,10,
670000043392,539,,,20,,,,,,,,,20,,25,,,,,,,10
670000043392,540,,,40,70,,,,30,,160,120,75,215,170,70,350,30,110,,,
670000043392,541,,8,,,6,,,,8,4,1,,5,4,3,5,1,5,,2,
670000043392,542,20,20,,,10,10,20,,20,5,,10,30,,15,,20,,10,10,
670000043392,543,10,40,,,,,,,,,,,10,,30,,,,,20,
670000043392,544,52,,,,4,,5,,9,,10,1,10,,10,80,,,0,,
670000043392,545,10,10,10,10,,,10,,20,10,,,15,5,20,,,5,5,5,5
670000043392,546,6,13,15,11,25,,,2,10,9,3,9,10,12,25,,10,11,8,7,
670000043392,547,11,,15,,3,7,9,3,5,5,,3,,15,,8,7,5,16,4,
670000043392,548,,30,30,70,,,,,10,,,,70,20,30,,10,20,20,10,
670000043392,549,10,,,,10,,10,,,,20,,,10,,10,,10,,10,
670000043392,550,20,,10,30,10,,,,,,10,,20,10,30,,,30,,,20
670000043392,551,,,,10,,10,,,,,,,,7,,,,,5,,
670000043392,552,,12,10,50,,,,,,,6,6,15,10,45,,,,,,
670000043392,553,15,,15,10,20,10,15,25,,15,,15,10,15,25,5,15,25,10,10,5
670000043392,554,3,,,9,4,,8,,5,5,5,5,7,5,2,5,3,3,6,3,7
670000043392,555,20,,10,,,10,,20,,20,20,,40,,,30,,,,10,
670000043392,556,,20,10,,,,,7,,,10,,15,,,10,,,10,,10
670000043392,557,5,5,20,,,,,10,,5,,,,12,5,6,,10,2,,
670000043392,558,,,11,3,4,,15,6,,9,,,10,10,5,,,8,,2,5
670000043392,559,10,,68,62,,,20,20,20,,,,30,20,15,,17,20,10,20,
670000043392,560,2,,,,,,,,,1,,,3,0,,,,,,,1
670000043392,561,10,10,5,10,,10,10,,10,,3,,10,,,,5,5,,,10
670000043392,562,,,40,,20,,10,10,20,,,,10,30,10,10,,,10,20,10
670000043392,563,,8,10,8,2,2,10,4,,5,,1,11,2,3,3,4,,1,2,4
670000043392,564,,5,20,,20,,,20,,,,,20,,5,,,10,5,,10
670000043392,565,,10,,10,,10,,10,,,,,10,10,10,,,,,10,
670000043392,566,,50,170,200,,,,,60,,,,,50,80,30,,,20,50,
670000043392,567,,20,,20,20,,10,20,20,10,,5,10,20,25,,,,20,,
670000043392,568,4,,2,4,5,7,3,,3,1,,1,1,,3,,3,1,3,2,
670000043392,569,12,2,,15,,3,,5,1,6,,8,7,8,3,8,,4,5,4,3
670000043392,570,,,,20,,,,,,,,,10,,20,,,,,,
670000043392,571,1,,3,,1,3,,3,,2,2,,3,,5,5,,2,5,,1
670000043392,572,4,,6,,6,,,,3,,,3,7,7,,1,,,,,
670000043392,573,,,3,,,3,,,4,10,,,,,,,,10,,7,
670000043392,574,,,20,10,10,20,10,10,,20,,20,50,,,30,,20,,30,
670000043392,575,,,7,,,,,,,,,,15,,,,,,,,
670000043392,576,3,5,20,15,,,12,,5,2,5,1,14,13,2,10,8,5,10,3,3
670000043392,577,,6,,12,,,,,,,,,,,10,,,,2,,
670000043392,578,10,,,23,,7,5,5,,,10,5,,,5,,2,10,,,5
670000043392,579,,,,2,,,2,,,,,,,,,,,,4,,
670000043392,580,,,,,,5,,,,,,,,,,,10,,,,
670000043392,581,,,,,2,,,1,,,1,,,,,,2,,1,,
670000043392,582,,,18,,,,,,,,,,3,9,,,,,10,,
670000043392,583,,,,13,,8,,5,,,,,,,,,,7,,,
670000043392,584,,,6,20,,,,12,,,,,20,13,,,,,4,,12
670000043392,585,,,,2,,,,,,,,,2,,,,,,,,
670000043392,586,,,3,,,,,6,,,,,,,,,,,,,3
670000043392,587,,5,,,2,,,,2,,,,,1,,,,,1,,
670000043392,588,5,25,,25,,,15,,,10,,20,15,15,25,15,,5,15,5,10
670000043392,589,,,,,6,,,3,,,,,3,,,3,,,,,1
670000043392,590,,,,2,3,,,6,,,8,,,,,,5,,,,2
670000043392,591,1,,,2,,2,3,,,1,,,,,,1,1,,3,,1
670000043392,592,2,,1,4,,2,1,,,,,,4,,1,2,2,,1,,
670000043392,593,,,,,8,,,,,,12,,,,,7,,,,4,
670000043392,594,,,10,,,,,0,10,,10,,10,,,,10,,,,8
670000043392,595,6,15,10,20,,5,,,12,14,13,1,15,10,13,5,,5,5,,8
670000043392,596,,,,15,,,,,,,,,,10,,,,,,10,
670000043392,597,15,20,13,85,10,,,,5,20,9,15,15,18,12,20,,32,10,12,15
670000043392,598,,,,20,,,,,,,,,,30,-10,,,,,,
670000043392,599,,5,,,10,10,,,,,,,,,,,,10,,,
670000043392,600,3,2,,,,,,1,,,,,,,2,,,,,,
670000043392,601,,,,5,,,,,,,,,5,,,,,,10,,
670000043392,602,,,,6,,,,2,,,,,2,,4,,,,,,4
670000043392,603,,,3,,,,,,,,,,,,,,,,,1,
670000043392,604,,10,,10,15,,,,,,,,10,,15,,,,,,
670000043392,605,,,,,2,3,,,,,,4,5,5,,,,,,,
670000043392,606,,,,,,,,,,,,,,,,6,,,0,,
670000043392,607,10,7,7,32,,,8,11,4,2,,7,9,8,10,,9,,5,2,5
670000043392,608,,,,,,,,,,,,,,,,,,,2,,
670000043392,610,,,20,,5,,,10,,,,,15,,15,,10,,5,6,
670000043392,611,2,5,4,,,10,,,3,,3,,2,,,4,,5,,2,
670000043392,612,,6,,,,3,,,,,,,10,,,,,,3,,
670000043392,613,3,,,,5,,,,,,,2,,,2,,,4,,,
670000043392,614,,10,17,,,25,,10,,10,5,,10,,20,,,,,5,10
670000043392,615,8,,,12,,,15,,,,,10,,21,,,10,,8,,7
670000043392,616,10,,10,15,,,,,,,14,,,,13,,5,,,8,
670000043392,617,,,1,,1,,,,,1,,,1,,1,,,1,2,,
670000043392,618,5,,12,20,20,,,,10,,,10,10,10,20,,,,,10,
670000043392,619,,,17,,,20,,,20,,,5,10,10,30,,,,,10,
670000043392,620,,,5,,,2,,2,2,10,,,,4,,,,,5,,
670000043392,621,,,,1,,,,,,,,,,,,,,,,,
670000043392,622,,,7,,,,10,,,5,,,15,,,,,,,,4
670000043392,623,5,15,5,7,,,,,,,,,15,,,,,,,,
670000043392,624,,2,3,3,,,4,2,,,,,2,2,,,,2,1,2,
670000043392,625,,10,30,60,,,20,20,30,20,10,,40,20,100,10,,,,20,20
670000043392,626,,,4,,,1,,,,3,,,,2,,,3,,,,1
670000043392,628,,4,,,4,,,,,,,4,,,4,,,,,,
670000043392,629,5,3,8,7,,3,3,5,5,,2,,3,6,,4,,1,2,4,2
670000043392,630,,12,,,,,7,,,,,,,,,,,,,,
670000043392,631,15,10,,,,,,10,,,,10,,,20,,,,,,
670000043392,632,5,,,1,,2,,,,,3,,3,,2,1,,,2,,
670000043392,633,,2,8,17,12,,4,3,10,116,32,305,194,14,431,350,6,14,50,102,8
670000043392,634,,5,30,,,,15,,,,,,16,13,15,,,,10,7,5
670000043392,635,,,5,,,3,,,,,1,,,,,,,,,,
670000043392,636,,12,7,35,,,,10,40,5,,2,15,5,13,15,5,,5,22,5
670000043392,637,,,,,,,,,,,,,,1,,,,,,,
670000043392,638,,,15,,,,,,,,,,,,,,,,,,
670000043392,640,,15,,20,,,,,3,,15,,,10,,10,,,,10,
670000043392,641,18,,,15,,,,10,,,10,,10,20,,10,,,10,,
670000043392,642,,,5,,5,,4,,,,,,,1,1,,4,,,,
670000043392,643,4,,10,,,,3,3,,,2,,10,5,5,,,10,,,5
670000043392,644,,3,,2,,3,,,,,1,7,,,,,,3,4,1,
670000043392,645,,,,,,,,,,,,5,,,,,,,,,
670000043392,646,,30,,80,,,,,,10,20,,10,20,,,20,20,,20,
670000043392,647,,,30,,10,,10,5,10,,30,,,15,,,10,,10,,25
670000043392,648,,,,,,,10,,,,,,,,,,,,,5,
670000043392,649,,6,,10,,,,,2,,,,6,,,,,,4,,6
670000043392,650,5,,10,7,,4,10,,8,,,,13,10,,,5,,8,,9
670000043392,651,,2,14,,,4,,,2,2,,3,3,,,,3,,2,,3
670000043392,652,,15,,10,,,,4,4,1,3,3,5,3,15,,,,,10,
670000043392,654,,,,,,,,,2,,,,,,,,,,,,1
670000043392,655,30,,,30,,,,,,,,10,10,20,20,,,10,10,,
670000043392,657,,10,,36,30,,,,,,,,6,11,,,,,,,
670000043392,658,15,25,,32,10,8,,20,2,20,8,12,15,15,25,10,,10,5,37,
670000043392,659,20,,10,20,,10,,20,10,5,,10,15,,15,,10,10,10,,10
670000043392,660,3,10,,15,,10,10,10,,,5,,6,,5,,2,4,,5,2
670000043392,661,,,,25,,,,,,20,,5,,10,10,,10,20,,,20
670000043392,662,2,,10,,,,,,,,,,15,,,,,,,,
670000043392,663,,,,,10,,,,,,,,,5,,,,,,,10
670000043392,664,,,10,,,10,,,,,,,,10,,,,,,,
670000043392,665,,,,,,,,,,,,,10,,,,,,,,
670000043392,666,,1,,,5,2,,2,,,4,,,,,,1,,,1,
670000043392,667,5,,,11,,,5,,,14,,,20,,,,,,,8,
670000043392,668,,20,10,40,,,,30,10,20,,,30,10,,,,,,,20
670000043392,669,10,,20,25,,,,,,,10,,10,,20,,,10,,10,
670000043392,670,20,,,40,,,,,,18,8,17,41,30,90,0,,,,,
670000043392,671,,,3,,10,,,,,,3,,1,,3,,1,,3,3,4
670000043392,672,,,9,8,,,,,,,,,,8,,,,,,,
670000043392,673,,,10,30,,,10,,,,,,,,,,,,,,
670000043392,674,,,,,,2,,,,,,,,,,,,,,,
670000043392,675,,10,,15,,5,,,,,,5,5,,10,,,10,10,,
670000043392,676,10,5,10,45,,,,0,,5,,,17,5,30,,,5,,10,
670000043392,677,6,7,,22,,,,,,,,6,,,15,,,,,2,
670000043392,678,,,,3,,,8,,,,,8,15,,,3,,,,,
670000043392,679,,,3,,3,,,,,,2,2,,,,,,5,,6,
670000043392,680,20,,,,,,,,,10,,10,30,,10,10,,,,,
670000043392,681,,10,15,15,,,,,,20,,,20,,,9,,,,,5
670000043392,682,,15,,20,,,,,,,,,,,,,,,,5,
670000043392,683,,,,,2,,10,,,,,,,,,,,,,,
670000043392,684,,,,,,,,,6,,1,,,19,,,,,,,
670000043392,685,,3,,3,,4,,2,4,,,1,,2,,,,2,,3,
670000043392,686,,,10,,,,5,,3,,,,,,,,,,,,
670000043392,687,3,10,,7,,,,3,,,,,5,5,8,,,,5,,
670000043392,688,,,,570,,,,0,,,10,10,30,10,170,40,,,,,
670000043392,689,,10,20,10,,,,,10,,,,30,,20,,,,,,
670000043392,690,,,5,,,,,,,,,,,,,5,,,,,
670000043392,691,1,15,,15,,,,,,,,,14,,,,8,,,,
670000043392,692,1,,5,,4,,2,6,,4,1,,1,,,3,,,,1,5
670000043392,693,,,,,,,,,,,,,2,,,,,,,,
670000043392,694,,,6,,,,,13,,,5,,10,,,,,,,,
670000043392,695,,10,,15,,,,,,,,,10,,6,,,,,,
670000043392,696,3,5,10,40,,,,,,,,,5,,,1,,,4,3,
670000043392,697,10,40,,145,,,,,,,10,20,30,10,,100,,,10,,
670000043392,698,,,,,,1,,2,,,,,,,,,,,,,
670000043392,699,,,,20,,,,,,,,,,,20,,,,,,
670000043392,700,,,,,,10,,,10,,,,17,,,,6,,,,
670000043392,701,,15,,10,,10,,5,,,,,10,10,10,,,10,,,14
670000043392,702,,,5,,,10,,,,,,,,,,10,,,10,,
670000043392,703,,10,,,5,,,8,,,,,15,,,,3,,14,,
670000043392,704,,,12,18,17,,,,8,,,17,20,,,,,9,,,5
670000043392,705,9,11,,,,2,,,,,3,,,4,,,5,3,,2,
670000043392,706,10,10,,20,15,,,,0,,,,20,,20,,,20,,,
670000043392,707,,,,,,,,,,,,,,,4,,,,,,
670000043392,708,10,5,5,17,5,8,10,10,5,4,,4,14,2,15,10,,7,5,,
670000043392,709,13,,,20,20,,,,,,12,,10,20,5,,5,,,15,
670000043392,710,,,2,,,3,,4,,,5,,3,,,,,,,3,
670000043392,711,,6,,25,,,,,,,,,,,,,,9,6,-4,
670000043392,712,,,10,,10,,,,,,,,10,,,,,,10,,
670000043392,713,,,4,,,,,7,,,,3,,,,6,,,,,
670000043392,714,,,10,,,,,,,,,,,,,,,,,,
670000043392,715,,12,,,,,,,,,,,,,,,,,,,
670000043392,716,,10,,,,,,5,,,,,,,10,,,,,11,
670000043392,717,,8,,,,,,,,,2,,,,,,,,,,6
670000043392,718,,,,,,3,,3,,,,,,,,,,,,,
670000043392,719,,20,,,,,,,6,,,,30,,,,,,,,
670000043392,720,,,,,,,,,29,,,,,,,,,,,,
670000043392,722,10,,40,60,,,,,10,20,,,50,10,20,,,20,,,
670000043392,723,6,,,,4,3,2,4,,5,,,10,,,,,6,3,,2
670000043392,724,,,,,,,5,,,,,,,,,,,,,,
670000043392,725,8,,,,,,,,,,15,,,,,,,2,5,,
670000043392,726,,,1,12,,,,,5,,,1,,2,,1,,,4,,1
670000043392,727,,,,,,,3,,,,,,,,,,,,,8,
670000043392,728,,,,15,,,,,,,,,,,,,,,,,
670000043392,729,,15,,2,,,,10,,8,,,10,,,3,2,,,5,10
670000043392,730,,10,5,4,,6,,4,,4,,10,5,,12,,,,4,,
670000043392,731,,10,,,10,,,,10,10,,,10,,10,,,,10,,10
670000043392,732,,3,1,2,,1,4,,,,6,,2,3,5,2,,2,,4,3
670000043392,733,,,,13,,,,,,,,,,,,,,4,,,
670000043392,734,,,,,5,,,,,,,,,15,,,,,,,
670000043392,735,7,18,10,30,,,,,12,3,0,,16,4,20,,,12,5,8,5
670000043392,736,,,,,,,,,,,,3,,,,,,,,,
670000043392,737,3,14,10,22,30,,,,12,,,,,8,,,8,7,4,2,10
670000043392,738,,,,,,,,,,,,,2,,1,,,,,,
670000043392,739,10,,,30,,,,,10,5,,1,,20,20,-20,10,,10,,
670000043392,740,40,,,,20,,,10,,20,,20,20,,,20,,20,20,,20
670000043392,741,,4,,,,5,,,,0,,,,,,,,1,,,4
670000043392,742,5,,,1400,,,,,,,,,300,600,200,1000,,,,,600
670000043392,743,,,400,1800,,,,,,,,,50,400,200,2000,,,,,
670000043392,744,,,5,,,,,3,,,,,,1,,3,,,,,
670000043392,745,20,450,200,600,,,,0,0,,,,200,600,200,600,,,,,
670000043392,746,1,,10,,15,,,,,,,,,,,2,,,2,1,
670000043392,747,,,,240,,,,,,,30,40,100,160,,150,,,,,
670000043392,748,,,2,-2,-10,,,,,,9,,,,,,,,10,,
670000043392,749,,100,,600,,,,,,,,,,,,200,,,,,
670000043392,750,,,5,10,,10,10,20,,,,,,,,,,8,,10,
670000043392,752,,5,16,24,5,,,,2,,,,11,10,,15,5,,5,,14
670000043392,753,1,1,,1,1,4,,4,,,,1,,,,,,,2,,1
670000043392,754,,,,,,,,,,,,10,10,10,70,,,,,,
670000043392,755,,10,,10,15,,,,,,,,10,,7,,,,3,10,
670000043392,756,,0,10,30,,,,,,,,,15,13,17,2,,7,9,,10
670000043392,757,,,4,,,,7,10,5,,,,4,,,,,11,,6,
670000043392,758,,,,10,10,,20,,20,,,,10,10,,20,,,,20,
670000043392,759,,,,,10,0,,,,,,,5,25,25,,,,,,
670000043392,760,4,,10,10,,5,3,,,,,,9,,,,,,,,
670000043392,761,,10,,,10,,,10,,,,,,20,,,,10,10,,10
670000043392,762,6,,1,,2,,,,2,,,,3,5,,,,,,,
670000043392,763,,,20,30,,,,,,,,,10,,4,,,,,,5
670000043392,764,5,10,15,,18,,10,5,5,,,,13,10,13,,7,12,7,5,5
670000043392,765,,,30,20,,,,,10,,,,20,10,10,,,,,,
670000043392,766,,,30,20,,,,,,,,,4,,,,,,,,
670000043392,767,3,,7,5,,,,,,,,,3,5,,,,,,,
670000043392,768,,10,,15,15,,,,,,,,,10,15,,,,,,
670000043392,769,,,,,2,,3,,4,,,,,10,,,,,1,,
670000043392,770,,,35,120,,,,20,20,,20,40,30,50,45,100,,,,30,110
670000043392,771,,10,8,26,,10,6,4,3,,,,,,,,,,,,
670000043392,772,,,,,,,,,,,,,,10,15,,,,,,
670000043392,773,,,,,,,,,,,,,,2,,,,,,,
670000043392,774,,,,,,,,,,,,,,3,,,,,,,
670000043392,775,,,,2,,,2,,,,,,,,,,,,,,
670000043392,776,,10,23,,10,,6,5,8,,,,,10,6,,12,5,,8,2
670000043392,777,,,,,,,,,,,,,,6,,,,,,,
670000043392,778,,,,,,,,,,,,,,,,7,,,,,
670000043392,779,,,,,,,,,,,,,,,2,,,,,,
670000043392,780,,6,5,,10,,,,,,,,,,,,,,,,
670000043392,781,,,,,,5,19,57,50,,,,,,45,65,8,,0,,
670000043392,782,,70,120,230,,120,40,50,50,,,,,,10,,110,,,100,80
670000043392,783,4,,,3,,,,,5,,,,,,,10,,,,,
670000043392,784,,,,3,,,2,0,4,,,,,,,,,,1,,
670000043392,785,5,,5,,8,1,6,3,7,,,,,,,3,,3,5,3,5
670000043392,786,,,,1,,,,,,,,,,,,,,,,,
670000043392,787,,,18,27,12,,,4,0,,,,,,,,,,,,
670000043392,788,,30,50,100,60,,,20,40,,,,,,,,,,,,
670000043392,789,74,32,27,175,,,58,,,,,,,,,,50,23,85,106,37
670000043392,790,,,20,,,,,,,,,,,,,,,,,,
670000043392,791,20,,,,,,20,,0,,,,,,,,,10,,,
670000043392,792,,5,,15,,,,5,,,,,,,,,,,,,
670000043392,793,,,,,,,,,,,,,,,,,,10,,,
670000043392,795,110,40,150,1460,,,,,,,,,,,,,,,100,140,100
670000043392,796,,,5,5,5,0,,,5,,,,,,,,,,1,1,3
670000043392,797,5,6,,20,20,,20,0,20,,,,,,,,,,,,5
670000043392,798,,,,10,20,,10,,5,,,,,,,,,,3,5,5
670000043392,799,,,,,,10,,5,7,,,,,,,,,,,,
670000043392,800,5,,15,,,,5,,,,,,,,,,,,5,,5
670000043392,801,9,20,,12,15,,25,,,,,,,,,,,,,10,12
670000043392,802,,,,,,,,3,,,,,,,,,,,,,
670000043392,803,,,,,,,,,,,,,,,,,,,,,3
670000043392,804,,,,,10,,,,,,,,,,,,,,,,
670000043392,805,,,8,2,4,1,,4,,,,,,,,,,,,,3
670000043392,806,,,,,,,,4,,,,,,,,,,,,,
670000043392,807,,,,,2,0,,,1,,,,,,,,,,,,
670000043392,808,,,10,30,,,,,,,,,,,,,,,,10,13
670000043392,809,1,14,,10,,4,,,6,,,,,,,,,,,1,5
670000043392,810,5,15,,,10,,,10,,,,,,,,,,,,6,
670000043392,811,,10,-10,,,,,,,,,,,,,,,,,,
670000043392,812,,,,,6,,,,,,,,,,,,,,,,
670000043392,813,10,,,,10,,,,,,,,,,,,,,,,
670000043392,814,,,2,,2,7,,2,,,,,,,,,,,,,
670000043392,815,,,,,3,5,,,5,,,,,,,,,,,,
670000043392,816,,15,,,,,1,5,,,,,,,,,,,,,
670000043392,817,,,,10,,,,3,,,,,,,,,,,,,
670000043392,818,4,,2,22,,,,,2,,,,,,,,,,,,
670000043392,819,,,,,,,,,,,,,,,,,,,,,2
670000043392,820,10,,,,,,,5,,,,,,,,,,,,,3
670000043392,821,,,,6,4,,10,,,,,,,,,,,,,,
670000043392,822,,,,12,,,,,,,,,,,,,,,,,6
670000043392,823,,,,10,,,,,,,,,,,,,,,,,
670000043392,824,10,10,10,,,10,10,,10,,,,,,,,,,,,
670000043392,825,,12,17,15,11,4,20,28,3,,,,,,,,,,,,
670000043392,826,,,,,,,,8,3,,,,,,,,,,,,
670000043392,828,15,,10,35,,,,,10,15,5,10,10,15,40,10,,,,,5
670000043392,829,,,,960,-480,,,,,,,10,30,60,45,270,,,,,100
670000043392,830,,,5,,,,5,10,,4,12,3,18,8,85,,,,,,
670000043392,831,,,5,,,,,,,,,,,,5,,,,,,
670000043392,832,5,,,,,,,,,,,,,,,,,,,,
670000043392,833,5,10,,8,25,,,,3,,,,,,,,,,,,
670000043392,834,,,,,,,,,3,,,,,,,,,,,,
670000043392,835,2,,2,5,4,3,4,,,,,,,,,,,,,,
670000043392,837,,,10,,,,,,,,,,,,,,,,,,
670000043392,838,,6,,,,,,,,,,,,,,,,,,,
670000043392,839,,5,,10,,10,10,,,,,,,,,,,,,,
670000043392,840,,1,13,,,10,,,,,,,,,,,,,,,
670000043392,841,,,,20,,,,,,,,,,,,,,,,,
670000043392,842,,20,,20,20,,,,,,,,,,,,,,,,
670000043392,843,,2,,,6,,1,,6,,,,,,,,,,,,
670000043392,844,,20,,10,,,,,5,,,,,,,,,,,,
670000043392,845,,,,10,,,,10,,,,,,,,,,,,,
670000043392,846,,10,,10,20,,,20,5,,,,,,,,,,,,
670000043392,847,,10,,,,,,,,,,,,,,,,,,,
670000043392,848,,,10,15,,,,,,,,,,,,,,,,,
670000043392,849,,,10,30,,,,,,,,,,,,,,,,,
670000043392,851,,,20,18,,,,,,,,,,,,,,,,,
670000043392,852,,,12,,,,,10,0,,,,,,,,,,,,
670000043392,853,,,,,,,10,,,,,,,,,,,,,,
670000043392,854,,,,,,,,4,,,,,,,,,,,,,
670000043392,855,,,10,,,,,,,,,,,,,,,,,,
670000043392,856,,,10,20,,,6,10,,,,,,,,,,,,,
670000043392,857,,,15,,,10,,,,,,,,,,,,,,,
670000043392,858,,,2,25,,,,,,,,,,,,,,,,,
670000043392,859,,,2,,,,,,,,,,,,,,,,,,
670000043392,860,,,,21,-1,,,,10,,,,,,,,,,,,
670000043392,861,,,10,,10,4,5,10,,,,,,,,,,,,,
670000043392,862,,,5,,,,,,,,,,,,,,,,,,
670000043392,863,,,3,,6,5,,3,5,,,,,,,,,,,,
670000043392,864,,,,20,,,,20,,,,,,,,,,,,,
670000043392,865,,,,10,,,,,,,,,,,,,,,,,
670000043392,866,,,,16,,,,,,,,,,,,,,,,,
670000043392,867,,,,70,,,,,,,,,,,,,,,,,
670000043392,869,,,,15,,,,,,,,,,,,,,,,,
670000043392,871,,,,20,,,5,,,,,,,,,,,,,,
670000043392,872,,,,,,2,,,,,,,,,,,,,,,
670000043392,873,,,,10,,,,,,,,,,,,,,,,,
670000043392,874,,,,10,,,,6,,,,,,,,,,,,,
670000043392,875,,,,,10,,10,10,20,,,,,,,,,,,,
670000043392,876,,,,4,,,,,,,,,,,,,,,,,
670000043392,877,,,,10,,18,2,6,16,,,,,,,,,,,,
670000043392,878,,,,4,,,,,,,,,,,,,,,,,
670000043392,879,,,,15,,,,,,,,,,,,,,,,,
670000043392,880,,,,2,1,,,,,,,,,,,,,,,,
670000043392,881,,,,,,,,,15,,,,,,,,,,,,
670000043392,882,,,,,1,,,,,,,,,,,,,,,,
670000043392,883,,,,,1,1,,,,,,,,,,,,,,,
670000043392,884,,,,,0,,2,,,,,,,,,,,,,,
670000043392,885,,,,,3,,5,,5,,,,,,,,,,,,
670000043392,886,,,,,3,,,,,,,,,,,,,,,,
670000043392,888,,,,,,,5,,,,,,,,,,,,,,
670000043392,889,,,,,5,,,,,,,,,,,,,,,,
670000043392,890,,,,,1,10,,,,,,,,,,,,,,,
670000043392,891,,,,,3,2,0,2,,,,,,,,,,,,,
670000043392,892,,,,,6,,,,,,,,,,,,,,,,
670000043392,893,,,,,3,,,,,,,,,,,,,,,,
670000043392,895,,,,,,18,,,,,,,,,,,,,,,
670000043392,896,,,,,,10,,,,,,,,,,,,,,,
670000043392,897,,,,,,9,3,6,,,,,,,,,,,,,
670000043392,898,,,,,,,,20,,,,,,,,,,,,,
670000043392,899,,,,,,3,,22,,,,,,,,,,,,,
670000043392,900,,,,,,,,,10,,,,,,,,,,,,
670000043392,901,,,,,,,5,6,,,,,,,,,,,,,
670000043392,902,,,,,,,2,,,,,,,,,,,,,,
670000043392,903,,,,,,,5,,,,,,,,,,,,,,
670000043392,904,,,,,,,3,,,,,,,,,,,,,,
670000043392,905,,,,,,,5,,,,,,,,,,,,,,
670000043392,906,,,,,,,3,,,,,,,,,,,,,,
670000043392,907,,,,,,,,3,,,,,,,,,,,,,
670000043392,908,,,,,,,,10,,,,,,,,,,,,,
670000043392,909,,,,,,,,10,10,,,,,,,,,,,,
670000043392,910,,,,,,,,5,,,,,,,,,,,,,
670000043392,911,,,,,,,,,4,,,,,,,,,,,,
670000043392,920,,20,,,,,,,,10,,10,,10,10,,10,10,,,
670000043392,945,,,,,,1,,,,,1,,,2,,,,2,,,
670000043392,950,,,,,,,,,,,,,,,,,,,20,-20,
670000043392,957,,,,,,,,,,,,,,,,,,,,6,
670000043392,958,,,,,,,,,,,,30,,,,,,,,,
670000043392,959,,,,2,,,,,,,,,,,,,,1,,,
670000043392,960,,,,,,,10,,,,,,,,,,,,,,
670000043392,961,,,,,1,,,,,,,,,,,,,,,,
670000043392,962,,,,,,,,,3,,,,,,,,,,,,
670000067908,1,,,2,,,,1,,,,,,,,,,,,,,
670000067908,2,2,,,,,,,4,,,,2,1,,7,,,,,,
670000067908,3,8,10,17,10,20,10,15,,10,10,10,10,33,30,18,21,,10,10,10,10
670000067908,4,20,,,,20,0,,20,,,10,,20,,20,20,,10,,,10
670000067908,5,,5,,5,10,10,,10,,,,,10,10,5,,10,,,5,10
670000067908,6,20,,,20,,20,,20,,10,,10,20,10,,70,,,,,
670000067908,7,,10,5,60,,,,25,,20,40,10,10,40,20,40,,,40,,
670000067908,8,10,,10,,10,,,10,,,10,,10,10,,,,10,,10,
670000067908,9,,,,,,,,,,,8,,,,10,,,,,,6
670000067908,10,,,5,,,8,,,1,,,,12,10,20,,,,,,
670000067908,11,,,1,,2,,,2,,2,,,,,2,2,,,2,,
670000067908,12,,15,,10,,,,,,,5,,8,,7,,,10,,,
670000067908,14,,,15,,,,,,,,20,,,5,,,6,,,5,
670000067908,15,,,,,,,,,2,,,,,,,,,,,,
670000067908,16,,10,,40,10,5,,,,15,,,10,10,15,,,10,10,,10
670000067908,17,,,,,10,,,,,,,,,,10,,,,,,
670000067908,18,,,,,,,,,,30,,,,,,,,,,,
670000067908,19,,2,6,,6,,5,3,,,,,5,7,,2,4,6,2,,
670000067908,20,,2,2,13,,,,,,3,,,,,,4,,7,,,
670000067908,22,,,,24,,,,,,,6,,12,,10,,,5,,,
670000067908,23,5,,3,,,,,,,,,,,,4,,,2,,,
670000067908,24,,14,,10,,,10,,5,,1,,12,,15,,,1,,10,2
670000067908,25,,5,,,,,5,,,,,,,,,,5,3,,5,5
670000067908,26,,20,,15,,,,,0,,10,,10,5,20,,5,,15,,
670000067908,27,,,,,10,,,,,,,,,10,,,,,,,1
670000067908,28,25,10,20,80,,,,,,,,30,10,20,30,110,,,5,40,25
670000067908,29,10,,10,20,,,,10,0,,,,10,,,,10,,,,
670000067908,30,,,20,20,,,,,,,,6,10,10,20,,,,,,
670000067908,32,,,,,,,,2,,,2,3,,,9,,3,,,,2
670000067908,33,,,5,,5,,5,,5,5,,,5,,10,,,,,5,10
670000067908,34,,6,,13,,,,,10,2,4,,,3,,,7,,,2,
670000067908,35,,1,,,,2,,,2,1,1,2,,1,,1,3,3,1,2,
670000067908,36,,,,20,,,,,,,,10,,,,,,,10,,10
670000067908,38,,,1,2,,,,,1,,,,,1,,,,,1,,
670000067908,39,15,,5,10,,,,10,,,3,10,,10,10,,,4,5,10,
670000067908,40,3,,3,10,,,1,3,,,,,3,10,2,,,,,,
670000067908,41,4,,5,10,5,,5,,,,11,5,10,8,8,,3,,9,,6
670000067908,42,,10,,,,,,10,,,,,,,,,,,,,
670000067908,43,,,10,10,,,,10,,,,10,,10,,,10,,,10,
670000067908,44,,,12,5,,20,10,,10,10,,5,20,5,,40,,,10,,20
670000067908,45,20,,,20,,,,20,,20,,,,20,,,20,20,,,20
670000067908,46,10,,10,,,,,,,,,,10,,20,,,,,,20
670000067908,47,,10,,90,,,,,,15,15,,20,10,10,,10,20,,,
670000067908,48,10,,10,,10,,,10,5,10,10,,20,10,20,10,20,,,,10
670000067908,49,,,,,,,3,,3,,,,,,,,,,,,
670000067908,50,,3,,7,,,,,,,,,,,,,,,,,2
670000067908,51,,,,,,,,,4,,,,2,,2,,6,,,,
670000067908,52,,,,100,,,,,,20,10,20,40,,160,,,,,,
670000067908,53,,,,,,,2,,,,,5,,,,,,,,,
670000067908,54,,3,,,,,,,,,,,2,4,,,,,,,
670000067908,55,,,,,,,,,,,,,,,,,,1,,,
670000067908,56,,,,,,,,,,,2,,,,,,,,,,
670000067908,57,,20,,20,,20,10,10,5,10,5,2,20,20,15,30,,,10,,10
670000067908,59,,,10,,,,,,,,,,10,,,,,,,,
670000067908,60,,40,10,58,,,,0,0,50,10,25,40,10,20,90,,,,,
670000067908,62,,,,,,,3,,,3,,1,,2,,5,,,,,
670000067908,63,,,,10,,,,10,,,,,,50,,,,,,,
670000067908,64,19,7,14,21,6,11,11,18,3,10,24,7,13,18,20,15,8,13,24,2,5
670000067908,65,,,,,1,,,,,,,,,,,,,,,,
670000067908,66,30,60,160,830,,,,,,,,,280,110,100,150,500,-100,,,
670000067908,67,,,,,,,2,,,,,2,,,,,,,,,
670000067908,68,,,,,,,,,,2,,,,,,,,,,,
670000067908,69,,10,10,,,,20,20,20,,,20,30,,,10,,30,,,
670000067908,70,,20,,80,,,,,,10,,5,20,10,20,20,,,,10,
670000067908,71,,2,,7,,,3,,,,4,,6,,2,,,,,3,
670000067908,72,,,,5,,5,,3,5,,,,15,,,,,,,,
670000067908,73,,,,,,,2,3,,,,10,10,,3,,,3,,3,
670000067908,74,1,,3,,,,,,,,,,2,,,,1,,,1,
670000067908,75,,3,,3,7,,,,,,3,,4,,4,4,3,2,,2,3
670000067908,76,,,,10,,,20,,,10,,,10,10,20,,,,,20,
670000067908,77,,5,,2,3,,,,,,,2,5,,,,,,,,
670000067908,78,,3,2,,2,,3,,,,4,,1,1,3,,,4,,5,
670000067908,79,21,,,2,,,,,2,,,10,32,,,,,42,,,
670000067908,80,10,,,,,10,,,,,,,10,,,10,10,,,,
670000067908,81,,20,,10,,,,5,10,,,,20,,20,,,,,,
670000067908,82,,,4,,,,,,,,6,,,14,,,,,,,
670000067908,83,,,,,,10,,,,,,,10,10,7,,,,,,
670000067908,84,,15,,,10,,,10,,10,,10,30,,,,,20,,,15
670000067908,85,,13,,,7,,10,4,5,,5,10,3,,12,,,6,,,
670000067908,86,,,,,,,,,,,30,70,60,30,60,,,,30,10,70
670000067908,87,,10,,,,,,,,2,,,,3,,,3,,,,
670000067908,88,10,,,,,,,,,,,10,,,10,,,10,,,
670000067908,89,100,200,600,400,,,,,,300,,150,300,200,400,300,,,,100,100
670000067908,90,,,,,4,,,,,,,,,,,,,,,,
670000067908,91,,,,2,,,,,,,,,,,,,,,,,
670000067908,92,7,,6,10,,,,,,,,,15,,10,,,,,,
670000067908,93,,,,10,,,,,,,,,,,,,,,,,
670000067908,94,,,5,,6,,,4,,,,,,,5,,5,,,5,
670000067908,96,,,20,,20,,,,,10,,,20,,,20,10,10,,,10
670000067908,97,,,,,,,,,,,,,,,20,,,,,,
670000067908,100,,,,5,,,,,,,,,,,,,,,,,
670000067908,101,1,,2,,,,,,,,2,2,1,3,3,,2,4,,,3
670000067908,102,10,,,10,,,,,,,10,,10,10,20,,,,,,
670000067908,103,,,10,10,,,,,,,,,10,10,,,10,10,,,
670000067908,104,2,9,,40,,,,,,,6,,5,,21,,,,2,,8
670000067908,105,,,,3,,,,,2,,,,,,1,2,,,,,
670000067908,106,,,3,,10,,,,8,5,5,,3,10,3,,4,,5,,5
670000067908,107,,,5,,,,6,,1,3,,,,,,7,,,,4,
670000067908,109,,5,4,,,,,,,,,,4,4,2,,,,,,
670000067908,110,,3,,,,4,,,,4,,2,10,,14,,,,,5,5
670000067908,111,10,10,,20,13,,,,,,10,20,10,10,,10,5,,15,,10
670000067908,112,5,12,,,1,3,4,2,4,4,4,2,12,12,,,,5,,5,
670000067908,113,2,,1,,3,,,,,,,2,,,1,,2,,,1,
670000067908,114,,,,,,,,,,,,,,,,5,,,,,
670000067908,115,,5,,2,,,,4,2,,,,6,,,8,5,,10,,
670000067908,116,,10,,,,,,10,,,,10,,,,,,,,,
670000067908,117,,,,,,,3,,,,,,,,,,,,,,
670000067908,118,,,,1,,,,,,,,,,,,,,,,,
670000067908,119,7,10,,,,5,,,,,,,,7,,,,2,,,
670000067908,120,,,150,50,,,6,,,30,,25,80,130,50,,,,,,
670000067908,121,,,,,,,,5,,10,,,,,10,,,,,,
670000067908,122,,,15,,,,,,,,,,12,,10,,,,,,
670000067908,123,,,7,,,,,8,,,,,8,6,,,,9,,,7
670000067908,124,,,2,6,,,,6,,,,,,,,,,,,,
670000067908,125,,,15,,,20,,,,,,,10,7,,,,,,,
670000067908,126,1,,1,,,,2,2,,,,,1,,,,,,,,
670000067908,127,,,,,,,,,1,,,,3,,,,1,,,,
670000067908,128,20,20,10,40,20,10,10,20,10,10,20,20,40,30,20,10,20,30,10,10,20
670000067908,129,20,10,40,20,20,10,,10,10,20,10,20,20,20,30,,10,20,10,10,
670000067908,130,50,50,50,,100,50,50,50,20,50,,20,80,50,50,50,,50,30,80,
670000067908,131,,,16,,,,,,2,,,,5,,,,,,,,
670000067908,132,,,,3,8,,,,,,,,3,,2,,,,5,,
670000067908,133,,,10,10,10,,10,10,,,,,,,,,,,10,,10
670000067908,134,,10,,,10,10,,,10,10,,,10,,10,,,,,,10
670000067908,135,10,,2,5,2,3,4,5,2,7,2,4,,5,2,,5,1,,4,1
670000067908,136,,40,80,80,,,,,,,,20,50,50,90,,,,,,
670000067908,137,,,10,,,,,,,,,,,,8,,,,,,
670000067908,138,,,4,,,1,,3,,,5,,2,,,,,,,,4
670000067908,139,3,12,,12,4,5,1,1,8,,6,3,7,14,3,,,5,,1,1
670000067908,140,,10,20,,,10,,20,,,,10,20,20,20,,,30,,30,
670000067908,141,10,,30,,,,10,,4,,,10,10,,15,,,10,10,,
670000067908,142,11,,,4,,,,,,,5,,,,,10,,5,,,23
670000067908,143,,,,,,1,,,1,,,,,,,,,,,,
670000067908,144,,40,,,,,,,,,,,20,,,,,,10,10,
670000067908,145,,3,,,,5,,,3,2,,,3,3,,,,,,,3
670000067908,146,,10,,12,,,,,2,4,4,,10,7,,,4,4,-2,5,
670000067908,147,,10,,,10,5,10,,,,,,10,,20,,,,,10,10
670000067908,148,,,,,,,,5,,,,,,,,,,10,,,
670000067908,149,,8,6,16,,,,,,10,,5,10,,10,,10,,5,5,
670000067908,150,,20,,,,,,,5,,,5,10,,,,,5,,5,
670000067908,151,10,,40,70,,,,,,,,,40,,55,,,,20,10,20
670000067908,152,4,12,,16,,16,14,,,,,,,,10,,8,10,5,,5
670000067908,153,,,5,9,,,3,7,,5,5,,5,5,9,,,,,,12
670000067908,154,,5,,5,,,,,,,10,,,10,,10,,,,,
670000067908,155,,,,4,1,,4,,3,,,3,2,2,,2,,2,,2,
670000067908,156,,20,20,40,,,,10,30,,10,,30,,20,,,20,20,,
670000067908,157,,,,,2,,,,3,,,,,,,,,,,,
670000067908,158,,,,6,,,,6,,,,,,5,,,,,,,
670000067908,159,60,20,50,330,,,,,,,,,40,30,130,,,,,,
670000067908,160,,,,,,,,,,,,4,,,14,,,,,,
670000067908,161,3,2,,,,,6,,4,,5,,,,,,,,5,,
670000067908,162,,,,,,,,,,,3,,,,,,,,,,
670000067908,163,10,,7,,5,,,10,,5,,10,,10,,15,,,10,,
670000067908,164,2,,1,2,,,,,3,,1,,1,,2,,1,,,,
670000067908,165,2,8,2,7,,2,,6,,2,2,6,11,,4,,1,2,,4,3
670000067908,167,,20,,50,,,,,,,5,,10,10,20,,,3,10,,
670000067908,168,10,20,,20,,,,,,,,10,20,20,,,,,,,
670000067908,169,5,,,5,,,10,,,,,,10,,,,,,,,
670000067908,170,,5,,20,,,,,,,,,10,10,,,,,,10,
670000067908,171,,,,,,,,,,,,,,,,,2,,,,
670000067908,172,5,,15,,,,,10,15,,,,20,,5,7,,10,10,,10
670000067908,173,10,20,20,30,10,20,10,20,20,20,10,20,10,20,20,20,10,20,20,10,20
670000067908,174,,,,,,,,,,,,1,,,,,,,,,
670000067908,175,,,,9,,,,,,,,,,,,,,,,2,
670000067908,176,,,,14,,,,,,,,,2,,2,,,,,,
670000067908,177,10,,9,10,,,,,,,,10,5,,20,,,,,4,
670000067908,178,10,10,20,10,10,10,,10,10,10,10,10,10,10,20,10,,10,20,10,
670000067908,179,,20,,,,10,,,,,,,,,,,,,,,
670000067908,180,2,,,5,,,,,3,,,,4,3,,,4,,,4,
670000067908,181,,,,15,,5,,5,10,10,,,10,10,10,10,,5,5,,10
670000067908,182,,10,10,10,15,,20,-4,4,,10,10,10,10,20,,,,,10,10
670000067908,183,,,,,,,,,2,,,,,,,,,,,,
670000067908,184,20,,,20,,,10,,,,,20,,,10,20,,,10,,
670000067908,185,,3,,,,,,,,,,1,3,4,,10,,,,3,150
670000067908,186,4,,5,12,,,,2,,,5,,10,,15,,,,,,
670000067908,187,2,1,,5,,2,2,,,4,,,,3,1,2,2,,,,2
670000067908,188,5,2,20,25,,,5,5,3,15,5,5,20,,21,1,5,10,5,,3
670000067908,189,,,10,10,,,,,,,10,4,10,5,20,,,,,,
670000067908,190,5,10,5,10,,,,,,,,,5,10,5,,,,,,
670000067908,191,,20,,30,,,,,,2,,6,10,,20,,,,,,
670000067908,192,,,6,,2,,,,,6,-2,,5,,6,,,3,,6,1
670000067908,193,,,,,,,1,10,,,,,,5,,,3,,3,,10
670000067908,194,9,,10,15,,,3,3,5,10,6,,10,10,10,,2,,4,4,
670000067908,195,,,,,,,,,,,,3,3,,,,5,,,,
670000067908,196,,,,15,,,5,,,,,,,,10,,,,,10,
670000067908,197,4,10,,,,5,,1,3,,3,,10,,,,,2,,6,
670000067908,198,10,20,10,35,,10,7,13,5,5,10,12,20,15,,12,13,10,17,18,10
670000067908,199,,,2,,,,,,,,,,10,,,,,,,2,
670000067908,200,1,,3,,,,3,3,,,1,,2,,,2,,,3,,
670000067908,202,,,10,,,,,,10,,,,10,,,,,,10,,
670000067908,203,,,,6,,,,,,,,,,,,5,,,,,
670000067908,204,6,6,3,6,5,3,5,2,6,,3,4,9,3,4,5,,7,7,3,2
670000067908,206,3,20,20,30,,,,,6,5,5,,30,5,40,,,,,5,2
670000067908,207,20,,,55,8,20,16,10,10,10,,10,10,15,10,30,,10,,10,
670000067908,208,6,,20,30,,,,,,,7,,10,13,31,20,,5,,,
670000067908,209,,1,,3,,5,1,,5,,,,2,,,4,,,,,
670000067908,210,,,,5,,,,,,,,,10,5,10,,,,,,3
670000067908,211,10,,,5,,,,,,,10,,,20,,,,,,10,
670000067908,212,3,,,,,,,,,,5,,2,,5,2,1,,,,3
670000067908,213,,,,,,,,,3,,,2,,,,,,,,,
670000067908,214,20,20,10,30,20,10,20,,20,10,,20,50,10,,30,20,,20,20,
670000067908,215,22,20,60,60,,,3,5,2,4,,4,5,2,67,2,4,6,4,25,15
670000067908,216,10,10,,,,30,,,,,,,20,,20,,,,,,
670000067908,217,,,,,,,,,,,9,2,15,5,,6,4,8,6,,4
670000067908,218,1,,,,1,,,,,,,,,,,,,,,,
670000067908,219,,9,,,3,,,10,,,,2,,1,,5,,3,5,5,
670000067908,221,,,,,,1,,,,,4,,9,,,,,,,,
670000067908,222,,,,,,,,,,,,,10,,,,,,,,
670000067908,223,12,10,10,5,,,5,,10,5,,7,16,13,5,10,3,5,2,5,8
670000067908,224,1,3,7,8,,3,,,3,1,,7,4,4,,11,3,0,,6,4
670000067908,225,20,20,80,250,,,,,,,,,300,50,,430,,,,,
670000067908,226,,,,2,,,,,,,,1,1,,,,,,,,
670000067908,227,10,,8,11,,4,6,,3,5,8,2,8,8,20,,,,8,5,3
670000067908,228,,5,,6,,,,,0,,,,2,,4,,3,,2,,1
670000067908,229,,3,,6,,,3,,,2,2,,2,8,6,,,,,1,
670000067908,230,,,4,5,,,,,3,,,,3,,3,,,3,,,2
670000067908,231,,,,15,,,,,,,,,10,,,,,,,,
670000067908,232,25,,15,55,,40,,20,10,20,,20,10,20,15,20,,15,30,10,15
670000067908,233,,20,,,,,,,,,5,,5,,10,,,,,,5
670000067908,234,,,,,2,,,,,,,3,,,,2,,,,,
670000067908,235,,,,5,,,,,5,4,,,3,3,3,,,5,,,3
670000067908,236,,,1,1,,,,,,,,,,,,,3,,,,
670000067908,237,,2,,10,,,,,,,,,,,,,,,,,
670000067908,238,,6,,5,8,,,,,,,,3,,6,,,,,,
670000067908,239,4,,,,3,1,,,,2,,3,3,2,,,2,,,3,
670000067908,240,,10,,10,,,,,,,10,,,,5,,,,,,
670000067908,241,,,,,,,,,,2,,,,,,,,,,,
670000067908,242,5,6,10,15,,,12,1,6,3,3,1,10,8,10,,5,4,,2,5
670000067908,243,,1,,5,,2,1,,,,1,3,,2,,2,,,1,,
670000067908,244,10,,5,5,,,,,,5,,,10,,10,5,,,,,
670000067908,245,,,,20,,,,,20,,,,10,,10,,,10,,20,
670000067908,246,,5,,,,10,,,5,,3,3,7,8,,5,,,,,
670000067908,247,,,30,,10,10,,10,,,10,10,10,20,,,10,10,10,,
670000067908,248,10,11,30,30,10,,20,10,8,24,17,16,20,15,30,,14,15,13,13,19
670000067908,249,5,,15,,,6,3,3,5,6,,,15,10,3,,,2,5,4,5
670000067908,250,,,4,7,,,,,,,,2,1,,8,,,2,,3,12
670000067908,251,,,,40,,,,,20,,10,,10,120,,,,,,,10
670000067908,252,,,2,8,,,,,,,,4,4,,21,,,,,,
670000067908,253,,15,,20,7,0,,,6,6,,10,,10,,10,,5,,5,10
670000067908,254,,,,1,,,,,,,,,,,,,,,,,
670000067908,255,,,2,2,,,5,2,,,,,,,,,,,,,
670000067908,256,10,10,15,20,,10,,20,,,,6,15,15,20,,,10,,10,5
670000067908,257,4,,,,,3,,,,,,,,,2,,2,,2,,
670000067908,258,,20,,30,,,,,,,,5,20,,,,,,7,8,2
670000067908,260,,10,,10,20,,,,,,5,5,10,,20,,,,,,10
670000067908,261,5,,,20,,,,,,4,6,,5,,10,,,,2,,
670000067908,262,,,4,,,3,,3,,,,,,,2,2,,,,,
670000067908,263,7,5,5,15,,4,10,4,1,5,5,8,13,5,8,2,8,6,,11,10
670000067908,264,,5,10,10,3,5,2,2,5,,6,6,12,6,3,5,3,3,2,,4
670000067908,265,,,,,,,4,,,,,,,,,,,,,5,
670000067908,266,,,5,,,10,,,,10,,,4,,,7,10,,,,5
670000067908,269,,5,,,,10,,,,,5,,,,10,,,,,5,
670000067908,270,8,,8,7,,0,,,5,,,6,6,,,5,3,,2,,4
670000067908,271,2,,10,20,,,2,3,,6,,,3,12,11,3,,6,,12,
670000067908,272,,,9,9,,,,4,,,,,,,,,,,5,,9
670000067908,273,,,,,,,,,,15,,,,,,,,,,,
670000067908,274,,,10,,,,,,,,10,,10,15,,10,,10,5,5,15
670000067908,275,,,,,2,,,2,,,,1,,,,4,,,,3,
670000067908,276,10,10,5,,5,10,3,5,8,,4,3,10,15,10,5,10,3,4,18,5
670000067908,277,,,20,10,,,,,40,,,,10,40,20,30,,,,,
670000067908,278,30,,70,20,20,,20,10,,,20,20,20,20,10,30,20,20,,10,10
670000067908,279,,2,,6,5,,,4,2,,10,,2,8,,,,,8,,4
670000067908,281,,10,,,,,,,,,,,,,,,,,,,
670000067908,282,,6,6,3,4,1,,,,,,,,3,,,,3,,3,2
670000067908,283,,,3,,2,,2,,2,,3,,10,11,1,1,4,3,1,3,1
670000067908,284,,,,7,,,,,,,,,5,10,,,,,,,4
670000067908,285,10,,10,10,,,,,,,,10,,,10,,,,,,
670000067908,286,,,,2,,,,,,,,,3,,3,,,,,,
670000067908,287,,,,,,,,,,,,5,,,,,,4,,,
670000067908,288,,10,,55,10,,,,,11,3,,10,,15,,,10,3,,3
670000067908,289,,,10,10,20,,,,,,10,,10,,5,3,3,,13,5,4
670000067908,290,7,5,,10,,2,5,10,,,7,8,14,15,,8,2,2,3,5,
670000067908,291,,,10,15,,,,,,,,,20,,10,,,10,,,10
670000067908,292,,,,,,8,,,2,,8,,5,,,,,,,8,
670000067908,293,,20,,,,,,5,,6,,,5,5,8,,,,4,,
670000067908,295,,,,,,,5,6,,,,,,,,,,,3,,10
670000067908,296,10,,,20,,,,,,,5,,10,10,10,,,,,,
670000067908,297,,15,,,,5,,5,,,10,,,12,,3,,,12,,
670000067908,298,,,,,,,,0,,,,,,,,,,,,,
670000067908,299,,10,,,10,10,,,10,10,,,10,10,10,,,10,10,,10
670000067908,300,,11,,13,,,7,9,,,6,1,10,3,17,4,,6,,5,
670000067908,301,10,,10,20,,,,,,,,8,5,,20,,,,,,5
670000067908,302,,,,18,,,,,,,,8,4,,10,,,,,,14
670000067908,303,,,,5,,,,,,,,5,,2,,,4,,,,2
670000067908,304,,210,50,250,,,,,10,,,,10,10,,,,,,,
670000067908,305,,17,,,,8,,,,,,,20,,,,,15,,,
670000067908,306,,,,1,4,,,,,,,,,4,,1,,,3,,3
670000067908,307,7,,10,,1,4,5,,9,,5,8,6,,,8,,5,4,,5
670000067908,309,,4,,5,,,1,,,,,5,,,,,,,,,
670000067908,310,,,2,1,,3,,,,,,3,,1,,,2,,,,
670000067908,311,,,10,,2,,,5,,,,5,5,,5,,,3,,,5
670000067908,312,,13,2,10,21,,,,,5,7,19,3,9,18,,,15,,6,1
670000067908,313,,,,10,,,,,,,8,,,,,,,,,,
670000067908,314,,,,,,,,,,,,,3,,,,,,,,
670000067908,315,10,10,13,25,15,,,,10,,10,5,15,5,20,,,5,12,9,
670000067908,316,,,5,5,,10,,,,,,,4,,6,,,5,,5,10
670000067908,317,,2,3,4,,,,,2,,,2,1,,1,,1,,,,
670000067908,318,,,,,,,,,,,,,,,5,,,,,,
670000067908,319,,,,9,,,,,,,,,3,,,,,,,,
670000067908,320,,15,,,,,,,,,,,,,,,10,,,,
670000067908,321,,,,,,,2,,2,,,,,10,,,3,,,2,
670000067908,322,,,2,,,,,,,,,,,,,,,,,2,
670000067908,323,,,,,,,2,,,,,2,,,15,,,,,,4
670000067908,324,,,2,,,,,,,,,,10,,,,,,,,
670000067908,325,,5,,4,,,,5,,,,,2,3,,2,,3,,,5
670000067908,326,6,2,,,,,,3,,,,,,,3,,,3,5,,
670000067908,327,,,3,,,,,3,,,,,,,,,,,,,
670000067908,328,,10,,30,,,,,,,,,,,15,,,,,10,
670000067908,329,10,,,,,5,15,,,10,5,,5,5,,,,,,5,
670000067908,330,14,9,7,,,,,5,,,4,6,15,9,1,10,10,4,5,10,3
670000067908,331,10,,,20,,,,20,,10,10,,10,10,,,,,10,,
670000067908,332,,,,,,6,,,3,1,,,,,,,,2,,,
670000067908,333,10,,20,10,,,,,20,,,10,40,,,,10,,,10,
670000067908,334,14,6,30,,,,,,,,6,,11,11,9,,,,8,16,
670000067908,335,,5,,,,,3,,,,2,,5,,,,,,5,,
670000067908,336,10,20,10,80,,,,,,14,3,5,20,15,40,,,,15,3,10
670000067908,337,,5,,20,,,,,8,8,,,,,30,,,,,,
670000067908,338,,10,10,60,,,,0,,,,,10,,20,,,,,,
670000067908,339,3,4,,1,7,,4,,4,2,,3,6,,,,3,,,3,
670000067908,340,10,,20,10,,10,,10,,,10,10,10,,20,,,,,10,
670000067908,341,,,3,,,,,,,,1,,1,1,,2,1,,2,,1
670000067908,342,,,,,,,,,,,,,,,,,,,4,,
670000067908,343,,10,,,,,,,20,,,,,,,,,,,,
670000067908,344,20,40,,60,,,,,10,10,10,15,40,,40,40,,,,20,
670000067908,345,1,3,2,,6,2,,,,,,,,2,7,3,3,,6,,
670000067908,346,,,3,2,,,,3,,,,,6,,,,,2,,3,
670000067908,347,,,,,,,,6,,,,,,5,,5,,,5,,
670000067908,348,2,,,,3,,,2,3,,2,,1,,3,5,,2,,,
670000067908,349,10,28,10,60,10,10,,10,,,10,,36,14,40,35,10,,,4,8
670000067908,350,1,,,,,,,,,,,3,,,2,,,,2,,
670000067908,351,1,1,,10,,,,,,,1,,2,,6,,,,,,1
670000067908,352,,,10,10,10,10,,,,20,20,10,20,10,20,,10,15,20,30,20
670000067908,353,3,,2,,,3,,,4,1,,2,2,5,2,,2,,2,1,
670000067908,354,,5,,,,5,,10,,,,,2,,5,,,5,5,,
670000067908,355,,,,,,2,,,2,,,,,,,,,,,,
670000067908,356,,,,,,,,,10,,,,,,,,,,,,
670000067908,357,2,,2,10,,,,,,4,,5,,,3,10,6,,,,3
670000067908,358,10,40,100,100,,,,,,,20,5,40,60,,100,,,,,
670000067908,359,10,10,,10,,,,10,,,,,20,,,,,10,,,
670000067908,360,2,,5,,,,1,,,,,,1,,,,3,,2,,
670000067908,361,40,20,152,110,,,20,20,,,20,40,80,80,50,80,,10,40,50,20
670000067908,362,,10,30,,,20,,10,10,,10,10,20,20,10,20,10,,10,10,10
670000067908,363,,,,,,,,,,,,3,,4,4,,10,,,,
670000067908,364,10,,,,,5,,,,,3,5,5,10,,,10,,,5,5
670000067908,365,,,10,,,,,,,6,6,,15,10,40,,,,,,
670000067908,366,,,5,30,,,,,,,,8,10,20,,,,,,,6
670000067908,367,10,,5,10,10,5,5,5,,,,4,10,10,10,,10,10,,,15
670000067908,368,,,3,1,3,,,,2,,,1,,,5,,,,,,
670000067908,369,,,,4,,,,,,,,,,,,,,,,,
670000067908,370,,,,,,,,,,10,,,10,,,,,,,,
670000067908,371,,,10,,,,,,,,,,3,5,5,2,,,5,,
670000067908,372,5,10,,10,13,,,,,,,,,5,,5,,2,8,,
670000067908,373,,,,10,,,,,,10,,,10,,,,,,,,10
670000067908,375,,,10,25,,,,,,,,,10,10,5,,5,10,10,,
670000067908,376,6,,5,,,,,3,,3,,3,,,3,,,3,,2,4
670000067908,377,5,5,,10,,,10,,0,,,5,10,,,,,,,,
670000067908,378,,,,10,,,,,,10,,,8,3,,,,,,,
670000067908,379,,,,15,,,,,,,,,10,,5,,,,,,
670000067908,381,5,,5,,,,,,,,,,5,,,,10,,,,
670000067908,382,5,,12,8,,,,,,,,,,10,,,,,,,4
670000067908,383,,,,,2,,1,,,,3,,,,,,,,1,,
670000067908,384,,,8,5,,,,,,13,,,6,,12,,,,,4,
670000067908,385,,10,,10,,,,4,6,,5,8,8,,13,,,10,5,,7
670000067908,387,7,,,,,4,,4,,4,,,2,9,,1,2,4,,7,
670000067908,388,3,,,2,,1,,3,2,2,,,2,,1,4,,,,,4
670000067908,389,10,3,,,12,,,,,10,,,10,,10,,,,5,,
670000067908,390,,10,,,,10,,10,,,,,,,,10,,,10,,
670000067908,391,,5,,10,,,4,,,,,,10,,10,5,,,6,,
670000067908,392,3,2,,7,,,3,4,,3,,,,,,,,,,,
670000067908,393,,,,9,,5,2,,4,,,,9,,,,,,,2,
670000067908,394,,,,20,,,,,,,,,,20,,,,,,,
670000067908,395,5,11,,,2,,11,10,,2,,2,9,,,,6,4,4,,3
670000067908,396,,10,18,5,,,,,5,10,,,15,10,15,,,,,,
670000067908,397,3,,10,4,,,,,,,5,,10,,,,,3,,,5
670000067908,398,3,,9,5,,8,,8,3,2,,1,5,,9,,3,,,4,2
670000067908,399,,,7,15,,,,,,2,5,,,7,3,2,,,2,4,4
670000067908,400,,,,,,,,,,,,5,5,5,10,,,,,,
670000067908,401,20,30,20,40,30,30,10,40,40,20,10,20,70,30,50,30,30,20,10,40,20
670000067908,402,10,10,10,180,,,,,10,,,15,80,3,,23,,,30,15,16
670000067908,404,3,,,5,,3,2,,,1,1,,,,,,,1,,,
670000067908,405,,,4,10,,,4,,4,2,2,5,5,3,10,,,,6,1,
670000067908,406,,30,80,40,,,,,,,10,5,50,65,70,30,,,,,
670000067908,407,,9,,17,,7,3,5,6,3,,3,13,10,13,5,,5,,2,2
670000067908,408,5,,1,4,,3,2,,9,,6,1,1,5,9,7,,4,4,7,
670000067908,409,,,8,15,,,,10,,,,2,10,,,,8,,,,10
670000067908,410,,,10,,,8,,3,2,,,,10,7,,,4,,,4,7
670000067908,411,,10,,,,,,,,,,,10,,,,,,,,
670000067908,412,,10,230,,,,,,,30,20,20,40,110,,90,,,,,
670000067908,413,,,,8,,,,,,,,,8,,38,,,,,,
670000067908,414,,,8,,,5,5,10,0,,2,,10,5,7,5,5,,10,,5
670000067908,415,20,50,20,50,,40,20,20,30,40,20,10,50,40,50,,,20,60,,20
670000067908,416,,,60,690,-290,,,,,,,45,30,40,40,200,,,,10,80
670000067908,417,,,,10,,,,,,,,5,,,,,,5,,,
670000067908,418,40,30,190,,20,,10,10,10,20,20,20,120,60,,20,,20,30,10,30
670000067908,419,,,,10,,,,,,,10,,,,,,,,,,
670000067908,420,,,1,,2,,3,,,,,,,1,4,,,,,,2
670000067908,421,,,,,5,,,,,,,,,,,,,,,,
670000067908,422,,15,,10,5,,10,5,,7,10,,15,,20,,20,,,,10
670000067908,423,,,6,,,,,,,3,,,,,,3,,,,,
670000067908,424,1,,,10,,,,,,1,,1,1,1,2,4,,3,,6,2
670000067908,425,3,10,11,15,,,,,,,2,15,10,14,10,,,,5,5,2
670000067908,426,,,,50,,,,,,,,4,28,,60,,,,,,
670000067908,427,15,,10,10,,,10,,,,10,,10,,20,,,,,,
670000067908,428,,40,,60,30,,,,,,,,40,,,,,20,,20,
670000067908,429,,200,,200,,,,,,,30,,100,200,100,,,,,,
670000067908,430,,20,15,78,,,10,10,,10,20,10,30,23,35,,,,10,18,
670000067908,431,,,,140,,,,,,,,,,,100,,,,,,
670000067908,432,5,4,8,18,,,,,,,,,,10,5,,,7,,,
670000067908,433,,,,,4,,,,2,,1,,,,1,1,,2,,,
670000067908,435,10,,20,10,,,,20,,,,,10,,30,,,10,,,10
670000067908,436,,5,,5,,,,5,,,2,,5,,5,,,,,,
670000067908,437,1,,,,,,,1,,1,,,,,,,,,,,
670000067908,438,,5,10,,,10,,10,,,5,,5,5,10,,,5,,,10
670000067908,440,1,2,2,20,2,,,2,10,1,3,5,8,5,13,,2,7,,,1
670000067908,441,3,,,,6,,5,,,,,,10,,,,,,,,
670000067908,442,7,,20,,,20,,20,,,,,20,,20,,,,,,
670000067908,443,,,,10,6,,,,,,,,7,,,,,,,,
670000067908,444,,5,,20,,,,,10,,,20,10,10,10,,,,,,
670000067908,445,10,,6,12,,,,10,,,,20,,,,10,20,,11,,
670000067908,446,,,,5,,,2,,,,,,5,,,,,4,,,
670000067908,447,2,,,10,,,,,,,,,2,,,,,,,,
670000067908,448,,,5,5,,,,,,5,,5,5,,5,,,,,,
670000067908,450,,,6,,10,,,,,,4,,,,8,,,,,,4
670000067908,451,3,3,,2,,10,,2,,,,5,3,2,4,,2,10,,,
670000067908,452,4,,5,10,,6,,,6,,7,3,7,,5,,7,,5,,5
670000067908,456,,,,,,,,2,,,,,,,,,,,,,
670000067908,457,,,2,,,,3,,,,,,,,,,,,,,
670000067908,458,,20,,20,20,0,,,,,,20,,,,20,,,,,
670000067908,459,,,,,,,,,,,,,,,,,,8,,,
670000067908,460,,10,,10,13,0,5,,5,10,,5,10,10,20,,5,,,5,10
670000067908,462,,,,10,,,,,,,,,5,,,10,,,,,4
670000067908,463,10,,20,50,,,,,,,,,10,10,30,,,,,,10
670000067908,464,,,,,,,,,,,,,,,,,1,,,,
670000067908,465,,,,,,,,,,5,,,9,,,,,10,,,3
670000067908,466,,5,5,8,,,,,,,7,,2,,10,,,,,,
670000067908,467,,,5,,,,,5,,,,5,,,,,,,,,
670000067908,468,,12,,,6,2,,10,,5,,3,,10,15,,,,,8,
670000067908,469,,,,,,,4,,,,,,4,,10,,,,,,
670000067908,470,10,10,25,5,,,,,10,,,,,20,5,,,,,10,
670000067908,471,,,,,2,,,,,,,,,,,,,,,,
670000067908,473,,,,5,,,,5,,,5,,,10,7,,,,,4,
670000067908,474,2,,5,,10,,,,10,,,,,,10,,,,,,
670000067908,475,3,,10,35,,,,,,4,,,10,10,10,,,,6,,6
670000067908,476,4,,,,,,,,,4,,3,,3,4,1,,,4,,
670000067908,477,,,,10,,,,,,3,1,,5,,15,,,,,,
670000067908,478,8,,20,,13,3,8,7,,,5,4,5,4,8,,13,,14,,7
670000067908,479,5,50,50,,,,,,,5,3,3,5,5,20,,,6,3,,4
670000067908,480,,,,15,,,,,10,,,,8,,8,,,,6,,
670000067908,481,,,,,,,2,,,,,,,,,,,,1,2,
670000067908,482,40,27,46,33,10,19,14,13,14,12,24,26,24,24,24,17,18,18,17,13,13
670000067908,483,,,10,,,10,,,,,,10,10,,,10,,10,,,
670000067908,484,,30,,,,,,,,,10,,20,,,,,,10,,
670000067908,485,,2,,5,,,,,,,,,,5,2,,,,,,
670000067908,486,,,10,,5,15,,,10,,,,15,5,5,5,5,5,,20,
670000067908,487,,,3,,,,,1,,,,,8,,,,,,2,3,
670000067908,489,,,10,20,,,,,0,10,,,18,20,,,,,10,,
670000067908,490,,,,,,,,12,,,,,3,,2,,,,,,
670000067908,491,,10,,50,,,,10,5,5,5,8,15,25,,2,10,15,-1,5,10
670000067908,492,,,,,,,,10,,10,,,,23,,,10,,,,10
670000067908,493,,,,,,,,10,,,,,,15,45,5,,,20,,
670000067908,494,,,,,3,,,,,2,,,,,,4,,,,,
670000067908,495,,,,,,,,,,,,,,,,,,2,,,
670000067908,497,,10,,6,,,,,,2,,,10,,,,,2,,,
670000067908,498,2,,5,1,,,,,,,,,,,,,,,,,
670000067908,500,,,10,,,,,,,1,,,,,,,4,,,,3
670000067908,501,,,,,,5,,,,,,2,,7,1,,2,,,,
670000067908,502,,5,,5,,,,,,,,,10,5,,,,,,,
670000067908,503,,,,,,,,,,7,14,11,22,8,,,,,,,
670000067908,504,10,,40,20,,,,,,,,,,,,,,,,,
670000067908,505,4,2,3,8,3,11,3,5,,7,2,4,5,5,3,4,,3,1,3,5
670000067908,506,,,,,,10,,,0,,,,,10,,,,,10,,
670000067908,507,1,,10,8,9,1,4,4,6,3,4,3,5,12,2,7,3,4,3,7,
670000067908,508,20,90,95,210,,10,30,,30,30,60,10,140,40,40,130,20,30,70,40,30
670000067908,509,,,5,15,,,,,,,,2,7,,,,,5,,,
670000067908,510,,1,,,,,,,3,,,,2,,,1,,,,,
670000067908,511,,,,,,,,,,,,,,10,,15,,,,,
670000067908,512,,,,,,,,,,,,,,,,3,,,,,
670000067908,513,10,5,,20,,,,10,,,,,,10,5,,,,10,,
670000067908,514,,,,,2,,,,,10,,,,5,,,10,,,,
670000067908,515,,,,,,,3,,3,10,,,,,,,,5,5,,
670000067908,516,,6,,10,,,,,,,,5,,15,,10,,,,,
670000067908,517,3,3,6,,4,3,,,6,,,,2,3,,,,3,,,
670000067908,518,,,,,,,,,,,,4,,,,,,,,,
670000067908,519,20,,10,30,,,15,,10,,15,20,20,20,,20,10,10,10,20,
670000067908,520,,,,2,,,,,,,,,,,,,,,1,,
670000067908,521,14,14,21,47,,,18,15,,26,10,3,45,8,26,29,15,5,23,9,23
670000067908,522,,,,,,,,,,5,,,,4,6,,,,3,,
670000067908,523,,10,,17,,,,,,,,,9,,10,,,,,,
670000067908,524,4,,8,20,0,,,4,,,2,2,10,,9,,4,8,4,,4
670000067908,525,,6,,15,,,,,,4,9,,3,4,6,3,,,5,2,3
670000067908,526,,2,,,1,,,27,,,,2,2,2,,2,,,,,
670000067908,527,,,,6,,,,,,2,,,5,2,,,2,1,5,,4
670000067908,528,,10,20,20,,,,,,,,5,10,10,10,,,,,10,
670000067908,529,,7,,9,,,,,7,3,,2,12,10,,,,,,10,
670000067908,530,3,5,14,42,,,,,,2,4,1,10,20,,,10,,3,1,6
670000067908,531,5,,,,,,3,1,,,,,,,,,,,,,
670000067908,532,7,,10,30,,,,,,,,,,10,15,,,10,5,5,3
670000067908,533,10,,,15,10,,5,10,10,10,5,10,25,15,5,10,,15,15,10,15
670000067908,534,61,73,89,474,,,,40,110,36,68,82,106,117,173,139,,67,89,66,105
670000067908,535,,9,6,9,21,7,5,20,10,,12,8,26,8,13,28,,5,8,20,14
670000067908,536,2,2,,2,,5,5,,,,,6,,3,7,,2,,3,,
670000067908,537,,,,14,,12,,18,,10,,,,,3,5,,5,,,14
670000067908,538,,1,,4,6,,,,,4,,,,4,,,,5,,2,
670000067908,539,,,,,,20,,,,,,,10,15,,,,20,,,
670000067908,540,,20,40,30,,,,20,30,100,50,25,100,120,40,120,,110,,10,
670000067908,541,,6,,,5,,,,6,4,1,,4,,3,,3,,,1,
670000067908,542,10,,15,,10,10,10,,20,,,,10,,20,,,,10,,
670000067908,543,,30,,,,,,,,,10,,,,20,,,,,,
670000067908,544,,,,,,2,10,,5,,5,10,8,,10,40,2,,,,3
670000067908,545,,5,,10,,,10,,5,5,,,5,15,5,,,,5,5,5
670000067908,546,4,6,7,9,5,,5,3,3,3,3,2,5,12,15,,4,12,,2,
670000067908,547,,,5,,4,,2,4,3,,,3,,8,,5,2,5,4,,
670000067908,548,,10,,50,,,,,,,,,10,20,10,,30,,10,20,
670000067908,549,,,10,,,,10,,,,10,10,,,,10,,,10,10,
670000067908,550,20,,,10,10,,,,20,,15,,,10,15,,,,,,
670000067908,551,,,,5,,5,,,,,,,,7,,,,,,,
670000067908,552,,5,,10,,,,,20,,,2,,5,10,,,,,,
670000067908,553,10,,10,10,5,10,10,15,,,5,15,15,10,25,,15,,10,,5
670000067908,554,3,,5,10,4,6,,,5,,5,5,,,10,,,3,6,2,5
670000067908,555,10,,20,,,10,,,,,,,20,,,20,,,,10,
670000067908,556,,10,,,,,,,,,,,10,,,10,,,10,,10
670000067908,557,5,,,,,,10,,,5,,,,5,,,,5,3,,
670000067908,558,5,,3,9,,,9,,,5,,4,8,5,3,,,,,,
670000067908,559,5,,15,41,,20,10,5,,,,,,2,30,,10,,,,
670000067908,560,3,,,,,,1,,,,,,,2,3,,,,,1,2
670000067908,561,,10,5,,,5,10,,5,,,,6,,,,10,,,,2
670000067908,563,4,6,8,10,1,,9,6,,2,,1,9,2,,1,2,2,2,1,3
670000067908,564,,10,5,,15,,,10,,,,,5,,15,,,10,10,,
670000067908,565,,,,15,,,,0,,,,,10,,,,,,,10,
670000067908,566,,20,120,130,,,,,,,,,,20,40,20,,,,,
670000067908,568,5,,5,,3,4,4,,2,2,1,3,,,3,,2,3,3,3,
670000067908,569,12,,,11,,,,1,1,1,,4,6,4,1,3,,4,4,2,1
670000067908,570,,,,10,,,,,,,,,10,,20,,,,,,
670000067908,571,,,3,,1,3,2,2,,1,2,,1,,2,,3,1,2,,2
670000067908,572,3,,7,,4,,,,3,,,2,4,8,,3,,,,,
670000067908,573,,,,,,,,,1,,,,,,,,,,,10,
670000067908,574,,,10,,,10,,,,20,,,30,,10,10,,30,,30,
670000067908,575,,,7,,,,,,,,,,3,,,,5,,,,
670000067908,576,,5,5,6,,,,,,3,2,1,16,5,4,,,1,10,,
670000067908,577,,20,,10,,,,,8,,,,25,,15,,,5,8,,
670000067908,578,5,,,4,,3,5,5,,5,,,,,5,,2,,,,2
670000067908,580,,,,,,2,,,,,,,,10,,,,,,,
670000067908,581,,,,,,,,1,,,1,,,,,,,,,,
670000067908,582,,,2,,,,,,,,,,,2,,4,,,,3,
670000067908,583,,,,13,,,,5,,,,,,,,,,7,,,
670000067908,584,,,15,20,,5,,2,,,,,8,13,,,,,6,,6
670000067908,586,,,2,,,,,,,,,,,,,,,,,,3
670000067908,588,,15,,25,,,2,2,5,,5,20,5,5,15,10,,5,10,,
670000067908,589,3,,,4,,,,,,,,,2,,,7,,,3,,3
670000067908,590,,5,,4,1,,2,6,,,7,,,,,,5,,5,,5
670000067908,591,,,,3,,3,2,,,1,,,,2,2,1,,,,,2
670000067908,592,,,1,3,,2,1,,,,,,,1,,,,,1,,
670000067908,593,,,,,8,,,,,,,,,,,3,,,,5,
670000067908,594,,,5,,,,,,10,,10,,5,,12,,,,,,4
670000067908,595,,,4,8,,10,,,4,,,27,10,13,2,,,,,,
670000067908,596,,,10,25,,,,,,,,,,10,,,,,,10,
670000067908,597,2,,2,10,,,,,,1,,3,,4,2,1,,,,2,
670000067908,598,,10,,,,,10,,,,,,,20,-10,,,,,,
670000067908,599,,5,,,,,,,,,,,,,,,,5,,,
670000067908,600,1,4,9,,,,,,,,,3,,,,2,,5,,,
670000067908,601,,,,5,,,,,,,,,,,,,,,10,,
670000067908,602,,,,3,,,,,,,,,,,,,,,,,2
670000067908,603,,,3,,,,,,,,,,,,,,,,,,
670000067908,604,,10,,,5,,,,,,,,10,,5,,,,,,
670000067908,605,,,,,,2,,,,,,3,5,5,,,,,,,
670000067908,606,,,,,,,,,,,,,,,,2,,,0,,
670000067908,607,8,3,3,15,,,7,7,,5,8,5,13,8,10,,11,,5,7,5
670000067908,608,,,,,,,,,,,,,,,,,,,2,,
670000067908,610,,,15,,15,,,10,,,,,15,,2,,5,,5,6,
670000067908,611,2,2,4,,,5,,,9,,3,,2,2,,,,,,,
670000067908,612,,2,,,,2,,,,,,,10,,,,,,,,
670000067908,613,1,,,,,,,,,,,2,,,4,,,,,,
670000067908,614,,10,8,,,,,10,,,10,,10,,,,,,,5,2
670000067908,615,7,,,10,,8,6,,,,10,5,,,,,6,,7,,8
670000067908,616,5,,10,10,,,,,,,10,,,,9,,,,,9,
670000067908,617,1,,1,,1,,,,,,,,1,,1,,,,,,1
670000067908,618,5,,12,20,,5,,8,2,,,,30,,20,,,,,5,
670000067908,619,,,6,10,,10,,,5,5,,5,5,5,10,,,,,5,5
670000067908,620,,,,,,,,,1,2,,,,2,,,,,2,,
670000067908,622,,,3,10,,,,,,,,,5,,5,,,,2,,2
670000067908,623,3,7,5,15,,,,0,,,,,10,,,,,,,,
670000067908,624,1,2,2,2,,,2,,,,,,3,3,,,,2,,,
670000067908,625,10,10,30,50,,,,0,20,20,10,,30,10,80,20,,,,,20
670000067908,628,,3,,,,,,,,,,1,,,3,,,,,,
670000067908,629,6,3,7,4,,3,5,3,5,2,,,,2,4,3,2,3,3,,4
670000067908,630,,10,,,,,7,,,,,,,,,,,,,,
670000067908,631,,15,,,,,,10,,,,,,,,,,,,,
670000067908,632,3,,,4,,,,,,,1,,2,,2,2,,,2,,
670000067908,633,,3,9,12,2,12,,,5,4,83,155,140,5,222,102,9,,6,55,3
670000067908,634,,3,15,,,,5,,,,,,6,9,5,,,10,,4,5
670000067908,635,,,5,,,,,,,,,,,,,,,2,,,
670000067908,636,,10,7,15,,20,,20,30,,6,8,10,5,8,5,3,,5,5,6
670000067908,637,,,,,,,,,,,,,,,1,,,,,,
670000067908,638,,,5,,,,,,4,,,,,,,,,,,,
670000067908,640,,8,,15,,,,,10,,10,,,10,,10,,,,10,
670000067908,641,13,,,,,,,15,,,,,10,10,,,,,10,,
670000067908,642,,,,,,,,,,,,1,,,4,,,,,,
670000067908,643,3,,,,,,,,,,,,,,,2,5,5,,3,
670000067908,644,,2,,3,,4,,2,,,1,1,,,1,,,3,3,2,
670000067908,645,,,,,,,,,,,,2,,,,,,,,,
670000067908,646,20,,,40,,,,20,,10,,10,10,10,,,10,10,,10,
670000067908,647,10,,10,5,,10,,10,,2,7,,5,10,10,,,5,15,,
670000067908,649,,3,,,,,,,,,,,3,,2,,3,,3,,3
670000067908,650,5,,4,7,,7,2,,3,,,,5,4,,,6,,6,,7
670000067908,651,4,2,6,,,3,,2,1,2,,1,3,,,,2,3,3,2,4
670000067908,652,1,10,,5,,,,3,5,3,3,,3,2,9,,,,,2,
670000067908,653,4,,,,,,,5,,,,,,,,2,,,,,
670000067908,654,,,2,,,,2,1,,,,,,,,,,,,,1
670000067908,655,,20,,,,,10,,,,10,10,10,,20,10,,,10,,10
670000067908,657,,10,,25,4,,,,,,,,6,6,,,,,,,
670000067908,658,7,15,,7,,8,,7,6,8,4,5,4,11,10,,,6,4,6,
670000067908,659,20,,,10,,10,,10,,10,,,12,,10,,,10,10,,
670000067908,660,3,10,,15,,,,,,,7,,9,,5,,,,,5,2
670000067908,661,,,,20,,,,,,10,,,,10,10,,,10,,,20
670000067908,662,1,,,,,,,,,,4,,5,,,,,,,,
670000067908,663,,,,10,,,,,,,,,,5,,,,,5,,
670000067908,664,,,10,,,,,,,,,,,5,,,,,,,
670000067908,666,,,,,,3,,1,,,,,,,,,1,,,1,3
670000067908,667,9,,,11,,,,,,2,,,8,,,,10,,,,
670000067908,668,,20,10,40,,,,,10,20,,,10,20,,,,,,,30
670000067908,669,,,10,10,,,15,,,,,,10,,10,,,5,10,,
670000067908,670,,,,40,,,,,,,7,14,21,19,50,40,,,,,
670000067908,672,,,5,2,,,,,,,,,,5,,,,,,,
670000067908,673,,,10,20,20,0,,,,,,,,,,,,,,,
670000067908,676,10,20,10,75,,,,0,,5,,,8,5,20,,20,15,20,10,20
670000067908,677,3,3,,10,,,,,,,,3,,,3,,,,,3,
670000067908,678,,,12,4,,,2,,,,,8,15,,,3,,,,,
670000067908,679,5,,1,,2,5,,,,,3,1,,,,2,,,5,,
670000067908,680,10,,,,,,,,,10,,10,10,,10,10,,,,,
670000067908,681,,,15,20,,,,,,20,,,20,,,20,,,,,5
670000067908,682,,9,,8,,,,,,,,,,,,,,,,5,
670000067908,683,,,,,2,,,,1,,,,,,,,,,,,
670000067908,684,,,,,,,,,6,4,3,,,3,,,,,,,
670000067908,685,,,,,,,,,,,,1,,1,,,,1,,1,
670000067908,686,,,5,,,,2,,3,,,,,,,,,,,,
670000067908,687,3,5,,,,,,2,,,,,,5,2,,,,,,
670000067908,688,,,,480,,,,,0,,10,,40,10,120,30,,,,,
670000067908,689,,10,20,10,,,,,,,,,10,,30,,,,,,
670000067908,690,5,,,,,,,3,,,,,,,5,,5,,,,
670000067908,691,2,4,,5,,,,,,,,,8,,,,2,,,,
670000067908,692,3,,5,3,8,,,2,,,,,2,1,,2,,2,,,
670000067908,693,,,,,,,,,,,,,2,,,,,,,,
670000067908,694,,,,,,,,6,,,5,,,,,,,,,,
670000067908,695,,10,,10,,,,,,,,,10,,12,,,,,,
670000067908,696,2,5,5,10,,,,20,,,,,,,,,,,,3,
670000067908,697,,20,,145,,,,,,30,20,10,,20,,70,,,10,,
670000067908,699,,,,15,,,,,,,,,,,5,,,,,,
670000067908,700,,,,,,,,,,,,,,,,,2,,,,
670000067908,701,12,5,,3,,5,10,,,,10,,10,,4,,15,,,,
670000067908,702,,,2,,,,4,,,,,,,,,2,,,3,,
670000067908,703,,10,,,,,,2,,,,,,,,,,,,,
670000067908,704,,,12,4,6,,,,,,,3,7,,,,,5,,,9
670000067908,705,4,11,,,,,,,,,2,,,6,,2,2,1,,4,
670000067908,706,,,,20,15,,,,,,,,,,10,,,10,,,
670000067908,707,,,,,,,,,,3,,,,,1,,,,,,
670000067908,708,2,,5,13,,,,5,,3,,2,10,10,15,,,7,,3,
670000067908,709,2,,20,,20,,,,,,6,,,20,5,,3,,,10,
670000067908,710,,,,5,,2,,6,,,1,,3,,,,2,,,2,2
670000067908,711,,10,,5,,,20,,,,,,,,,,,6,3,-3,
670000067908,712,,,,,,,,,,,,,5,,,,,,5,,
670000067908,713,,,3,,,,,1,,,,1,,,,4,,,,,
670000067908,715,,12,,,,,,,,,,,,,,,,,,,
670000067908,716,,6,,,,,,,,,,,,,10,,,,,6,
670000067908,717,,8,,,,,,,,,13,,,,,,,,,,2
670000067908,719,,5,,,,,,,4,,,,10,,,,,,,,
670000067908,720,,,,,,,,,1,,,,,,,,,,,,
670000067908,722,10,,30,20,,,,,10,,10,,20,10,20,,,,,,
670000067908,723,,,,,,,6,,5,,,5,,,,,,4,,,
670000067908,725,4,,,,,,,,,,5,,,,,,,2,2,,
670000067908,726,,,1,4,,,,,5,,,3,,5,,,,,,3,1
670000067908,727,,,,,,,4,,,,,,,,,,,,,2,
670000067908,728,,,,5,,,,,,,,,,,,,,,,,
670000067908,729,,10,,,,,,10,,,,,10,,,7,6,,,7,7
670000067908,730,,6,,,,,,2,,2,,,5,,12,,,,,,
670000067908,731,10,,,,10,,,,10,,,,10,,,,10,,,,
670000067908,732,,,,2,,,1,,,,,2,4,2,3,6,,3,,1,1
670000067908,733,,,,4,,,,,,,,,,,,,,,,,
670000067908,734,,2,,,5,,,,,,,,,8,,,,,,,
670000067908,735,1,4,5,15,,,,,2,5,0,,,8,7,,,7,2,,2
670000067908,737,14,17,20,23,5,,,,,,,,,6,,15,22,3,3,2,10
670000067908,739,,,10,20,,,,,,3,,2,7,2,20,,,,10,,
670000067908,740,40,,,10,20,,,,,20,,10,10,,,,,10,,,10
670000067908,741,,4,,,,5,,,,0,,,,,,,,1,,,2
670000067908,742,,,,1400,,,,,,,,,500,300,,600,,,,,800
670000067908,743,,,200,600,,,,,,,,,,500,200,1000,,,,,
670000067908,744,,,1,,,,,2,,,,,,2,,3,,,,,
670000067908,745,40,200,100,400,,,,,0,,,70,400,,200,300,,,,,
670000067908,746,2,,10,,12,,,,,,,,,,,,,,,3,
670000067908,747,,,,100,,,,,,,50,20,100,100,,150,,,,,
670000067908,748,,,8,-8,,,,,,,8,,,,,,,,,,
670000067908,749,30,100,,600,,,,,,,,,200,,200,100,,,,,
670000067908,750,,,5,10,,5,,10,,,,,,,10,,,3,,3,
670000067908,752,,5,3,11,6,,,,,,,,4,13,,5,,,5,5,6
670000067908,753,1,2,,2,1,5,,,,,,1,,,,,,,1,,
670000067908,754,,,,,,,,,,,,,,10,20,,,,,,
670000067908,755,,5,,,,,,,,,,,10,,5,,,,2,,
670000067908,756,,0,10,25,,3,,,,,,,10,8,,5,,4,6,,5
670000067908,757,2,,7,,,,7,,8,,,,6,,,,,9,,2,
670000067908,758,,,,10,10,,,,10,,,,10,20,,,,,,,
670000067908,759,,,,,10,0,,,,,,,10,15,10,,,,,,
670000067908,760,,,10,,,,5,,,,,,6,5,,,,,,,
670000067908,761,,10,,,10,,,10,,,,,20,5,,,,10,10,,10
670000067908,762,,,,,2,,,,,,,,2,4,,,,,,,
670000067908,763,,,20,10,,,,,,,,,10,,20,,,,,,10
670000067908,764,5,10,5,,18,,,5,5,,,,7,10,,,3,5,3,5,5
670000067908,765,,,20,20,,,,,,,,,10,10,10,,,,,,
670000067908,766,,,,10,,,,,,,,,4,,,,,,,,
670000067908,767,,,4,,,,,,,,,,3,3,,,,,,,
670000067908,768,,5,,5,,,,,,,,,,5,5,,,,,,
670000067908,769,,,,,,,1,,,,,,,10,,,,,7,,
670000067908,770,,,,65,,,10,10,30,,20,20,23,30,40,60,,,10,30,84
670000067908,771,,10,2,19,,6,7,2,5,,,,,,,,,,,,
670000067908,772,,,,,,,,,,,,,,5,,,,,,,
670000067908,774,,,,,,,,,,,,,,3,,,,,,,
670000067908,775,,2,1,1,,,2,,,,,,,,,,,,,,
670000067908,776,,2,12,,10,,,5,2,,,,,8,5,,4,2,,,
670000067908,777,,,,,,,,,,,,,,6,,,,,,,
670000067908,780,,3,3,,5,,,,,,,,,,,,,,,,
670000067908,781,,,,,,,39,67,20,,,,,,26,25,4,,0,,
670000067908,782,,30,80,100,40,30,50,10,,,,,,,10,,20,,,40,50
670000067908,783,,,,,,,,,,,,,,,,3,,,10,,
670000067908,784,,,,3,,,,,,,,,,,,,,,4,,
670000067908,785,,6,,,7,1,4,3,4,,,,,,,3,,3,4,,1
670000067908,786,,,,3,,,,,,,,,,,,,,,,,
670000067908,787,,,14,28,12,,,4,,,,,,,,,,,,,
670000067908,788,,,50,,40,,,20,0,,,,,,,,,,,,
670000067908,789,49,16,27,98,,,9,,,,,,,,,,40,17,75,40,2
670000067908,790,,,10,,,,,,,,,,,,,,,,,,
670000067908,791,,,20,,,,20,,,,,,,,,,,,,,
670000067908,792,,3,,7,,,,,,,,,,,,,,,,,
670000067908,793,10,,,,,,,,,,,,,,,,,10,,,
670000067908,795,80,20,90,1100,,,,,,,,,,,,,,,50,70,90
670000067908,796,,,,,3,0,,,5,,,,,,,,,,,3,2
670000067908,797,5,4,,10,25,,20,10,,,,,,,,,,,,,
670000067908,798,1,2,,5,10,,,,,,,,,,,,,,2,,
670000067908,799,,,,,,,,5,,,,,,,,,,,,,
670000067908,800,,,10,,,,5,,,,,,,,,,,,2,,5
670000067908,801,-1,15,,,10,,15,,,,,,,,,,,,,10,12
670000067908,802,,,,,,,,3,,,,,,,,,,,,,
670000067908,804,,,,,5,,,,,,,,,,,,,,,,
670000067908,805,,,1,,,1,,,2,,,,,,,,,,,,
670000067908,806,,,,,1,,,4,,,,,,,,,,,,,
670000067908,807,,,,,4,0,,,2,,,,,,,,,,,,
670000067908,808,5,,20,10,,,,,,,,,,,,,,,,10,2
670000067908,809,1,6,,5,,10,,5,,,,,,,,,,,,2,3
670000067908,810,,7,,,7,,,,,,,,,,,,,,,6,
670000067908,811,,10,-10,,,,,,,,,,,,,,,,,,
670000067908,812,,,,,6,,,,,,,,,,,,,,,,
670000067908,813,,,,,10,,,,,,,,,,,,,,,,
670000067908,814,,,3,3,,5,,6,,,,,,,,,,,,,
670000067908,815,,2,,2,4,3,,5,3,,,,,,,,,,,,
670000067908,816,,15,,,,,,,,,,,,,,,,,,,
670000067908,817,,,,4,,,,4,,,,,,,,,,,,,
670000067908,818,8,,,11,,,,10,,,,,,,,,,,,,
670000067908,819,,,,,,,,,,,,,,,,,,,,,2
670000067908,820,10,,,,,,,3,,,,,,,,,,,,,3
670000067908,821,,,,5,4,,4,,,,,,,,,,,,,,
670000067908,822,,,,7,,,,8,,,,,,,,,,,,,6
670000067908,823,,,,,,,,,3,,,,,,,,,,,,
670000067908,824,,10,,,,,10,,,,,,,,,,,,,,
670000067908,825,0,13,10,9,1,8,8,11,6,,,,,,,,,,,,
670000067908,826,,,,,,,,8,1,,,,,,,,,,,,
670000067908,828,10,,10,25,,,,,10,,10,5,10,10,30,10,,,,,
670000067908,829,,,,955,-475,,,,,,,20,60,10,30,150,,,,,70
670000067908,830,,,15,,,,,10,,,2,3,15,8,60,,,,,,
670000067908,831,,,,,,,,3,0,,,,,,,,,,,,
670000067908,832,5,,,,,,,,,,,,,,,,,,,,
670000067908,833,5,,,2,21,,,,,,,,,,,,,,,,
670000067908,835,,1,,2,2,,,,,,,,,,,,,,,,
670000067908,837,,,10,,,,,,,,,,,,,,,,,,
670000067908,838,,1,,,,,,,,,,,,,,,,,,,
670000067908,839,,5,,5,,10,10,,,,,,,,,,,,,,
670000067908,840,,1,11,,,3,,,,,,,,,,,,,,,
670000067908,842,,10,,10,10,,,,,,,,,,,,,,,,
670000067908,843,,5,,,2,,4,,2,,,,,,,,,,,,
670000067908,844,,10,,10,,,,,5,,,,,,,,,,,,
670000067908,845,,,,10,,,,10,,,,,,,,,,,,,
670000067908,846,,10,,,10,,,,,,,,,,,,,,,,
670000067908,847,,15,,,,,,,,,,,,,,,,,,,
670000067908,848,,,8,10,,,,,,,,,,,,,,,,,
670000067908,849,,,10,20,,,,0,,,,,,,,,,,,,
670000067908,851,,,5,8,,,,,,,,,,,,,,,,,
670000067908,852,,,10,,,,,,0,,,,,,,,,,,,
670000067908,853,,,,,10,,,,,,,,,,,,,,,,
670000067908,855,,,10,,,,,,,,,,,,,,,,,,
670000067908,856,,,10,20,,,,10,,,,,,,,,,,,,
670000067908,857,,,5,,,10,,,,,,,,,,,,,,,
670000067908,858,,,3,9,,,,,4,,,,,,,,,,,,
670000067908,860,,,,11,-1,10,,,10,,,,,,,,,,,,
670000067908,861,,,9,,,6,4,,,,,,,,,,,,,,
670000067908,862,,,5,,,,,,,,,,,,,,,,,,
670000067908,863,,,3,,3,7,,4,6,,,,,,,,,,,,
670000067908,864,,,,10,,,,20,,,,,,,,,,,,,
670000067908,865,,,,15,,,,,,,,,,,,,,,,,
670000067908,866,,,,6,,,,,,,,,,,,,,,,,
670000067908,867,,,,40,,,,,,,,,,,,,,,,,
670000067908,868,,,,,,,,,0,,,,,,,,,,,,
670000067908,869,,,,4,,,,,,,,,,,,,,,,,
670000067908,872,,,,,,2,,,,,,,,,,,,,,,
670000067908,873,,,,10,,,,,,,,,,,,,,,,,
670000067908,874,,,,5,,,,3,,,,,,,,,,,,,
670000067908,875,,,,,,,,10,10,,,,,,,,,,,,
670000067908,877,,,,7,,,2,11,5,,,,,,,,,,,,
670000067908,881,,,,,,,,,2,,,,,,,,,,,,
670000067908,883,,,,,1,,,,,,,,,,,,,,,,
670000067908,884,,,,,,,1,,,,,,,,,,,,,,
670000067908,885,,,,,2,,,,,,,,,,,,,,,,
670000067908,886,,,,,1,,,,,,,,,,,,,,,,
670000067908,887,,,,,10,,,,,,,,,,,,,,,,
670000067908,888,,,,,,,,,2,,,,,,,,,,,,
670000067908,889,,,,,5,,,,,,,,,,,,,,,,
670000067908,890,,,,,,10,,,,,,,,,,,,,,,
670000067908,891,,,,,3,,2,3,,,,,,,,,,,,,
670000067908,892,,,,,2,,,,,,,,,,,,,,,,
670000067908,893,,,,,1,,,,,,,,,,,,,,,,
670000067908,894,,,,,5,0,,,,,,,,,,,,,,,
670000067908,895,,,,,,7,,,,,,,,,,,,,,,
670000067908,896,,,,,,10,,,,,,,,,,,,,,,
670000067908,897,,,,,,4,5,1,,,,,,,,,,,,,
670000067908,898,,,,,,,20,,,,,,,,,,,,,,
670000067908,899,,,,,,,,6,,,,,,,,,,,,,
670000067908,901,,,,,,,,5,,,,,,,,,,,,,
670000067908,902,,,,,,,2,,,,,,,,,,,,,,
670000067908,903,,,,,,,5,,,,,,,,,,,,,,
670000067908,904,,,,,,,2,,,,,,,,,,,,,,
670000067908,905,,,,,,,5,,,,,,,,,,,,,,
670000067908,906,,,,,,,2,,,,,,,,,,,,,,
670000067908,907,,,,,,,,4,,,,,,,,,,,,,
670000067908,908,,,,,,,,10,,,,,,,,,,,,,
670000067908,909,,,,,,,,,10,,,,,,,,,,,,
670000067908,910,,,,,,,,5,,,,,,,,,,,,,
670000067908,911,,,,,,,,,12,,,,,,,,,,,,
670000067908,923,,,,,,,,,,,,1,,,,,,,,,
670000067908,925,,,,,20,,,,,,,,,,,,,,20,,
670000067908,950,,,,,,,,,,,,,,,,,,,20,-20,
670000067908,954,,,,3,,,,,,,,,,,,,,,,,
670000067908,956,,,,,,,2,,,,,,,,,,,,,,
670000067908,957,,,,,,,,,,,,,,,,,,,,4,
670000067908,960,,,,,,,10,,,,,,,,,,,,,,
670000067908,962,,,,,,,,,1,,,,,,,,,,,,
670000067908,963,,,,2,,,,,,,,,,,,,,,,,
670000067908,964,,20,,,,,,,,,,,,,,,,,,,
670000067908,965,,,,,,,,,0,,,,,,,,,,,,
670000082901,2,3,,7,,,,,5,,,,,,,,,,,,,
670000082901,3,,1,5,,,,1,,,,,2,,,2,,,,,,
670000082901,6,,,,,,,,,,,,1,,,1,,1,,,,
670000082901,7,,,,,,3,,3,,,,3,,,5,,,,,,
670000082901,9,,,,,,,,,,,2,,,,5,,,,,,
670000082901,10,3,,4,,,,,,,,,,5,,,,,,,,
670000082901,11,,,,,,,,,,,,,1,,,,,,7,,
670000082901,16,,,,,,3,,,,,,,,,,,,,,,
670000082901,19,2,,2,,6,,,2,2,3,,,2,,2,,4,,,,
670000082901,22,,,,,,,,,,,,,,,102,,,,4,2,
670000082901,26,,,,,,,,,,,,,,,5,,5,,,,
670000082901,27,,,,,,,,6,,,,,,3,,,,,,,
670000082901,28,,,,5,,,,,,,,,,,,,,,,,
670000082901,33,,,10,,,10,10,,,,,,15,,35,,,,,,
670000082901,44,,,,,,,,,,,,,,,,,,,,,
670000082901,48,,,10,,3,,,3,,,,,15,8,,10,,,12,,
670000082901,57,,,2,,,,,3,2,,,,,,5,,,,,3,
670000082901,58,,,,3,,,,,,,,,,,,,,,,,
670000082901,60,,,,22,,,,,,,,2,,20,,,50,,,,
670000082901,63,,,,,,,,10,,,,,,10,,,,,,1,
670000082901,64,,,,,,,,,,1,,,,,,,,,,,
670000082901,66,,,7,2,2,,,3,,,,102,3,2,2,,6,,,,
670000082901,67,,,,,,,,,,,,,,,,,,,,,
670000082901,69,,,,,,50,30,20,30,,,,40,,,,,,9,16,2
670000082901,71,,3,,9,,,4,,,,,,,,7,,,,,,2
670000082901,77,,,,,,,,,5,,,2,,,,,,,20,,
670000082901,81,,5,,,,,,5,5,,,,,,,5,,,,4,
670000082901,86,,,,,,,,,,,,,30,40,,,,,,5,
670000082901,89,,6,,,,,3,,,,,,,,,,6,,2,,3
670000082901,95,,6,,,,,,,,,,,,,,,,,,,
670000082901,97,,,10,,,,,,,,,,,,,,,,6,,
670000082901,100,,,,5,,,,,,,,,,,,,,,,,
670000082901,106,,1,,,,,,,,,,,,,,,,,,,
670000082901,108,,,2,,,,,,2,,,,,3,,,2,,,,
670000082901,109,,,1,,,,,,,,,,,1,,,,,,,
670000082901,110,,,,,,,,,,,,,,,1,,,,,,
670000082901,111,,,6,,,,,,5,5,10,,,,,10,10,,,,
670000082901,115,,10,,18,,,,,,,,,,,4,5,3,,,,
670000082901,118,,,,1,,,,,,,,,,,,,,,3,20,
670000082901,119,,,,,3,,,,,,,,,,,,,,5,,5
670000082901,120,,,,20,,,,,,,,,,,,,,,,,
670000082901,121,,,,10,,,,,,,,,,,,,,,,,
670000082901,125,,,,,,,,,,,,,,3,,,,,,,
670000082901,129,,,,,5,,,,,6,,,,,,,5,,,,
670000082901,130,,,9,,,1,1,2,,,,,4,,,1,2,,3,,
670000082901,131,,,,,,,,,,,,,3,,,,,,,,
670000082901,139,,7,,,,2,,1,,,2,,,,11,,,,1,,
670000082901,142,,,,,,,,,,,,,,,,,,,,,
670000082901,147,,,,5,,,,,,,,3,,,,,,,4,2,
670000082901,148,,,11,,,,,,,,,,,,,,,,,,1
670000082901,152,,,,,,4,,,,,,,,,,,,,,,
670000082901,153,,,,1,,,,2,,2,,,,,4,,,,,,
670000082901,159,,,10,50,60,,,,,,,,,,10,,,,,5,
670000082901,165,,1,1,,,,,2,,,,1,1,,1,,1,,,,
670000082901,171,,,,,,,,,,,,,,,,,,,,,
670000082901,174,,,,5,,,,,,,,,,,,,,,,,
670000082901,178,10,,30,21,20,10,10,,10,10,,,30,20,10,20,16,,4,,
670000082901,180,2,,,,,3,,,,4,,,,2,,,2,,,,
670000082901,183,,,,,,,,,,,,,,,,,20,,24,,20
670000082901,185,,2,5,2,,,,,,,,2,10,2,,,,,,3,
670000082901,186,,,30,,,,,,,,,,,,,,,,,,13
670000082901,188,,1,112,,,,,,,,,,,,1,,,,,10,
670000082901,191,,,,20,,,,,,,,,,,,,,,,,
670000082901,198,,,,,,,,2,,,,,,,,,5,,,,
670000082901,201,,20,20,30,,10,10,10,20,,,10,10,15,50,30,,,,,
670000082901,206,,,4,20,,,,,7,,,,,,,,,,,,
670000082901,207,,,,1,2,,1,,,,,,4,,,,,,,40,
670000082901,208,,,,,50,,,,,,,,,,,,,,,,
670000082901,214,,,5,,,5,,5,,,,,5,5,,,5,,,,
670000082901,219,,,,,,,,,,,,,,,,,,,,,
670000082901,223,,,4,,,,,,,,,,,2,,,1,,,,
670000082901,224,,,,,,,,,4,,,,,,,,,,10,,
670000082901,225,,,,,,,,,,,,4,,,,,,,1,,
670000082901,248,,,10,,,,,,,,,,,,,,,,2,,1
670000082901,249,,,2,,,,,,,,,,,,,,,,,2,
670000082901,256,,3,,,,,,,,,,,,,,,,,,,
670000082901,257,,,,,,,,2,,,,,,,,,,,,,
670000082901,266,,,15,10,,10,,,,3,,,6,,,3,3,,,,
670000082901,273,,,,,,,,,,,,3,,,,,,,,,
670000082901,277,,10,5,,,,,,10,,,,,,,10,,,,,
670000082901,278,,,,,,,,,,,,,,10,,,,,2,,6
670000082901,284,,,,120,,,,0,0,,,,10,5,60,,,,,,
670000082901,286,,15,,,,,,,,,,,,,10,,,,,,
670000082901,288,,3,,,,,,,,,,,,,,,,,,,
670000082901,289,1,,,,,,,,,,,,,,,,,,,2,6
670000082901,291,,,2,2,,,,,,,,,1,,2,,,,,,
670000082901,299,,,,1,,,2,,,,,,,,,,,,,,
670000082901,302,,,20,,,,,,,,,,,,,,,,,1,
670000082901,304,,10,10,33,,,,,,,,,,,,,,,2,,
670000082901,309,,,,,,,,,,,,,,1,,,,,10,,
670000082901,316,1,,2,,,,,,,,,,1,,,,,,2,,
670000082901,317,,,,,,,,,2,,,,,,,,,,,,
670000082901,318,,,4,,,5,10,,,,,5,,,2,,,,,,
670000082901,323,,,,,,,12,,,,,,,,,,,,,,
670000082901,325,,5,,6,,,,,,,,,3,3,,,,,,1,
670000082901,326,2,1,,,,,,,,,,,,,,,,,,,
670000082901,329,,,,,,,,,,,1,,,,,,,,,,
670000082901,333,,,,,,,,,,,,,,2,,,,,,,
670000082901,334,,,6,1,,,,,,,,,,,,,,,3,,
670000082901,338,,,,,,,,0,,,,,,,,,,,,,
670000082901,347,2,,,,,,,2,,,,,,,,,,,,,
670000082901,349,,,,20,,,,,10,,,,,,,,,,,,
670000082901,354,,,,,,,,,,,,4,,,3,,,,,,
670000082901,358,,,,10,,10,,,10,2,,,4,,10,10,,,,,
670000082901,361,,,3,4,,5,,,,,1,6,2,5,3,,2,,,,
670000082901,362,,,,,,2,,,,,,,,,,,,,5,-5,
670000082901,364,,,4,,,2,,,,,,,,,,,,,,,
670000082901,365,,,,,,5,,,,,,,,,,,,,,,
670000082901,367,,,,5,,,5,,,,,,,,,,,,,,
670000082901,384,,,6,,,,,,,,,,,,6,,,,2,,
670000082901,385,,,,,,,,1,0,,,,,,,,,,,,
670000082901,391,,,,,,2,,,,,,,,,,,,,,,
670000082901,392,2,,,,,,,3,,,,,,,,,,,,,
670000082901,393,,,,25,,,,,2,,,,,,,,,,,,
670000082901,401,,,,,,1,,,,,,,,3,,,,,,,
670000082901,402,,,,,,,,4,,,,20,20,-10,,90,,,,,
670000082901,411,,,20,,,,,,,5,,,,,,,,,,,2
670000082901,412,30,,45,,,,40,,,,10,10,,10,30,,50,,,,
670000082901,416,,,,,3,,,,,,,20,,,,2,,,,12,
670000082901,418,,,,,1,10,,,,,,,2,,,,3,,,,
670000082901,419,30,,,30,,20,20,,20,,,30,50,,50,,,,10,1,55
670000082901,425,,,,,,,,,,,2,,,1,,,,,,,
670000082901,426,,,,,,8,,,,,,,6,,,,,,,,
670000082901,430,,,2,,,,,,,,,,,,142,,,,,1,4
670000082901,432,,,20,,,,,,,,,,,,,,,,,2,1
670000082901,438,,5,5,,5,,,,,,5,,5,,5,,,,,30,
670000082901,440,6,,,,,,,,,,,,,,,,,,,,
670000082901,443,,,,,3,,,,,,,,,,,,,,,,
670000082901,446,,3,,10,,,2,,3,,2,2,5,10,,,,,,,
670000082901,451,,,,30,,,28,5,,,,,10,45,15,,,,,,
670000082901,470,,5,5,,,,,,,,,,,,,,,,5,,
670000082901,474,,,,,,,,,,,,,,10,,,,,,,
670000082901,482,,,1,8,,1,,,4,,,,,,3,,,,,,
670000082901,486,,,,,,,,,2,,,,,,,,,,,5,
670000082901,487,,,3,,,,,1,,,,,3,,,,,,,15,
670000082901,489,,,3,,,,,,,1,,,2,,,,2,,,,
670000082901,491,,,,,,,,,4,,,,,,,,,,,,
670000082901,500,,,,,,,,,,,,,,,,,,,2,2,6
670000082901,504,,,10,,,,,,,,,,,,,,,,,120,
670000082901,508,,12,,5,,20,10,,10,,,,10,,,10,10,,,,
670000082901,517,,,,,,,3,,,,,,,,,,,,2,2,
670000082901,519,,,,5,,,,,,,,,,,,,,,,,
670000082901,521,,,,,,,,,,,,1,,,,,,,,,
670000082901,525,,,35,,,40,,,,,2,,,2,,,,,,,2
670000082901,529,,,,,,,,,,,,,,1,,,,,,,
670000082901,530,,1,,,,,,,,,,,,,,,,,,,
670000082901,531,,,4,,,,,4,,,,,,,,,,,10,,10
670000082901,534,8,,5,80,,,,,,4,5,,20,3,4,,23,,,,
670000082901,540,,,30,400,,30,,,,20,5,10,60,30,,,80,,,,
670000082901,542,,,,,,,,,,,,,5,,,,,,,,
670000082901,544,6,,,,,,,80,6,,,,1,2,,,14,,4,,
670000082901,547,,,,,,,,,,,,,,,,2,,,,,
670000082901,557,,1,135,,,,10,,,,,,30,,20,,,,,,
670000082901,558,,,,,,,,,,,,,,,,,,,,,
670000082901,559,,,5,2,,5,,7,10,,,,,,,,,,8,,10
670000082901,561,,5,5,5,,,,,,,,,,,,,1,,,,
670000082901,562,,,10,,,,,,10,,,,,10,,,,,,,
670000082901,572,7,,35,,,,,,1,,,5,12,5,,,3,,,,
670000082901,573,20,10,,20,,10,,10,,20,10,,10,20,,,20,,,,
670000082901,576,,,,,,,,,,,,,,1,,,,,,,
670000082901,584,,,3,,,5,,3,,,,,,1,,,,,10,,
670000082901,589,,,,,,10,,,,,,,,,,,,,,10,
670000082901,605,,,,,,,,,,,2,,,,,,,,,,
670000082901,610,,,3,,,,,,,,,,,,,,,,,,
670000082901,621,,,,,,,,,,,,1,,,,,,,,,
670000082901,623,,,,,,,,,,,,,,,,,5,,1,,
670000082901,625,,20,3,30,,,,,,,,,30,,50,,,,10,10,
670000082901,628,,,,,,,,,,,,,,,1,,,,,,1
670000082901,629,,,,,,,,,,,,,,,,,,,4,,
670000082901,633,,,,,,,,,,,,,,,40,,,,2,,2
670000082901,637,,,,,,,,,,,,,,,,,3,,,,
670000082901,643,,,3,,,,,2,,,,,3,,,,1,,,,
670000082901,644,,,,1,,1,,,,,,,,,,,,,,,
670000082901,648,,,40,20,11,,,,,31,,10,20,,,,,,,,
670000082901,649,,,,2,,,3,,,,,,,,,,,,,,
670000082901,658,,,,2,,2,,,,,,,,,,,,,,,
670000082901,659,,,2,,,,,,1,,,,3,,,,2,,,,
670000082901,660,,,,,,,,,,,,,,,5,,,,,,1
670000082901,664,,,2,,,,,,,,,,,,,,,,,,
670000082901,668,,,,,10,,,,,,,,,,,,,,,,
670000082901,669,,,,,,,,,,,,,5,,,,,,,,
670000082901,670,,,,2,,,,,,,,,3,1,,,,,,,
670000082901,675,,10,,,,20,,,,,,,,,,,,,,20,20
670000082901,687,,,,2,,,,1,,,,,,,,,,,,,
670000082901,688,50,,65,30,,,,,,,,,,,55,,,,,1,
670000082901,691,,1,,3,,,,,,,,,,,,,,,,,
670000082901,694,10,,14,,5,,10,,,,,,20,,,,20,,,,
670000082901,696,,,,10,,,,,,2,,,10,,,,,,,,
670000082901,697,,,,5,30,,,,,,5,,,,,,60,,4,,3
670000082901,703,,,,,,,,,,,,,,2,,,2,,,,
670000082901,708,,,,2,,3,3,,,,,,,,,,,,,,
670000082901,709,,,,,,,,,,,,,,,,,,,,,
670000082901,711,,,,,,3,,,,,,,,,,,,,,,
670000082901,712,,,10,,,,,,,,,,,,,,,,,,
670000082901,716,,2,,,,,,,4,,,,,,,,,,20,,
670000082901,722,,,3,4,2,,,,3,,,,,,,,,,,1,
670000082901,735,2,4,0,5,,,,,,,,,7,6,3,,,,,,
670000082901,739,,,,,2,,,,,,,,,,1,-1,,,,2,
670000082901,742,,,200,,,,,,,60,20,,200,,,,500,,,,
670000082901,743,,,,400,,,,,,,,110,,100,,,,,,,
670000082901,745,,,,,,,10,,,,,,,,,,,,,,
670000082901,747,,,,,,,,,3,,,,,,,,,,2,,
670000082901,749,,,,,,,,,,,20,,,100,,,,,5,,
670000082901,750,,,,,,,20,,,,,,,,,,,,,,
670000082901,752,,,,,,,,,4,,,,,2,,,,,,,
670000082901,753,,,,,,1,,,,,,,,,,,,,,,
670000082901,754,,,,,,,,,,,,1,,,5,,,,,2,
670000082901,759,,,,,,,,,,,,,,,3,,,,,,
670000082901,768,,2,,,,,,,,,,,,,,,,,,,100
670000082901,770,1,,,3,,,,,,2,,,2,,,,2,,,,
670000082901,772,,,,,,,,,,,,,,5,,,,,,,
670000082901,780,,5,,,5,,,,,,,,,,,,,,,,
670000082901,782,,,,,,,,,,,,,,,5,,,,,,
670000082901,783,,,,1,,,,,,,,,,,,,,,,,
670000082901,788,,,,15,,,,,,,,,,,,,,,,,
670000082901,796,,,2,,2,0,,,,,,,,,,,,,,,
670000082901,797,2,,,2,5,,,,,,,,,,,,,,,,
670000082901,801,,,,1,1,,1,,,,,,,,,,,,,,
670000082901,809,,1,,2,,,,,,,,,,,,,,,,,
670000082901,828,,,,2,,,,,2,,5,,5,15,,,,,,,
670000082901,831,,,5,,,,,,,,,,,,,,,,,,
670000082901,833,1,,,,,,,,,,,,,,,,,,,,
670000082901,835,,,,2,,,,,,,,,,,,,,,,,
670000082901,836,,2,,,,,,,,,,,,,,,,,,,
670000082901,838,,1,,,,,,,,,,,,,,,,,,,
670000082901,840,,,,,,2,,,,,,,,,,,,,,,1
670000082901,842,,,,,1,,,,,,,,,,,,,,,,
670000082901,847,,20,,,,,,,,,,,,,,,,,,,2
670000082901,850,,,,,4,,,,,,,,,,,,,,,,1
670000082901,851,,,,1,,,,,,,,,,,,,,,,,
670000082901,856,,,2,2,,,2,3,,,,,,,,,,,,,
670000082901,859,,,1,,,,,,,,,,,,,,,,,,
670000082901,860,,,,,,,,2,,,,,,,,,,,,,
670000082901,861,,,4,,,2,5,,10,,,,,,,,,,,,
670000082901,869,,,,2,,,,,,,,,,,,,,,,,
670000082901,873,,,,5,,,,,,,,,,,,,,,,,
670000082901,875,,,,,10,,,,,,,,,,,,,,,,
670000082901,877,,,,,,4,,1,,,,,,,,,,,,,
670000082901,885,,,,,1,,,,,,,,,,,,,,,,
670000082901,888,,,,,,,,,2,,,,,,,,,,,,
670000082901,890,,,,,100,10,,,,,,,,,,,,,,,
670000082901,894,,,,,5,0,,,,,,,,,,,,,,,
670000082901,896,,,,,,2,,,,,,,,,,,,,,,
670000082901,899,,,,,,1,,,,,,,,,,,,,,,
670000082901,912,,,,,,20,,,,,,,,,,,,,,,
670000082901,922,,,,,,,,,,,,,5,,,,,,,,
670000082901,927,,,,,,,,,,,,,,,,,,,,,
670000082901,928,,,,,,,,50,,,,,,,,,,,,,
670000082901,935,,,,,,3,,,,,,,1,6,,,,,,,
670000082901,938,,,,,,,,,10,,,,,,,,,,,,
670000082901,945,,,,,,4,,,,,4,,,8,,,,,,,
670000082901,963,,,,1,,,,,,,,,,,,,,,,,
670000082901,966,,,,,,,,,,,,,,,,,,,,,
670000082901,967,,,,,,,,,,,,,,,,,,,,,
670000082901,968,,,,,,,,,,,,,,,2,,,,,,
670000041558,2,,,,,,,,,,,,,,,,,,,20,,
670000041558,3,,,,4,,,2,,1,,,,,,,,,,6,2,
670000041558,6,,,10,10,,15,25,,,,,,,,,,,,,,3
670000041558,7,,10,,,,28,,40,,,,,,,,,,,,10,
670000041558,11,,,,,,2,,,,,,,,,,,,,,,
670000041558,14,,,,,,,3,,,,,,,,,,,,,,
670000041558,16,,,,,,,,,,,,,,,,,,,5,,
670000041558,18,,,10,,,,,,,,,,,,,,,,,8,
670000041558,20,,10,,8,15,,25,10,20,,,,,,,,,,,12,
670000041558,22,,,,,16,,18,34,,,,,,,,,,,,9,20
670000041558,24,,,,,,2,,,,,,,,,,,,,2,,
670000041558,25,,,,,,,,,,,,,,,,,,,6,,
670000041558,26,,,,,10,,,,,,,,,,,,,,10,,
670000041558,27,3,,,,,,,6,,,,,,,,,,,,,
670000041558,28,,,,,,,,,,,,,,,,,,,7,5,
670000041558,29,10,,,,,30,50,15,,,,,,,,,,,,10,
670000041558,31,,,,,,,2,,,,,,,,,,,,,5,
670000041558,32,,,4,,,,4,,,,,,,,,,,,,,
670000041558,33,,10,20,,,25,,,20,,,,,,,,,,13,,10
670000041558,34,,1,,,,,,,,,,,,,,,,,,,
670000041558,36,,,10,,,,,,,,,,,,,,,,8,,
670000041558,37,,,,,,,,5,5,,,,,,,,,,,,
670000041558,39,,,,,,5,,,,,,,,,,,,,,,
670000041558,41,,,,,,,,5,,,,,,,,,,,,6,
670000041558,44,,,,,,,14,,,,,,,,,,,,13,,
670000041558,46,,,,,,,,,,,,,,,,,,,5,,
670000041558,48,,,,,,,,7,,,,,,,,,,,,10,
670000041558,49,,,4,,,,,,,,,,,,,,,,2,,
670000041558,52,,,,,5,,20,,,,,,,,,,,,,10,
670000041558,57,,,,,,,,5,,,,,,,,,,,10,,
670000041558,60,,,,5,,,5,,,,,,,,,,,,5,,
670000041558,65,,,,2,,,,,,,,,,,,,,,,,
670000041558,66,,10,,,20,30,20,,,,,,,,,,,,30,,
670000041558,69,,,,,,25,,,10,,,,,,,,,,40,,
670000041558,70,,,,,,7,,,,,,,,,,,,,8,,
670000041558,72,,,,5,,,10,,,,,,,,,,,,5,,
670000041558,73,,,,,,5,,,,,,,,,,,,,5,,
670000041558,76,,,,,,,10,,,,,,,,,,,,5,,
670000041558,77,,,,,,,,,,,,,,,,,,,4,,
670000041558,79,,,,2,8,5,,5,,,,,,,,,,,3,,
670000041558,80,,,,,,,,,,,,,,,,,,,5,,
670000041558,81,,,,5,,,,,,,,,,,,,,,,,5
670000041558,82,,,,3,,,,,,,,,,,,,,,,,
670000041558,83,,,,,5,,,,,,,,,,,,,,5,,
670000041558,84,,,,10,,,,,,,,,,,,,,,,5,
670000041558,86,,,,,,,,,,,,,,,,,,,,,30
670000041558,87,,,,,,5,,,,,,,,,,,,,,,
670000041558,88,,,,,5,,,,,,,,,,,,,,,7,
670000041558,91,,,,5,,,,4,,,,,,,,,,,,,
670000041558,92,,,,2,,,,,,,,,,,,,,,,,
670000041558,97,,,,,,,,10,,,,,,,,,,,,,10
670000041558,100,,,,2,,,,,,,,,,,,,,,,,
670000041558,102,,,10,,,,,,,,,,,,,,,,5,,
670000041558,104,,,,,2,,,,,,,,,,,,,,5,,8
670000041558,106,,,5,,,3,,,,,,,,,,,,,2,,
670000041558,108,,,,,,10,,,,,,,,,,,,,,,
670000041558,111,,,,,,,5,,6,,,,,,,,,,,3,
670000041558,115,,10,,,,,,,,,,,,,,,,,14,,
670000041558,117,,,,,,5,,,,,,,,,,,,,,,10
670000041558,120,,,,,4,,,,,,,,,,,,,,,25,
670000041558,121,,,,,,,10,,,,,,,,,,,,,,2
670000041558,124,,,,,,8,,,,,,,,,,,,,,,
670000041558,125,,,,15,,,,5,,,,,,,,,,,,,
670000041558,128,,,,,,10,,,,,,,,,,,,,6,,14
670000041558,129,,,,,,,,,,,,,,,,,,,10,,
670000041558,130,,,10,10,25,,40,30,,,,,,,,,,,,15,
670000041558,132,,,2,,,,,,,,,,,,,,,,,,
670000041558,133,3,,6,3,,,5,,,,,,,,,,,,,,
670000041558,137,,,,,,,,,,,,,,,,,,,,,8
670000041558,139,,,,1,2,,1,,,,,,,,,,,,,,
670000041558,140,,10,,20,,,,,,,,,,,,,,,,5,
670000041558,142,2,,,,,,,,,,,,,,,,,,,,
670000041558,146,20,,,20,,,,,,,,,,,,,,,20,,
670000041558,147,,,,,,10,,,,,,,,,,,,,12,,
670000041558,148,,,5,,,,,,,,,,,,,,,,,5,
670000041558,149,,,,,,,6,,,,,,,,,,,,5,,
670000041558,150,,,,,,,2,10,,,,,,,,,,,,,
670000041558,151,3,,2,,,,,,,,,,,,,,,,,2,
670000041558,152,,,,4,3,15,10,,,,,,,,,,,,3,,
670000041558,153,,,,,,,,,,,,,,,,,,,10,,
670000041558,154,,,,,,,5,,,,,,,,,,,,,2,1
670000041558,155,,,3,,,3,3,,,,,,,,,,,,3,,
670000041558,156,,,,5,25,,,,,,,,,,,,,,,,
670000041558,159,,,,,4,,8,5,,,,,,,,,,,,25,12
670000041558,160,,,,,,,,,,,,,,,,,,,,,7
670000041558,163,,,,4,3,,5,5,,,,,,,,,,,,10,
670000041558,165,,,2,2,,,,2,,,,,,,,,,,,,
670000041558,167,,,,,5,,,,,,,,,,,,,,,,
670000041558,170,,,,,,,,4,,,,,,,,,,,,,3
670000041558,171,,,,,,20,20,,,,,,,,,,,,10,,
670000041558,172,,1,,,,,,,,,,,,,,,,,,,
670000041558,173,,,,,,,,,,,,,,,,,,,4,,
670000041558,176,,,,,,,1,,,,,,,,,,,,,,
670000041558,177,,,,,,,,,,,,,,,,,,,5,,
670000041558,178,,,10,,,,5,,,,,,,,,,,,,10,
670000041558,179,,,,,,,,10,,,,,,,,,,,,,
670000041558,181,,,,,,,10,,,,,,,,,,,,20,,
670000041558,182,,,3,1,7,4,5,1,,,,,,,,,,,,,
670000041558,183,,,,,17,,,,,,,,,,,,,,,4,
670000041558,185,,,,,,,,,,,,,,,,,,,,4,
670000041558,186,2,,,,,,,,,,,,,,,,,,,,
670000041558,188,,,,,1,10,7,,,,,,,,,,,,,,
670000041558,189,,,,1,5,15,,,,,,,,,,,,,,,
670000041558,190,,,,,,,,,,,,,,,,,,,5,,
670000041558,192,,,,,,,,,,,,,,,,,,,,3,
670000041558,193,2,,5,10,,,,,,,,,,,,,,,,,
670000041558,194,,,3,3,2,,8,,,,,,,,,,,,6,,
670000041558,197,,,,,,1,,,,,,,,,,,,,5,,
670000041558,198,,,,5,36,,15,,,,,,,,,,,,5,10,15
670000041558,199,,,,,,,,,,,,,,,,,,,,,5
670000041558,201,,,,,,,,10,,,,,,,,,,,,,
670000041558,203,,,,1,,10,,,,,,,,,,,,,1,,
670000041558,206,,,5,,,,10,5,,,,,,,,,,,,8,
670000041558,207,,,,10,6,25,7,,,,,,,,,,,,,,5
670000041558,208,,,,,,,,,,,,,,,,,,,,5,
670000041558,213,,,1,,,,,,,,,,,,,,,,,,
670000041558,214,,,,,11,,,5,,,,,,,,,,,,9,
670000041558,219,,,,3,,,,4,,,,,,,,,,,3,,
670000041558,220,,,,,5,,6,,,,,,,,,,,,5,,
670000041558,223,,,,,,5,,10,5,,,,,,,,,,10,,
670000041558,224,,2,,,,,,,3,,,,,,,,,,,,
670000041558,225,,,,15,,,10,,,,,,,,,,,,,10,
670000041558,226,,,,1,,,,,,,,,,,,,,,,,
670000041558,228,,,,,3,,10,,,,,,,,,,,,,,
670000041558,229,5,,,,,,,,,,,,,,,,,,,,
670000041558,231,,,,,,,,,,,,,,,,,,,7,,
670000041558,232,,,,2,3,,2,8,5,,,,,,,,,,,5,
670000041558,233,,,,,,,,,,,,,,,,,,,10,,
670000041558,234,,,1,,1,1,,,,,,,,,,,,,,1,
670000041558,236,,,,3,,,5,,,,,,,,,,,,,,
670000041558,237,,,,,,,,5,,,,,,,,,,,,3,
670000041558,239,,,,,,,1,,,,,,,,,,,,,2,
670000041558,242,,,,,5,,,,,,,,,,,,,,,,
670000041558,243,,,,2,,,,,,,,,,,,,,,,,
670000041558,244,,,,,,,,,,,,,,,,,,,2,,
670000041558,246,,,,,5,,,,,,,,,,,,,,,,
670000041558,247,,,,,,,,,,,,,,,,,,,,5,
670000041558,248,,,1,2,7,,,5,,,,,,,,,,,2,,
670000041558,249,,,2,,,,,,,,,,,,,,,,,,
670000041558,250,,,,,,,3,,,,,,,,,,,,,,
670000041558,251,,,10,40,,,,25,,,,,,,,,,,,10,
670000041558,252,,,,,,,,,,,,,,,,,,,,,5
670000041558,253,,,,5,5,,7,,,,,,,,,,,,,,
670000041558,255,,,,5,,,,,,,,,,,,,,,,,
670000041558,256,,,,,,,,,,,,,,,,,,,5,,
670000041558,257,,,,,,,,,,,,,,,,,,,,5,
670000041558,258,5,,,,,,,,,,,,,,,,,,7,,
670000041558,262,,,,2,,,,,,,,,,,,,,,,,
670000041558,264,,,,,2,,,1,,,,,,,,,,,,,
670000041558,266,,,,,,20,,,,,,,,,,,,,10,,
670000041558,268,,,10,,,,,,,,,,,,,,,,,,
670000041558,269,,,,,,,5,,,,,,,,,,,,3,,
670000041558,270,,,,,,,,,,,,,,,,,,,,,7
670000041558,271,,,,3,,1,1,,,,,,,,,,,,,,
670000041558,276,,,,5,5,5,,,,,,,,,,,,,10,,
670000041558,277,,,,,,75,,,,,,,,,,,,,2,20,
670000041558,278,,6,,7,4,,5,10,,,,,,,,,,,,,
670000041558,279,,,,,3,,,,,,,,,,,,,,,,
670000041558,281,,,,,,,,,,,,,,,,,,,5,,
670000041558,282,,1,1,,4,3,,,,,,,,,,,,,,,
670000041558,283,,,,,,,,,10,,,,,,,,,,,,
670000041558,285,,,,,,,,5,,,,,,,,,,,,5,
670000041558,289,,,,,,,10,,,,,,,,,,,,,,
670000041558,290,,,,4,,,2,,,,,,,,,,,,5,,
670000041558,291,,,,,,,,,,,,,,,,,,,12,,
670000041558,292,20,20,,20,25,,25,,,,,,,,,,,,,,
670000041558,295,,,,,2,,,,,,,,,,,,,,,,
670000041558,296,,,,,,,,,,,,,,,,,,,3,,
670000041558,297,,,,,,2,10,,,,,,,,,,,,,,
670000041558,298,,,,,,,,,,,,,,,,,,,,10,10
670000041558,299,,,8,5,3,,,,,,,,,,,,,,5,,
670000041558,300,4,,,,,,,,,,,,,,,,,,,,
670000041558,301,,,,,,,2,,,,,,,,,,,,,3,
670000041558,304,,,,30,5,240,,25,,,,,,,,,,,,,
670000041558,306,,,,,,,,7,,,,,,,,,,,,,
670000041558,307,,,,10,,,,,,,,,,,,,,,,3,
670000041558,312,,,,,,,,,,,,,,,,,,,,,2
670000041558,313,,,,,,,,50,,,,,,,,,,,,,
670000041558,315,,,,,,,,,,,,,,,,,,,,2,
670000041558,316,,,,,,3,,,,,,,,,,,,,9,,
670000041558,317,,,,,,,,,,,,,,,,,,,5,,
670000041558,318,,,,,,,,,,,,,,,,,,,,2,
670000041558,320,,,,,,,,,,,,,,,,,,,,4,7
670000041558,321,,,,,5,,,,,,,,,,,,,,5,,
670000041558,322,,,,6,,,,,,,,,,,,,,,2,,
670000041558,323,2,,,,,,,2,,,,,,,,,,,,,
670000041558,328,,,,1,,,,,,,,,,,,,,,,,
670000041558,330,,5,4,,,5,,20,,,,,,,,,,,,,
670000041558,332,,,,,,,,,,,,,,,,,,,,3,
670000041558,333,,,,5,,,5,,,,,,,,,,,,3,,
670000041558,334,,2,,7,4,8,12,,,,,,,,,,,,,15,
670000041558,335,,,,,,,,,,,,,,,,,,,,2,
670000041558,336,,5,,,,,,,,,,,,,,,,,12,,
670000041558,338,,,,,7,,,10,,,,,,,,,,,4,,21
670000041558,339,,,,,2,1,,,,,,,,,,,,,2,,
670000041558,340,,,,,,,,,10,,,,,,,,,,,20,
670000041558,344,,,,,,,,,,,,,,,,,,,8,,
670000041558,346,,5,,,,,,,,,,,,,,,,,,,
670000041558,347,,,,3,,,,3,,,,,,,,,,,,5,
670000041558,348,,,3,5,,5,,,13,,,,,,,,,,,,
670000041558,349,,,,,,2,,,,,,,,,,,,,4,,
670000041558,351,,,,,,18,,7,,,,,,,,,,,12,,
670000041558,352,,,,,,,2,,,,,,,,,,,,,,
670000041558,353,,,2,,2,,,,,,,,,,,,,,,,
670000041558,354,,,,3,,,7,,,,,,,,,,,,,3,
670000041558,356,,,,,,,,,,,,,,,,,,,,5,
670000041558,357,,,,,5,8,5,,5,,,,,,,,,,5,,
670000041558,361,,,,1,,,1,,2,,,,,,,,,,,8,
670000041558,362,,,,,,,20,,,,,,,,,,,,,,
670000041558,363,,,,,5,,5,,,,,,,,,,,,,,
670000041558,364,,,,,6,,,,,,,,,,,,,,5,,
670000041558,366,,,,,,,,,,,,,,,,,,,,,5
670000041558,368,,,,,,2,,,,,,,,,,,,,,,
670000041558,373,,,,20,,25,,,,,,,,,,,,,,,
670000041558,374,,,,,,,,,,,,,,,,,,,,,20
670000041558,377,,,,,,,,,,,,,,,,,,,,3,
670000041558,378,,,,,5,,10,,,,,,,,,,,,,,
670000041558,385,,,,,5,,,,,,,,,,,,,,,,15
670000041558,387,,,,1,,,,,,,,,,,,,,,,,
670000041558,389,,,,6,,,,,,,,,,,,,,,,,
670000041558,391,,,,2,,15,,7,,,,,,,,,,,2,,
670000041558,393,,,,,0,13,,,,,,,,,,,,,,,
670000041558,395,,,,,,,,,,,,,,,,,,,2,,
670000041558,398,,,,,4,,3,,,,,,,,,,,,,3,
670000041558,401,,,,10,7,10,,,20,,,,,,,,,,,20,
670000041558,402,,,,,5,,8,,5,,,,,,,,,,,5,
670000041558,404,2,,,,,,,,,,,,,,,,,,,,
670000041558,405,,,,,,,,,,,,,,,,,,,,2,
670000041558,406,,,,,14,,20,,,,,,,,,,,,,5,10
670000041558,408,,,,,3,1,5,7,,,,,,,,,,,,,
670000041558,410,,,,,,,20,,,,,,,,,,,,,,
670000041558,411,,,,,,,,,,,,,,,,,,,,,10
670000041558,412,20,,,,,,,15,,,,,,,,,,,10,,
670000041558,413,,,,,,11,,,,,,,,,,,,,10,,
670000041558,414,5,,5,5,2,10,,,,,,,,,,,,,,,3
670000041558,415,,,,,10,10,25,,,,,,,,,,,,20,,
670000041558,416,,,,,5,,,,,,,,,,,,,,,22,
670000041558,417,6,,,,,,,,5,,,,,,,,,,,,
670000041558,418,,,,,5,,,,,,,,,,,,,,,,5
670000041558,419,,,,,,3,,,,,,,,,,,,,,4,
670000041558,422,,4,,,,,,,,,,,,,,,,,5,,
670000041558,425,,,,1,7,,,,,,,,,,,,,,,,
670000041558,426,,,2,3,,10,,10,,,,,,,,,,,,,
670000041558,427,2,,,,,,,3,,,,,,,,,,,,3,
670000041558,428,,,,,10,,,,,,,,,,,,,,,10,
670000041558,429,,,10,,,,,,,,,,,,,,,,,17,
670000041558,430,,,,,,,,10,,,,,,,,,,,12,,2
670000041558,431,,,,,,,3,,,,,,,,,,,,,,
670000041558,432,,,,42,,,,,,,,,,,,,,,,,
670000041558,433,,,,,1,,2,,,,,,,,,,,,,,
670000041558,434,,,,,,,4,,,,,,,,,,,,2,,
670000041558,435,,,,,,,10,,,,,,,,,,,,10,,
670000041558,437,,,,,,10,,,,,,,,,,,,,,,
670000041558,438,,,,,,10,,,,,,,,,,,,,7,,
670000041558,440,3,,,2,4,12,,13,,,,,,,,,,,,,
670000041558,441,,,1,,,,5,,,,,,,,,,,,,,7
670000041558,442,,,,,,5,,5,,,,,,,,,,,,,
670000041558,443,,,,,3,,,,,,,,,,,,,,,,
670000041558,444,,,,,,10,,,,,,,,,,,,,,,5
670000041558,445,,,,,10,,10,,,,,,,,,,,,4,,
670000041558,446,,,,,,,,,,,,,,,,,,,5,,
670000041558,451,,,13,,,6,,,,,,,,,,,,,,,
670000041558,452,,,,,,4,,,,,,,,,,,,,,,
670000041558,454,,,,,,,4,,,,,,,,,,,,,1,
670000041558,456,,,,,,,2,,,,,,,,,,,,2,,
670000041558,460,,1,,3,,,2,,,,,,,,,,,,,,
670000041558,461,,,,,,,,,,,,,,,,,,,,20,
670000041558,463,,,4,,,,,,5,,,,,,,,,,,4,
670000041558,465,,,,,10,,,,,,,,,,,,,,,10,
670000041558,470,,,3,10,,,,,,,,,,,,,,,,15,
670000041558,473,,,,,6,,,,,,,,,,,,,,,,
670000041558,474,3,,,,10,,,,,,,,,,,,,,,,
670000041558,478,,,,,,1,,,,,,,,,,,,,,3,
670000041558,479,,,2,,,,,,,,,,,,,,,,,,
670000041558,480,,,,,,,,,,,,,,,,,,,10,,
670000041558,481,,,,2,,,,,,,,,,,,,,,,,
670000041558,482,5,,,3,4,15,,,,,,,,,,,,,5,2,6
670000041558,484,,,,10,10,,10,,,,,,,,,,,,10,,10
670000041558,486,,10,,,10,10,25,,,,,,,,,,,,10,,
670000041558,489,,,,,,5,,,,,,,,,,,,,5,,
670000041558,492,,,,,,,,,4,,,,,,,,,,,,
670000041558,493,,,,,10,,,,,,,,,,,,,,,,
670000041558,494,,,,,,,,,,,,,,,,,,,7,,
670000041558,498,,,,,8,,,,,,,,,,,,,,,,6
670000041558,499,,,70,,,10,,25,,,,,,,,,,,,,5
670000041558,505,,,,,,22,4,,,,,,,,,,,,,,
670000041558,506,,,,,,,,10,,,,,,,,,,,10,,
670000041558,507,,,,1,,,,,,,,,,,,,,,1,,
670000041558,508,10,,8,10,10,5,20,5,,,,,,,,,,,,,14
670000041558,511,,,,,,10,10,,,,,,,,,,,,,,
670000041558,513,,,3,,,,,,,,,,,,,,,,,,
670000041558,515,,,,,,,,2,4,,,,,,,,,,,,
670000041558,521,7,,,4,3,10,2,10,,,,,,,,,,,,,1
670000041558,523,,,,2,,,4,,,,,,,,,,,,,,
670000041558,524,,,,,15,,,,,,,,,,,,,,,,
670000041558,526,,,,,,4,,,,,,,,,,,,,,,
670000041558,527,,,2,,2,2,,3,,,,,,,,,,,,,
670000041558,528,,,,,,,,,,,,,,,,,,,5,,
670000041558,530,,,,1,,,,4,,,,,,,,,,,,,
670000041558,531,,,,,,,,,,,,,,,,,,,5,,
670000041558,532,,,,2,5,5,,5,,,,,,,,,,,,,
670000041558,534,,23,2,43,25,,55,,,,,,,,,,,,,7,6
670000041558,535,,,7,6,,12,15,10,10,,,,,,,,,,15,,
670000041558,537,,,,,,,1,2,,,,,,,,,,,,,
670000041558,540,,,,,,,,,,,,,,,,,,,20,,20
670000041558,542,,,,2,,,,,,,,,,,,,,,,,
670000041558,544,,,,,7,,2,1,5,,,,,,,,,,,5,
670000041558,546,,,2,,,,3,5,,,,,,,,,,,,,
670000041558,548,,,,,,,,,,,,,,,,,,,20,,
670000041558,549,,,,,,2,2,4,,,,,,,,,,,,,
670000041558,550,,,,,,,,,,,,,,,,,,,10,,
670000041558,554,,,2,2,,,,1,,,,,,,,,,,,1,
670000041558,555,,,,,,5,,,8,,,,,,,,,,5,,
670000041558,558,,,,,3,,,,,,,,,,,,,,,,
670000041558,559,,,4,,,5,7,5,10,,,,,,,,,,,10,
670000041558,561,,10,5,,,,,,,,,,,,,,,,,,
670000041558,562,,,,,,,10,,,,,,,,,,,,20,,
670000041558,563,,,,,,,2,,,,,,,,,,,,,,
670000041558,566,,,,,5,60,,,,,,,,,,,,,,,
670000041558,567,,,,,5,,7,,,,,,,,,,,,,,
670000041558,570,,,3,,,,,,,,,,,,,,,,,,
670000041558,571,,,,,,,,0,,,,,,,,,,,,1,
670000041558,574,,,,,,,,,,,,,,,,,,,,10,
670000041558,576,,,,,,,,,,,,,,,,,,,2,,
670000041558,584,,,10,,,,,,,,,,,,,,,,20,-15,10
670000041558,585,,,,2,,,,,,,,,,,,,,,,,
670000041558,586,,,,,,5,,,,,,,,,,,,,,,4
670000041558,588,,,,,,,,2,,,,,,,,,,,,,
670000041558,591,,,,,,,,,,,,,,,,,,,1,,
670000041558,592,,,,1,,,,,,,,,,,,,,,,,
670000041558,595,,,,5,,5,,,,,,,,,,,,,3,,
670000041558,596,,,,,,,,,,,,,,,,,,,,,5
670000041558,599,,,,,,,,,,,,,,,,,,,20,,
670000041558,605,,,,,,14,,,,,,,,,,,,,,,
670000041558,610,,,10,,,,,5,20,,,,,,,,,,,,
670000041558,614,15,,,,,7,,,,,,,,,,,,,,,
670000041558,615,,,,,2,,2,,,,,,,,,,,,,,3
670000041558,617,,,,,,,3,,,,,,,,,,,,,,
670000041558,618,,15,-13,,12,,,,,,,,,,,,,,5,,
670000041558,619,,,,,,,,,,,,,,,,,,,,3,
670000041558,621,,,1,,,,,,,,,,,,,,,,,,
670000041558,625,,,,,,,,,,,,,,,,,,,8,,20
670000041558,629,,,,,1,,,2,,,,,,,,,,,1,,1
670000041558,631,,,,,,20,,,,,,,,,,,,,,,
670000041558,633,,,,2,,,5,,,,,,,,,,,,,,
670000041558,634,,,,,,,15,,,,,,,,,,,,,,
670000041558,635,,,,,,,,,,,,,,,,,,,5,,
670000041558,636,,,,3,20,,,4,,,,,,,,,,,5,,
670000041558,644,,1,,3,,,,,,,,,,,,,,,,,
670000041558,645,,,1,,,,,,,,,,,,,,,,,,
670000041558,646,,,,,,,10,,,,,,,,,,,,20,,
670000041558,650,,,,,,4,,,,,,,,,,,,,,,
670000041558,652,,,,5,3,3,5,5,,,,,,,,,,,,,
670000041558,654,,,,,,2,2,,,,,,,,,,,,,,
670000041558,656,,,,,,,,,,,,,,,,,,,2,,
670000041558,657,,,,,,,1,,,,,,,,,,,,1,,
670000041558,658,,,,,,,,,,,,,,,,,,,5,5,
670000041558,659,,,,3,,,,5,,,,,,,,,,,,,
670000041558,660,6,,5,,,,,,,,,,,,,,,,,,
670000041558,662,,,,,,,10,,,,,,,,,,,,10,,
670000041558,664,,,,10,,,,,,,,,,,,,,,,,
670000041558,666,,5,,,5,,,,,,,,,,,,,,,,
670000041558,667,,,,,,,8,,6,,,,,,,,,,,10,
670000041558,668,,,,,,,,,,,,,,,,,,,10,,
670000041558,669,,,,,,5,,,,,,,,,,,,,,,
670000041558,670,,,,,,,,,,,,,,,,,,,,,13
670000041558,672,,,,,,,,,,,,,,,,,,,,2,
670000041558,673,,,,,10,,,,,,,,,,,,,,5,,
670000041558,675,,,,,8,,,,,,,,,,,,,,,,
670000041558,676,,,,,,,,5,,,,,,,,,,,7,,
670000041558,678,,,,,,,,,,,,,,,,,,,5,,
670000041558,682,,,,1,,,,,,,,,,,,,,,,,
670000041558,683,,,4,,1,0,,,,,,,,,,,,,,,
670000041558,686,,,,,10,,,,,,,,,,,,,,,,
670000041558,687,3,,,,,,,,,,,,,,,,,,,,
670000041558,688,,,,,,,10,18,,,,,,,,,,,5,,
670000041558,691,,,,1,,,4,,,,,,,,,,,,,4,
670000041558,692,,2,2,,7,,,,,,,,,,,,,,,3,
670000041558,696,,20,,10,,65,25,240,,,,,,,,,,,,,10
670000041558,697,,,,,10,,7,5,,,,,,,,,,,,,
670000041558,699,,,,3,5,,5,,,,,,,,,,,,5,,
670000041558,701,5,,,,,,5,5,0,,,,,,,,,,,3,
670000041558,705,,2,,,,,,10,,,,,,,,,,,,,5
670000041558,706,,,,0,,,5,,,,,,,,,,,,,,
670000041558,707,,,,,,,,10,,,,,,,,,,,1,,2
670000041558,708,,,5,5,,,5,,,,,,,,,,,,,5,
670000041558,709,5,,,10,20,,,,,,,,,,,,,,,,
670000041558,711,,,,,,,,10,,,,,,,,,,,,,
670000041558,714,,,,,,,,,,,,,,,,,,,3,,
670000041558,715,,,,,,,,,,,,,,,,,,,10,,
670000041558,716,,,,5,,,,,,,,,,,,,,,,,
670000041558,721,,,,,,,,,,,,,,,,,,,,3,
670000041558,722,,,6,2,15,,,25,,,,,,,,,,,,,
670000041558,723,,,,,7,,5,,,,,,,,,,,,,,
670000041558,724,,,,,,,2,,,,,,,,,,,,,,
670000041558,725,,,,,,,,,,,,,,,,,,,,,3
670000041558,726,,,2,5,1,,,,,,,,,,,,,,,,
670000041558,727,,,,,,15,,,,,,,,,,,,,,,
670000041558,728,,,,5,,,,,,,,,,,,,,,,,
670000041558,729,,,,,,,,,25,,,,,,,,,,,,
670000041558,731,,,,,,0,,,,,,,,,,,,,,,
670000041558,732,,,,5,6,2,,,,,,,,,,,,,,,
670000041558,733,,,,5,,,,,,,,,,,,,,,,3,
670000041558,734,,,,,5,,0,,,,,,,,,,,,,4,
670000041558,735,,,,,4,,,,,,,,,,,,,,,5,5
670000041558,737,,,,,,,65,,,,,,,,,,,,,,4
670000041558,739,,,,5,6,,10,,,,,,,,,,,,,,
670000041558,742,,,,,20,7,,25,,,,,,,,,,,,140,170
670000041558,743,,,,,,85,,25,,,,,,,,,,,,,
670000041558,744,1,,,,7,,,3,,,,,,,,,,,,,
670000041558,745,,,10,10,50,,,,0,,,,,,,,,,,,
670000041558,747,,,,,,8,12,,10,,,,,,,,,,,,
670000041558,748,,,5,-5,-1,,,,,,,,,,,,,,5,,
670000041558,749,,,,,,40,,,,,,,,,,,,,20,10,
670000041558,750,,,,10,,,,,,,,,,,,,,,10,,
670000041558,753,,,,,4,,,5,,,,,,,,,,,,,2
670000041558,755,,,,,3,,,,,,,,,,,,,,,,
670000041558,758,,,,,,,,5,,,,,,,,,,,,,5
670000041558,759,,,,,10,,,,,,,,,,,,,,,,
670000041558,760,,,,,8,,,,,,,,,,,,,,,,
670000041558,762,,,,,,,,,2,,,,,,,,,,,,
670000041558,763,,,12,,,10,20,,,,,,,,,,,,,,3
670000041558,767,,,1,,1,,,,,,,,,,,,,,,,
670000041558,770,,,,,,,,,,,,,,,,,,,,10,
670000041558,771,,,,,10,,3,,,,,,,,,,,,,3,
670000041558,772,,,,,,,,,,,,,,,,,,,2,,
670000041558,775,,,,1,,2,,2,,,,,,,,,,,,,
670000041558,776,,3,,6,10,,,10,,,,,,,,,,,,3,
670000041558,781,,,,1,,,,,,,,,,,,,,,,,
670000041558,782,,,,30,50,,10,,30,,,,,,,,,,,,
670000041558,783,,,,,,,2,,,,,,,,,,,,,4,2
670000041558,785,,,,,,,,,10,,,,,,,,,,,,
670000041558,787,,,,,2,,,,,,,,,,,,,,,,
670000041558,788,,5,,,20,,14,,,,,,,,,,,,,,
670000041558,789,,,5,1,3,,3,,,,,,,,,,,,,15,
670000041558,795,,,10,60,,,,60,,,,,,,,,,,,20,
670000041558,796,,,3,3,8,,5,,,,,,,,,,,,,,
670000041558,797,,,,,,,5,25,,,,,,,,,,,,,
670000041558,798,,,,,,10,,,,,,,,,,,,,,,5
670000041558,799,,,,,,,,,,,,,,,,,,,5,,
670000041558,801,2,,,,,,,,,,,,,,,,,,,5,5
670000041558,802,,,,,,10,,,,,,,,,,,,,,5,
670000041558,803,,,,,2,,2,,,,,,,,,,,,,2,
670000041558,804,,,,10,,3,,,,,,,,,,,,,,,
670000041558,806,,5,,9,7,5,,10,,,,,,,,,,,,5,
670000041558,807,,,,,,,,,,,,,,,,,,,,2,
670000041558,808,,2,,,,,,,,,,,,,,,,,,1,
670000041558,809,,,,2,7,,,,,,,,,,,,,,,,
670000041558,811,,,,,,,9,,,,,,,,,,,,,,
670000041558,812,,,,,7,,,,,,,,,,,,,,,,
670000041558,813,,,,10,10,,,,,,,,,,,,,,,,
670000041558,814,,,,,,,,1,,,,,,,,,,,,,
670000041558,815,,,,2,,,,8,,,,,,,,,,,,,
670000041558,816,,,,,25,,,,,,,,,,,,,,,,
670000041558,817,,,,,,,2,4,,,,,,,,,,,,5,
670000041558,818,,,,,,,25,,,,,,,,,,,,,,
670000041558,821,,,3,,,,,,,,,,,,,,,,,,
670000041558,823,,,,,,5,,,,,,,,,,,,,,,
670000041558,826,,,,,,,5,,,,,,,,,,,,,,
670000041558,828,,,,,,,5,,10,,,,,,,,,,,,
670000041558,829,,,,,,,,,,,,,,,,,,,,9,
670000041558,831,,2,,,,,,,,,,,,,,,,,5,,
670000041558,832,2,,,,7,,,,,,,,,,,,,,,,
670000041558,836,,,,,,,,,1,,,,,,,,,,,,
670000041558,838,,2,,,,,,,,,,,,,,,,,,,
670000041558,840,,10,,,,20,,,,,,,,,,,,,,,
670000041558,841,,,,,10,,,,,,,,,,,,,,,,
670000041558,843,,,,2,,,,,,,,,,,,,,,,,
670000041558,844,,10,,,,,,15,,,,,,,,,,,,,
670000041558,849,,,5,,,,,,,,,,,,,,,,,,
670000041558,850,,,2,,,,,,,,,,,,,,,,,,
670000041558,852,,,4,5,,,,,,,,,,,,,,,,,
670000041558,853,,,,,,15,,,,,,,,,,,,,,,
670000041558,855,,,10,,,,,,,,,,,,,,,,,,
670000041558,856,,,3,,,,,,,,,,,,,,,,,,
670000041558,857,,,,,,12,,,,,,,,,,,,,,,
670000041558,858,,,,3,,,,,,,,,,,,,,,,,
670000041558,860,,,10,10,,,5,3,,,,,,,,,,,,,
670000041558,861,,,5,,,3,10,,,,,,,,,,,,,,
670000041558,863,,,2,,,,2,1,,,,,,,,,,,,,
670000041558,865,,,,,,5,,,,,,,,,,,,,,,
670000041558,867,,,,2,,,,,,,,,,,,,,,,,
670000041558,869,,,,2,,,,,,,,,,,,,,,,,
670000041558,873,,,,8,10,15,,,,,,,,,,,,,,,
670000041558,874,,,,,10,,,,,,,,,,,,,,,,
670000041558,876,,,,,2,10,,,,,,,,,,,,,,,
670000041558,877,,,,5,,,,2,17,,,,,,,,,,,,
670000041558,879,,,,,10,,,,,,,,,,,,,,,,
670000041558,885,,,,,2,,,5,,,,,,,,,,,,,
670000041558,887,,,,,10,,10,,,,,,,,,,,,,,
670000041558,889,,,,,4,,,,,,,,,,,,,,,,
670000041558,890,,,,,8,,,,,,,,,,,,,,,,
670000041558,891,,,,,1,6,0,,,,,,,,,,,,,,
670000041558,895,,,,,,,,5,,,,,,,,,,,,,
670000041558,897,,,,,,,2,,,,,,,,,,,,,,
670000041558,899,,,,,,1,,10,,,,,,,,,,,,,
670000041558,900,,,,,,4,,5,8,,,,,,,,,,,,
670000041558,901,,,,,,5,2,,5,,,,,,,,,,,,
670000041558,903,,,,,,,6,,,,,,,,,,,,,,
670000041558,911,,,,,,,,,3,,,,,,,,,,,,
670000041558,915,,,,,,,,,,,,,,,,,,,20,,
670000041558,918,,,1,1,1,,,,,,,,,,,,,,,,
670000041558,919,,,,,,3,,,,,,,,,,,,,,,
670000041558,928,,,,,,,,20,,,,,,,,,,,,,
670000041558,931,,,,,,,,0,20,,,,,,,,,,20,,
670000041558,935,,,,,,,,,,,,,,,,,,,6,,
670000041558,960,,,,,,,10,,,,,,,,,,,,,,
670000041558,963,,,,,,,,,,,,,,,,,,,,1,
670000041558,964,,,,3,,5,,6,,,,,,,,,,,,2,3
670000041558,965,,,9,6,,10,15,,,,,,,,,,,,,,
670000041558,969,,,,,12,,,,,,,,,,,,,,,,
670000041558,970,,,2,,,,,,,,,,,,,,,,,,
670000041558,971,,,,,,,2,1,,,,,,,,,,,,,
670000041558,972,,,2,10,8,,,,,,,,,,,,,,,,
670000041558,973,,,,1,,,,,,,,,,,,,,,,,
670000041558,974,,,,10,,,,,,,,,,,,,,,,,
670000041558,975,,,,,,,2,,,,,,,,,,,,4,,
670000041558,976,,,,,,,2,,,,,,,,,,,,,,
670000041558,977,,,,2,,,,,,,,,,,,,,,,2,
670000041558,978,,,,10,,,,,,,,,,,,,,,,,
670000041558,979,,,,3,,,,,,,,,,,,,,,,,
670000041558,980,,,,10,,10,,13,,,,,,,,,,,,8,
670000041558,981,,,,,,,,,2,,,,,,,,,,3,,
670000041558,982,5,,,,,,,,,,,,,,,,,,,,
670000041558,983,,,,1,,,,,,,,,,,,,,,,,
670000041558,984,,,,,,2,,,,,,,,,,,,,,,
670000041558,985,,,,,,,4,,,,,,,,,,,,,10,
670000041558,986,,,,,,10,,10,,,,,,,,,,,,6,
670000041558,987,,,,3,,,,,,,,,,,,,,,,,
670000041558,988,,,,,,,1,,,,,,,,,,,,,,
670000041558,989,,,,5,,,,,,,,,,,,,,,,,
670000041558,990,,,,,7,2,5,,,,,,,,,,,,,,
670000041558,991,,,,2,5,,,,,,,,,,,,,,,,
670000041558,992,,,,,10,,,,12,,,,,,,,,,,,
670000041558,993,,,,,,,,,,,,,,,,,,,,16,
670000041558,994,,,,,,,,1,,,,,,,,,,,,,
670000041558,995,,,,5,10,,12,,,,,,,,,,,,,,
670000041558,996,,,,,,,5,10,5,,,,,,,,,,,,
670000041558,997,,,,,,,,,,,,,,,,,,,,5,
670000041558,998,,,,,,,,,,,,,,,,,,,,3,
670000041558,999,,,,,,,,,,,,,,,,,,,,5,
670000041558,1000,6,,,,,,,,,,,,,,,,,,,,4
670000041558,1001,3,,,,2,,,,,,,,,,,,,,,,
670000041558,1002,,,,10,5,5,,,10,,,,,,,,,,,,
670000041558,1003,,,,3,,,,,,,,,,,,,,,,,
670000041558,1004,,,,,,3,19,,,,,,,,,,,,,,
670000041558,1005,,,,,7,,,,,,,,,,,,,,,,
670000041558,1006,,,,,8,,,5,,,,,,,,,,,,,
670000041558,1007,,,,,4,,3,20,-10,,,,,,,,,,,,
670000041558,1008,,,,,9,,9,,,,,,,,,,,,,,
670000041558,1009,,,,,,,5,,,,,,,,,,,,,,
670000041558,1010,,,,,,5,,5,,,,,,,,,,,,,
670000041558,1011,,,,,,5,1,,,,,,,,,,,,,,
670000041558,1012,,,,,,,5,,,,,,,,,,,,,,
670000041558,1013,,,,,,,1,,,,,,,,,,,,,,
670000041558,1014,,,,,,,10,,,,,,,,,,,,,,
670000041558,1015,,,,,,,,10,,,,,,,,,,,,,
670000041558,1016,,,,,,,,15,,,,,,,,,,,,,
670000041558,1017,,,,,,,,3,,,,,,,,,,,,,
670000041558,1018,,,,,,,,1,,,,,,,,,,,,,
670000041558,1019,,,,,,,,2,,,,,,,,,,,,,
670000013769,3,,,13,14,20,-1,23,,,,,,,,,,,,,27,7
670000013769,4,,,,,,,40,,,,,,,,,,,,,,
670000013769,6,,,30,130,50,,45,,,,,,,,,,,,,,6
670000013769,7,,,100,40,20,,95,,,,,,,,,,,,,10,40
670000013769,10,,,10,20,,,10,,,,,,,,,,,,,10,
670000013769,11,,,,,,,3,,,,,,,,,,,,,,
670000013769,14,,,,10,,,22,,,,,,,,,,,,,,
670000013769,16,,,,10,,,,,,,,,,,,,,,14,,
670000013769,18,,,20,,,,,,,,,,,,,,,,,8,17
670000013769,20,,,15,,7,,,,,,,,,,,,,,,8,
670000013769,22,,,,4,,,13,,,,,,,,,,,,,9,
670000013769,24,,,,5,,,17,,,,,,,,,,,,16,,
670000013769,25,,,10,,,,15,,,,,,,,,,,,10,,
670000013769,26,,,10,,20,,,,,,,,,,,,,,15,10,
670000013769,27,,,6,,,,,,,,,,,,,,,,,,
670000013769,28,,,,,,,,,,,,,,,,,,,10,10,
670000013769,29,,,,,,,10,,,,,,,,,,,,,40,
670000013769,31,,,,10,,,7,,,,,,,,,,,,,15,
670000013769,32,,,4,,,,2,,,,,,,,,,,,,,
670000013769,33,,,,,,,,,,,,,,,,,,,7,,
670000013769,34,,,9,,,,,,,,,,,,,,,,,,
670000013769,35,,,,,,,1,,,,,,,,,,,,,,
670000013769,36,,,20,,,,,,,,,,,,,,,,5,3,
670000013769,38,,,,,,,3,,,,,,,,,,,,3,,
670000013769,39,,,15,,,,20,,,,,,,,,,,,,5,
670000013769,41,,,10,,25,,,,,,,,,,,,,,,10,
670000013769,43,,,15,,,,,,,,,,,,,,,,,3,
670000013769,44,,,10,10,10,,15,,,,,,,,,,,,10,14,
670000013769,45,,,2,,,,,,,,,,,,,,,,,,
670000013769,46,,,,,,,,,,,,,,,,,,,15,10,
670000013769,47,,,,5,,,,,,,,,,,,,,,,,
670000013769,48,,,,,,,50,,,,,,,,,,,,,10,
670000013769,49,,,6,,,,10,,,,,,,,,,,,15,,
670000013769,50,,,,,,,10,,,,,,,,,,,,,,
670000013769,52,,,20,,,,18,,,,,,,,,,,,,15,10
670000013769,53,,,3,,5,,,,,,,,,,,,,,3,,
670000013769,54,,,,,,,10,,,,,,,,,,,,,,
670000013769,55,,,,,,,3,,,,,,,,,,,,,,
670000013769,57,,,10,60,30,,50,,,,,,,,,,,,20,20,
670000013769,60,,,40,,,,25,,,,,,,,,,,,10,,10
670000013769,64,,,3,7,,,,,,,,,,,,,,,16,,
670000013769,65,,,,6,,,,,,,,,,,,,,,,,
670000013769,66,,,40,,60,,30,,,,,,,,,,,,15,15,
670000013769,69,,,,,,,25,,,,,,,,,,,,25,25,
670000013769,70,,,,,,,18,,,,,,,,,,,,30,,
670000013769,72,,,10,20,,,,,,,,,,,,,,,10,,
670000013769,73,,,,,,,19,,,,,,,,,,,,12,,
670000013769,76,,,,,,,,,,,,,,,,,,,15,,
670000013769,77,,,,,,,,,,,,,,,,,,,12,,
670000013769,78,,,5,,,,2,,,,,,,,,,,,,3,
670000013769,79,,,,5,,,15,,,,,,,,,,,,12,,
670000013769,80,,,,,,,,,,,,,,,,,,,,10,
670000013769,81,,,,10,,,15,,,,,,,,,,,,,,10
670000013769,82,,,,5,,,,,,,,,,,,,,,,,
670000013769,83,,,,,15,,,,,,,,,,,,,,13,,
670000013769,84,,,,10,,,,,,,,,,,,,,,,15,20
670000013769,86,,,,,,,,,,,,,,,,,,,,,50
670000013769,87,,,,,,,12,,,,,,,,,,,,,,
670000013769,88,,,,,3,,6,,,,,,,,,,,,,26,
670000013769,91,,,,10,,,,,,,,,,,,,,,,,
670000013769,92,,,,5,,,,,,,,,,,,,,,,,
670000013769,97,,,10,,,,,,,,,,,,,,,,,,10
670000013769,100,,,,5,,,,,,,,,,,,,,,,,
670000013769,102,,,35,,,,15,,,,,,,,,,,,10,,
670000013769,104,,,12,10,20,,25,,,,,,,,,,,,12,,
670000013769,106,,,,15,,,19,,,,,,,,,,,,18,,
670000013769,110,,,,,,,,,,,,,,,,,,,,,3
670000013769,111,,,,20,,,15,,,,,,,,,,,,,3,
670000013769,113,,,5,,,,,,,,,,,,,,,,,3,5
670000013769,115,,,20,,,,,,,,,,,,,,,,15,9,
670000013769,117,,,,10,,,15,,,,,,,,,,,,,,10
670000013769,120,,,,80,15,,,,,,,,,,,,,,,50,
670000013769,121,,,,,,,,,,,,,,,,,,,,,6
670000013769,124,,,,,,,17,,,,,,,,,,,,,,
670000013769,125,,,,5,,,,,,,,,,,,,,,,,
670000013769,126,,,,,,,,,,,,,,,,,,,,10,
670000013769,128,,,,50,20,,70,,,,,,,,,,,,,39,26
670000013769,129,,,10,,,,25,,,,,,,,,,,,10,10,
670000013769,130,,,20,70,120,,100,,,,,,,,,,,,,35,
670000013769,132,,,3,3,25,,,,,,,,,,,,,,,,
670000013769,133,,,38,20,10,,20,,,,,,,,,,,,,,
670000013769,135,,,1,,,,2,,,,,,,,,,,,,2,
670000013769,137,,,,,,,,,,,,,,,,,,,,,26
670000013769,138,,,7,5,,,6,,,,,,,,,,,,,,
670000013769,139,,,,2,1,,,,,,,,,,,,,,,,
670000013769,140,,,,20,,,25,,,,,,,,,,,,,10,40
670000013769,141,,,,,25,,,,,,,,,,,,,,,,
670000013769,147,,,20,20,,,20,,,,,,,,,,,,18,,
670000013769,148,,,5,,,,,,,,,,,,,,,,,10,
670000013769,149,,,,,10,,19,,,,,,,,,,,,,12,
670000013769,150,,,,,,,2,,,,,,,,,,,,,,
670000013769,151,,,7,,,,,,,,,,,,,,,,,2,2
670000013769,152,,,,4,20,,32,,,,,,,,,,,,3,,3
670000013769,153,,,,,,,,,,,,,,,,,,,10,10,
670000013769,154,,,8,5,,,5,,,,,,,,,,,,,2,8
670000013769,155,,,6,,,,3,,,,,,,,,,,,11,,
670000013769,156,,,10,20,50,,,,,,,,,,,,,,,,
670000013769,159,,,,,18,,10,,,,,,,,,,,,,10,28
670000013769,160,,,,,,,,,,,,,,,,,,,,,10
670000013769,163,,,8,8,10,,22,,,,,,,,,,,,,10,
670000013769,165,,,1,5,,,,,,,,,,,,,,,,,
670000013769,167,,,,,20,,,,,,,,,,,,,,,,
670000013769,168,,,,,,,15,,,,,,,,,,,,,,
670000013769,170,,,,10,25,,,,,,,,,,,,,,,,14
670000013769,171,,,,,,,5,,,,,,,,,,,,10,,
670000013769,173,,,40,,25,,25,,,,,,,,,,,,13,,20
670000013769,176,,,,3,,,,,,,,,,,,,,,,,
670000013769,177,,,,,,,,,,,,,,,,,,,10,,
670000013769,178,,,10,,,,10,,,,,,,,,,,,,6,10
670000013769,181,,,10,20,,,20,,,,,,,,,,,,10,10,
670000013769,182,,,6,3,12,,12,,,,,,,,,,,,,,
670000013769,183,,,,,8,,,,,,,,,,,,,,,16,
670000013769,185,,,,,,,,,,,,,,,,,,,,12,
670000013769,186,,,5,,,,0,,,,,,,,,,,,,,
670000013769,188,,,,10,33,,23,,,,,,,,,,,,,,
670000013769,189,,,,,10,,12,,,,,,,,,,,,,,
670000013769,190,,,,,,,,,,,,,,,,,,,12,,
670000013769,192,,,,,,,,,,,,,,,,,,,,12,
670000013769,193,,,30,10,50,,35,,,,,,,,,,,,,10,
670000013769,194,,,6,5,8,,17,,,,,,,,,,,,12,,
670000013769,197,,,10,,,,8,,,,,,,,,,,,10,,12
670000013769,198,,,,10,11,,3,,,,,,,,,,,,10,10,5
670000013769,199,,,,,,,,,,,,,,,,,,,,,12
670000013769,203,,,,5,,,15,,,,,,,,,,,,7,,
670000013769,204,,,20,10,,,,,,,,,,,,,,,,,
670000013769,206,,,5,,25,,30,,,,,,,,,,,,,10,
670000013769,207,,,30,,25,,30,,,,,,,,,,,,,,20
670000013769,208,,,,10,,,,,,,,,,,,,,,,12,
670000013769,209,,,13,,,,,,,,,,,,,,,,,,
670000013769,211,,,,,4,,25,,,,,,,,,,,,,,
670000013769,212,,,,,10,,,,,,,,,,,,,,,,
670000013769,213,,,9,,,,,,,,,,,,,,,,,,
670000013769,214,,,5,5,21,,,,,,,,,,,,,,,9,
670000013769,216,,,,,10,,,,,,,,,,,,,,,,
670000013769,219,,,20,,25,,,,,,,,,,,,,,14,,
670000013769,220,,,,,20,,25,,,,,,,,,,,,15,,
670000013769,223,,,,10,,,,,,,,,,,,,,,10,,
670000013769,224,,,11,,5,,,,,,,,,,,,,,5,,5
670000013769,225,,,10,40,20,,45,,,,,,,,,,,,,70,
670000013769,226,,,,1,,,,,,,,,,,,,,,,,
670000013769,227,,,5,9,,,,,,,,,,,,,,,,,
670000013769,228,,,,,5,,22,,,,,,,,,,,,,,
670000013769,229,,,10,,,,25,,,,,,,,,,,,,,
670000013769,231,,,,,,,,,,,,,,,,,,,5,5,
670000013769,232,,,20,30,,,32,,,,,,,,,,,,,15,
670000013769,233,,,,,,,,,,,,,,,,,,,10,,
670000013769,234,,,3,,3,,3,,,,,,,,,,,,,2,
670000013769,236,,,,5,,,3,,,,,,,,,,,,,,
670000013769,237,,,,,,,,,,,,,,,,,,,,12,
670000013769,239,,,,,,,,,,,,,,,,,,,,6,
670000013769,242,,,,10,15,,,,,,,,,,,,,,,,
670000013769,243,,,,3,,,,,,,,,,,,,,,,,
670000013769,244,,,3,3,,,,,,,,,,,,,,,5,,
670000013769,246,,,,,,,20,,,,,,,,,,,,,,
670000013769,247,,,10,10,,,,,,,,,,,,,,,,10,
670000013769,248,,,9,8,,,18,,,,,,,,,,,,18,,
670000013769,249,,,2,,,,,,,,,,,,,,,,,,
670000013769,250,,,,5,8,,,,,,,,,,,,,,,2,
670000013769,251,,,40,80,20,,90,,,,,,,,,,,,,20,
670000013769,252,,,,,8,,,,,,,,,,,,,,,,11
670000013769,253,,,10,10,20,,5,,,,,,,,,,,,,,
670000013769,256,,,,,,,25,,,,,,,,,,,,15,,
670000013769,257,,,6,10,,,25,,,,,,,,,,,,,10,
670000013769,258,,,10,10,,,,,,,,,,,,,,,8,,
670000013769,261,,,8,0,,,5,,,,,,,,,,,,,5,5
670000013769,262,,,5,16,12,,22,,,,,,,,,,,,,,
670000013769,263,,,20,,,,25,,,,,,,,,,,,,20,
670000013769,264,,,,,,,8,,,,,,,,,,,,,,
670000013769,266,,,,,,,5,,,,,,,,,,,,10,,
670000013769,267,,,5,,,,,,,,,,,,,,,,,,
670000013769,268,,,20,,,,25,,,,,,,,,,,,,,
670000013769,269,,,,,,,10,,,,,,,,,,,,13,,
670000013769,270,,,4,9,25,,,,,,,,,,,,,,,,4
670000013769,271,,,,4,5,,3,,,,,,,,,,,,,,
670000013769,276,,,10,10,20,,20,,,,,,,,,,,,10,,10
670000013769,277,,,10,50,,,75,,,,,,,,,,,,13,,
670000013769,278,,,20,18,10,,26,,,,,,,,,,,,,,
670000013769,279,,,,,7,,10,,,,,,,,,,,,,,
670000013769,280,,,12,,,,12,,,,,,,,,,,,,5,
670000013769,281,,,10,10,25,,25,,,,,,,,,,,,10,10,
670000013769,282,,,8,3,10,,6,,,,,,,,,,,,,,
670000013769,283,,,5,,,,10,,,,,,,,,,,,10,,
670000013769,285,,,5,,,,5,,,,,,,,,,,,,10,
670000013769,290,,,10,4,,,23,,,,,,,,,,,,10,,
670000013769,291,,,,10,,,,,,,,,,,,,,,10,12,
670000013769,295,,,,,23,,5,,,,,,,,,,,,,,
670000013769,296,,,,,,,25,,,,,,,,,,,,12,,
670000013769,297,,,,,,,12,,,,,,,,,,,,,,
670000013769,298,,,,,,,,,,,,,,,,,,,,10,10
670000013769,299,,,10,5,10,,20,,,,,,,,,,,,10,,20
670000013769,300,,,6,,,,,,,,,,,,,,,,,,
670000013769,301,,,,,,,12,,,,,,,,,,,,,13,
670000013769,304,,,10,30,20,,35,,,,,,,,,,,,,,
670000013769,305,,,2,,,,,,,,,,,,,,,,,,
670000013769,307,,,10,7,,,,,,,,,,,,,,,,10,
670000013769,312,,,,8,,,,,,,,,,,,,,,,,2
670000013769,315,,,3,,,,,,,,,,,,,,,,,6,
670000013769,316,,,6,,,,17,,,,,,,,,,,,,9,
670000013769,317,,,,,,,,,,,,,,,,,,,2,,
670000013769,318,,,,,,,,,,,,,,,,,,,,2,
670000013769,320,,,6,10,,,10,,,,,,,,,,,,,10,
670000013769,321,,,,,30,,,,,,,,,,,,,,15,,
670000013769,322,,,,,,,6,,,,,,,,,,,,15,,
670000013769,323,,,1,,,,,,,,,,,,,,,,,,
670000013769,327,,,20,,,,0,,,,,,,,,,,,,,
670000013769,328,,,,3,6,,25,,,,,,,,,,,,,,
670000013769,330,,,30,20,,,15,,,,,,,,,,,,,,2
670000013769,331,,,,,35,,,,,,,,,,,,,,,,
670000013769,332,,,,,,,,,,,,,,,,,,,,5,
670000013769,333,,,,10,,,20,,,,,,,,,,,,15,,
670000013769,334,,,25,25,16,,50,,,,,,,,,,,,,25,
670000013769,335,,,,,2,,2,,,,,,,,,,,,,2,
670000013769,336,,,,,,,,,,,,,,,,,,,5,,
670000013769,338,,,40,,18,,25,,,,,,,,,,,,13,,16
670000013769,339,,,3,,7,,9,,,,,,,,,,,,3,,
670000013769,340,,,,20,,,,,,,,,,,,,,,,20,
670000013769,344,,,,10,,,,,,,,,,,,,,,10,,20
670000013769,347,,,,15,,,,,,,,,,,,,,,,10,
670000013769,348,,,3,27,,,20,,,,,,,,,,,,,,
670000013769,349,,,,,25,,10,,,,,,,,,,,,5,3,
670000013769,351,,,,,,,7,,,,,,,,,,,,8,,
670000013769,352,,,,,,,5,,,,,,,,,,,,,,
670000013769,353,,,12,6,,,6,,,,,,,,,,,,,7,
670000013769,354,,,20,20,,,20,,,,,,,,,,,,,15,15
670000013769,356,,,,,,,,,,,,,,,,,,,,13,
670000013769,357,,,,27,30,,7,,,,,,,,,,,,10,,
670000013769,360,,,2,,,,,,,,,,,,,,,,,,1
670000013769,361,,,4,9,,,6,,,,,,,,,,,,,8,
670000013769,362,,,30,60,30,,50,,,,,,,,,,,,10,30,
670000013769,363,,,,20,5,,15,,,,,,,,,,,,,,
670000013769,364,,,5,15,17,,,,,,,,,,,,,,13,,
670000013769,366,,,,,,,,,,,,,,,,,,,,,15
670000013769,368,,,,,,,3,,,,,,,,,,,,,,
670000013769,373,,,,10,25,,,,,,,,,,,,,,,,
670000013769,374,,,,,,,,,,,,,,,,,,,,,20
670000013769,377,,,,,,,,,,,,,,,,,,,,14,
670000013769,378,,,,10,,,15,,,,,,,,,,,,,,
670000013769,381,,,,,,,5,,,,,,,,,,,,,,
670000013769,383,,,,20,10,,,,,,,,,,,,,,,,3
670000013769,384,,,,5,,,,,,,,,,,,,,,4,,
670000013769,385,,,20,12,20,,,,,,,,,,,,,,,,15
670000013769,387,,,,7,,,,,,,,,,,,,,,,,
670000013769,388,,,,,4,,2,,,,,,,,,,,,,,
670000013769,389,,,,15,,,18,,,,,,,,,,,,,,
670000013769,391,,,,5,10,,25,,,,,,,,,,,,9,,
670000013769,392,,,,5,,,,,,,,,,,,,,,,,
670000013769,393,,,,,,,7,,,,,,,,,,,,,,
670000013769,395,,,,,10,,,,,,,,,,,,,,13,,
670000013769,396,,,,,,,,,,,,,,,,,,,10,,
670000013769,397,,,,1,,,,,,,,,,,,,,,,,
670000013769,398,,,,,21,,19,,,,,,,,,,,,,12,
670000013769,400,,,,,25,,10,,,,,,,,,,,,,,
670000013769,401,,,10,45,39,,25,,,,,,,,,,,,,40,
670000013769,402,,,,,30,,15,,,,,,,,,,,,,13,7
670000013769,403,,,20,20,25,,25,,,,,,,,,,,,,,
670000013769,404,,,3,,,,,,,,,,,,,,,,,,
670000013769,405,,,,,,,,,,,,,,,,,,,,5,
670000013769,406,,,,10,35,,25,,,,,,,,,,,,,10,10
670000013769,408,,,,5,17,,8,,,,,,,,,,,,,,
670000013769,410,,,,,,,5,,,,,,,,,,,,,,
670000013769,411,,,,,,,,,,,,,,,,,,,,,20
670000013769,412,,,40,,,,40,,,,,,,,,,,,40,40,20
670000013769,413,,,,13,20,,10,,,,,,,,,,,,7,,
670000013769,414,,,35,30,10,,23,,,,,,,,,,,,,,14
670000013769,415,,,,20,20,,20,,,,,,,,,,,,30,30,
670000013769,416,,,40,26,45,,,,,,,,,,,,,,,76,
670000013769,417,,,10,,,,,,,,,,,,,,,,,,
670000013769,418,,,10,,10,,20,,,,,,,,,,,,,,5
670000013769,419,,,,,,,5,,,,,,,,,,,,,12,
670000013769,422,,,6,,10,,5,,,,,,,,,,,,15,,
670000013769,425,,,,2,,,15,,,,,,,,,,,,,,
670000013769,426,,,3,20,25,,15,,,,,,,,,,,,,20,
670000013769,427,,,,,,,,,,,,,,,,,,,,14,
670000013769,428,,,40,,40,,30,,,,,,,,,,,,,10,20
670000013769,429,,,20,,,,,,,,,,,,,,,,,32,
670000013769,430,,,45,,,,40,,,,,,,,,,,,10,25,
670000013769,431,,,,,,,40,,,,,,,,,,,,,,
670000013769,432,,,,4,,,,,,,,,,,,,,,,,
670000013769,433,,,,,2,,3,,,,,,,,,,,,,,3
670000013769,434,,,10,,,,15,,,,,,,,,,,,,10,
670000013769,435,,,,,,,15,,,,,,,,,,,,10,,
670000013769,436,,,10,,24,,25,,,,,,,,,,,,17,,
670000013769,437,,,,10,,,15,,,,,,,,,,,,,,
670000013769,438,,,10,,,,15,,,,,,,,,,,,10,,
670000013769,439,,,,,,,2,,,,,,,,,,,,,,
670000013769,440,,,,,20,,13,,,,,,,,,,,,,,
670000013769,441,,,6,,15,,10,,,,,,,,,,,,,3,10
670000013769,442,,,20,,,,20,,,,,,,,,,,,,,20
670000013769,443,,,,,,,15,,,,,,,,,,,,,,
670000013769,444,,,20,,,,25,,,,,,,,,,,,,,10
670000013769,445,,,4,,25,,10,,,,,,,,,,,,12,,
670000013769,446,,,,,,,,,,,,,,,,,,,10,,
670000013769,451,,,15,,,,18,,,,,,,,,,,,10,,
670000013769,452,,,4,5,,,8,,,,,,,,,,,,,3,1
670000013769,454,,,,4,,,,,,,,,,,,,,,,5,
670000013769,455,,,,,,,,,,,,,,,,,,,10,10,
670000013769,456,,,,,,,7,,,,,,,,,,,,3,,
670000013769,460,,,6,25,,,10,,,,,,,,,,,,,5,2
670000013769,461,,,20,,,,10,,,,,,,,,,,,15,,
670000013769,462,,,,,,,25,,,,,,,,,,,,20,20,
670000013769,463,,,12,40,,,,,,,,,,,,,,,,14,
670000013769,465,,,,,,,10,,,,,,,,,,,,,10,
670000013769,470,,,17,10,,,3,,,,,,,,,,,,,25,
670000013769,472,,,,,,,,,,,,,,,,,,,,15,
670000013769,473,,,,,,,10,,,,,,,,,,,,,,
670000013769,474,,,9,,10,,10,,,,,,,,,,,,,,
670000013769,478,,,,27,10,,10,,,,,,,,,,,,,3,
670000013769,479,,,5,,,,,,,,,,,,,,,,,,
670000013769,480,,,20,,,,25,,,,,,,,,,,,10,,
670000013769,481,,,,2,,,,,,,,,,,,,,,,,
670000013769,482,,,69,30,36,,50,,,,,,,,,,,,11,4,4
670000013769,483,,,,,10,,10,,,,,,,,,,,,,,
670000013769,484,,,20,,10,,15,,,,,,,,,,,,10,,
670000013769,486,,,10,10,15,,25,,,,,,,,,,,,10,,
670000013769,489,,,,,,,20,,,,,,,,,,,,12,,
670000013769,493,,,10,,,,20,,,,,,,,,,,,,,
670000013769,494,,,,,,,,,,,,,,,,,,,8,,
670000013769,498,,,10,,17,,,,,,,,,,,,,,,,6
670000013769,499,,,30,,10,,15,,,,,,,,,,,,,,10
670000013769,505,,,,,,,30,,,,,,,,,,,,,,
670000013769,506,,,,,,,,,,,,,,,,,,,10,10,
670000013769,507,,,,1,,,,,,,,,,,,,,,1,,
670000013769,508,,,5,10,20,,25,,,,,,,,,,,,,,43
670000013769,511,,,,,,,15,,,,,,,,,,,,,,
670000013769,513,,,15,10,,,15,,,,,,,,,,,,,,
670000013769,519,,,,,,,25,,,,,,,,,,,,,,
670000013769,521,,,30,10,22,,25,,,,,,,,,,,,,7,17
670000013769,523,,,,5,10,,0,,,,,,,,,,,,,,
670000013769,524,,,,,,,10,,,,,,,,,,,,,,
670000013769,527,,,2,,8,,8,,,,,,,,,,,,,,
670000013769,528,,,,,,,,,,,,,,,,,,,10,,
670000013769,529,,,,,,,5,,,,,,,,,,,,,,
670000013769,530,,,5,6,,,15,,,,,,,,,,,,,3,
670000013769,531,,,,5,,,10,,,,,,,,,,,,13,,
670000013769,532,,,,,30,,20,,,,,,,,,,,,,,
670000013769,534,,,47,107,20,,21,,,,,,,,,,,,,48,6
670000013769,535,,,13,14,14,,13,,,,,,,,,,,,10,10,20
670000013769,536,,,,,5,,5,,,,,,,,,,,,,10,
670000013769,537,,,2,,,,1,,,,,,,,,,,,,,
670000013769,538,,,,6,10,,25,,,,,,,,,,,,,8,
670000013769,540,,,,,,,,,,,,,,,,,,,,20,
670000013769,542,,,,3,,,,,,,,,,,,,,,,,
670000013769,544,,,,,12,,20,,,,,,,,,,,,,10,
670000013769,546,,,10,10,,,10,,,,,,,,,,,,,,
670000013769,548,,,,,,,25,,,,,,,,,,,,10,10,
670000013769,549,,,,,,,13,,,,,,,,,,,,,,
670000013769,550,,,,,,,,,,,,,,,,,,,10,10,
670000013769,554,,,12,,,,7,,,,,,,,,,,,5,3,
670000013769,555,,,10,,,,15,,,,,,,,,,,,11,,
670000013769,556,,,,,,,10,,,,,,,,,,,,,,
670000013769,558,,,,,,,19,,,,,,,,,,,,,,
670000013769,559,,,32,15,,,40,,,,,,,,,,,,,10,20
670000013769,561,,,20,,,,,,,,,,,,,,,,,,
670000013769,562,,,10,,10,,15,,,,,,,,,,,,10,10,
670000013769,564,,,20,,,,,,,,,,,,,,,,10,10,
670000013769,566,,,40,,15,,30,,,,,,,,,,,,,,16
670000013769,567,,,,10,,,18,,,,,,,,,,,,,,
670000013769,570,,,3,,,,,,,,,,,,,,,,,,
670000013769,571,,,,,2,,,,,,,,,,,,,,2,1,
670000013769,574,,,20,-20,10,,,,,,,,,,,,,,,20,
670000013769,575,,,,7,,,,,,,,,,,,,,,,,
670000013769,576,,,12,,,,15,,,,,,,,,,,,5,19,
670000013769,581,,,2,,,,,,,,,,,,,,,,,,
670000013769,584,,,7,,,,25,,,,,,,,,,,,,10,
670000013769,586,,,10,,10,,15,,,,,,,,,,,,,,4
670000013769,588,,,10,10,20,,22,,,,,,,,,,,,,15,
670000013769,589,,,,3,6,,2,,,,,,,,,,,,,,
670000013769,591,,,2,15,,,5,,,,,,,,,,,,3,,
670000013769,592,,,,1,,,,,,,,,,,,,,,,,
670000013769,595,,,,10,,,18,,,,,,,,,,,,12,,
670000013769,596,,,,10,,,,,,,,,,,,,,,,,10
670000013769,599,,,20,,,,,,,,,,,,,,,,10,10,
670000013769,600,,,20,,,,,,,,,,,,,,,,,,
670000013769,601,,,,,,,10,,,,,,,,,,,,10,10,
670000013769,605,,,,,,,10,,,,,,,,,,,,,,
670000013769,611,,,,10,,,,,,,,,,,,,,,,,
670000013769,614,,,10,,20,,15,,,,,,,,,,,,,,
670000013769,615,,,9,,15,,10,,,,,,,,,,,,,,13
670000013769,618,,,16,,15,,20,,,,,,,,,,,,5,5,
670000013769,621,,,5,,,,,,,,,,,,,,,,,,
670000013769,625,,,,20,,,,,,,,,,,,,,,15,31,20
670000013769,629,,,10,,5,,10,,,,,,,,,,,,3,,4
670000013769,631,,,20,,,,15,,,,,,,,,,,,,,
670000013769,633,,,3,5,5,,10,,,,,,,,,,,,,,
670000013769,634,,,,,,,40,,,,,,,,,,,,,,
670000013769,635,,,5,6,,,25,,,,,,,,,,,,5,,
670000013769,636,,,15,42,,,30,,,,,,,,,,,,10,,
670000013769,638,,,10,,,,,,,,,,,,,,,,,,10
670000013769,643,,,1,2,,,,,,,,,,,,,,,,,2
670000013769,644,,,3,,4,,,,,,,,,,,,,,3,,
670000013769,645,,,15,,,,,,,,,,,,,,,,,2,
670000013769,646,,,50,,,,50,,,,,,,,,,,,,20,
670000013769,648,,,10,,,,,,,,,,,,,,,,,,
670000013769,650,,,15,6,,,,,,,,,,,,,,,,,2
670000013769,651,,,,6,3,,15,,,,,,,,,,,,,,
670000013769,652,,,15,20,17,,17,,,,,,,,,,,,,,
670000013769,654,,,15,15,,,10,,,,,,,,,,,,15,,
670000013769,655,,,,,,,0,,,,,,,,,,,,,,10
670000013769,656,,,,,,,,,,,,,,,,,,,6,8,
670000013769,657,,,,15,,,10,,,,,,,,,,,,17,,
670000013769,658,,,10,30,,,,,,,,,,,,,,,10,5,
670000013769,659,,,,15,,,,,,,,,,,,,,,,,
670000013769,660,,,,3,,,,,,,,,,,,,,,,,
670000013769,662,,,,20,,,10,,,,,,,,,,,,10,10,
670000013769,664,,,,10,10,,15,,,,,,,,,,,,,,
670000013769,666,,,15,,14,,10,,,,,,,,,,,,,10,
670000013769,667,,,,,,,15,,,,,,,,,,,,,25,
670000013769,668,,,20,,,,,,,,,,,,,,,,10,10,
670000013769,669,,,10,,,,15,,,,,,,,,,,,,10,
670000013769,670,,,,,,,,,,,,,,,,,,,,,15
670000013769,672,,,,,,,10,,,,,,,,,,,,,13,20
670000013769,673,,,10,,20,,10,,,,,,,,,,,,10,,
670000013769,675,,,,,,,17,,,,,,,,,,,,,,
670000013769,676,,,,,,,24,,,,,,,,,,,,6,,20
670000013769,678,,,,,,,,,,,,,,,,,,,15,,
670000013769,682,,,,12,,,,,,,,,,,,,,,,4,
670000013769,683,,,4,,7,,8,,,,,,,,,,,,,,
670000013769,686,,,,,15,,,,,,,,,,,,,,,,
670000013769,688,,,20,,,,18,,,,,,,,,,,,5,5,
670000013769,691,,,15,30,,,10,,,,,,,,,,,,,12,
670000013769,692,,,10,3,22,,20,,,,,,,,,,,,,13,
670000013769,696,,,,10,,,50,,,,,,,,,,,,,,5
670000013769,697,,,20,,,,25,,,,,,,,,,,,,,
670000013769,699,,,5,,20,,10,,,,,,,,,,,,13,,
670000013769,701,,,15,,10,,15,,,,,,,,,,,,,16,
670000013769,703,,,,10,10,,,,,,,,,,,,,,,,
670000013769,704,,,5,,,,,,,,,,,,,,,,,,
670000013769,705,,,20,,20,,20,,,,,,,,,,,,,,15
670000013769,706,,,,20,20,,25,,,,,,,,,,,,,15,
670000013769,707,,,,,,,,,,,,,,,,,,,3,,5
670000013769,708,,,20,,,,15,,,,,,,,,,,,,12,
670000013769,709,,,25,,20,,30,,,,,,,,,,,,,5,8
670000013769,710,,,11,12,,,10,,,,,,,,,,,,,,
670000013769,714,,,,,10,,15,,,,,,,,,,,,15,,
670000013769,715,,,,,,,,,,,,,,,,,,,10,,15
670000013769,716,,,,12,,,,,,,,,,,,,,,,,
670000013769,717,,,,10,,,,,,,,,,,,,,,,,
670000013769,721,,,,,,,,,,,,,,,,,,,,14,
670000013769,722,,,5,,10,,30,,,,,,,,,,,,,,
670000013769,723,,,,,,,8,,,,,,,,,,,,,,
670000013769,724,,,,,4,,2,,,,,,,,,,,,,,
670000013769,725,,,,,,,,,,,,,,,,,,,,,4
670000013769,726,,,8,8,10,,20,,,,,,,,,,,,,,3
670000013769,727,,,,,,,10,,,,,,,,,,,,,,
670000013769,728,,,,5,,,,,,,,,,,,,,,,,
670000013769,731,,,6,,,,15,,,,,,,,,,,,3,,
670000013769,732,,,10,10,4,,6,,,,,,,,,,,,,,
670000013769,733,,,,20,,,,,,,,,,,,,,,,13,
670000013769,734,,,,15,12,,10,,,,,,,,,,,,,12,
670000013769,735,,,,10,5,,16,,,,,,,,,,,,,10,13
670000013769,737,,,,3,,,,,,,,,,,,,,,,,3
670000013769,739,,,,25,24,,25,,,,,,,,,,,,,,
670000013769,741,,,8,4,,,,,,,,,,,,,,,,,4
670000013769,742,,,200,200,45,,30,,,,,,,,,,,,,220,210
670000013769,743,,,200,,,,,,,,,,,,,,,,,,
670000013769,744,,,4,5,,,18,,,,,,,,,,,,,,
670000013769,745,,,20,40,50,,40,,,,,,,,,,,,,,
670000013769,747,,,,,,,17,,,,,,,,,,,,,,
670000013769,748,,,30,,-26,,,,,,,,,,,,,,15,10,
670000013769,749,,,20,30,,,60,,,,,,,,,,,,10,40,
670000013769,750,,,,,,,,,,,,,,,,,,,10,,
670000013769,751,,,2,,,,,,,,,,,,,,,,,,
670000013769,753,,,4,8,10,,9,,,,,,,,,,,,,,2
670000013769,755,,,,,7,,,,,,,,,,,,,,,,
670000013769,757,,,5,7,5,,7,,,,,,,,,,,,,,
670000013769,758,,,,,10,,,,,,,,,,,,,,,,35
670000013769,759,,,,,9,,50,,,,,,,,,,,,,,
670000013769,760,,,,,,,17,,,,,,,,,,,,,,
670000013769,763,,,23,,25,,38,,,,,,,,,,,,,,15
670000013769,766,,,,,,,25,,,,,,,,,,,,,,
670000013769,767,,,5,10,,,15,,,,,,,,,,,,,10,
670000013769,770,,,,,,,,,,,,,,,,,,,,25,
670000013769,771,,,7,20,12,,20,,,,,,,,,,,,,5,4
670000013769,772,,,,,,,,,,,,,,,,,,,16,,
670000013769,775,,,,3,3,,3,,,,,,,,,,,,,,
670000013769,776,,,,22,,,25,,,,,,,,,,,,,8,10
670000013769,781,,,,5,,,,,,,,,,,,,,,,,
670000013769,782,,,,30,30,,55,,,,,,,,,,,,,,
670000013769,783,,,6,,,,,,,,,,,,,,,,,6,
670000013769,785,,,,30,10,,25,,,,,,,,,,,,,,
670000013769,787,,,,,,,23,,,,,,,,,,,,,,
670000013769,788,,,,10,5,,18,,,,,,,,,,,,,,
670000013769,789,,,40,20,22,,22,,,,,,,,,,,,,15,11
670000013769,795,,,30,80,,,100,,,,,,,,,,,,,30,
670000013769,796,,,3,18,3,,15,,,,,,,,,,,,,,
670000013769,798,,,,,10,,20,,,,,,,,,,,,,,15
670000013769,799,,,,,10,,10,,,,,,,,,,,,5,5,
670000013769,801,,,10,15,,,,,,,,,,,,,,,,13,11
670000013769,802,,,,,,,25,,,,,,,,,,,,,10,
670000013769,803,,,,,,,5,,,,,,,,,,,,,6,
670000013769,804,,,,30,,,20,,,,,,,,,,,,,15,
670000013769,805,,,,,,,10,,,,,,,,,,,,,20,
670000013769,806,,,33,45,28,,50,,,,,,,,,,,,,29,
670000013769,807,,,,,,,,,,,,,,,,,,,,2,
670000013769,808,,,5,5,10,,,,,,,,,,,,,,,19,
670000013769,809,,,,18,30,,25,,,,,,,,,,,,,,
670000013769,812,,,,,7,,25,,,,,,,,,,,,,,
670000013769,813,,,,10,,,15,,,,,,,,,,,,,,
670000013769,815,,,,8,7,,25,,,,,,,,,,,,,,
670000013769,816,,,,,25,,25,,,,,,,,,,,,,,
670000013769,817,,,10,10,,,5,,,,,,,,,,,,,10,
670000013769,818,,,,10,10,,35,,,,,,,,,,,,,20,
670000013769,821,,,20,30,,,29,,,,,,,,,,,,,,
670000013769,823,,,,10,,,20,,,,,,,,,,,,,,
670000013769,825,,,,,,,23,,,,,,,,,,,,,,
670000013769,826,,,,3,,,15,,,,,,,,,,,,,,
670000013769,828,,,5,10,17,,25,,,,,,,,,,,,12,,
670000013769,829,,,10,,,,,,,,,,,,,,,,,42,
670000013769,831,,,38,,,,20,,,,,,,,,,,,15,,
670000013769,832,,,10,,15,,15,,,,,,,,,,,,,,
670000013769,836,,,,,2,,,,,,,,,,,,,,,,
670000013769,838,,,4,,,,,,,,,,,,,,,,,,
670000013769,840,,,70,,10,,,,,,,,,,,,,,,,
670000013769,841,,,,,,,40,,,,,,,,,,,,,,
670000013769,843,,,,10,,,25,,,,,,,,,,,,,,
670000013769,845,,,,,,,23,,,,,,,,,,,,,,
670000013769,847,,,,5,24,,,,,,,,,,,,,,,,
670000013769,849,,,10,20,,,40,,,,,,,,,,,,,,
670000013769,850,,,2,3,,,25,,,,,,,,,,,,,,
670000013769,852,,,9,10,,,20,,,,,,,,,,,,,,
670000013769,853,,,,,,,7,,,,,,,,,,,,,,
670000013769,855,,,10,,,,25,,,,,,,,,,,,,,
670000013769,856,,,7,20,,,5,,,,,,,,,,,,,,
670000013769,857,,,,,,,10,,,,,,,,,,,,,,
670000013769,858,,,,5,,,,,,,,,,,,,,,,,
670000013769,860,,,10,10,,,20,,,,,,,,,,,,,,
670000013769,861,,,5,,,,14,,,,,,,,,,,,,,
670000013769,863,,,10,10,18,,15,,,,,,,,,,,,,,
670000013769,865,,,,,5,,15,,,,,,,,,,,,,,
670000013769,866,,,,,25,,,,,,,,,,,,,,,,
670000013769,867,,,,4,,,,,,,,,,,,,,,,,
670000013769,869,,,,6,,,,,,,,,,,,,,,,,
670000013769,871,,,,,,,15,,,,,,,,,,,,,,
670000013769,873,,,,13,,,25,,,,,,,,,,,,,,
670000013769,874,,,,5,15,,25,,,,,,,,,,,,,,
670000013769,875,,,,,,,25,,,,,,,,,,,,,,
670000013769,876,,,,,7,,15,,,,,,,,,,,,,,
670000013769,877,,,,10,,,15,,,,,,,,,,,,,,
670000013769,879,,,,,10,,,,,,,,,,,,,,,,
670000013769,885,,,,,5,,5,,,,,,,,,,,,,,
670000013769,889,,,,,2,,,,,,,,,,,,,,,,
670000013769,890,,,,,13,,,,,,,,,,,,,,,,
670000013769,891,,,,,3,,13,,,,,,,,,,,,,,
670000013769,892,,,,,,,10,,,,,,,,,,,,,,
670000013769,897,,,,,,,5,,,,,,,,,,,,,,
670000013769,900,,,,,,,12,,,,,,,,,,,,,,
670000013769,901,,,,,,,50,,,,,,,,,,,,,,
670000013769,903,,,,,,,15,,,,,,,,,,,,,,
670000013769,918,,,,,1,,,,,,,,,,,,,,,,
670000013769,928,,,,,,,,,,,,,,,,,,,,,47
670000013769,929,,,,,,,,,,,,,,,,,,,,,100
670000013769,935,,,,,,,,,,,,,,,,,,,12,,
670000013769,938,,,,4,,,,,,,,,,,,,,,,,
670000013769,947,,,,,25,,,,,,,,,,,,,,,,
670000013769,964,,,10,20,,,18,,,,,,,,,,,,,16,
670000013769,965,,,6,6,,,12,,,,,,,,,,,,,,
670000013769,969,,,,,6,,,,,,,,,,,,,,,,
670000013769,971,,,,3,,,10,,,,,,,,,,,,,,
670000013769,972,,,,20,5,,,,,,,,,,,,,,,,
670000013769,973,,,,11,20,,10,,,,,,,,,,,,,,
670000013769,974,,,,20,30,,,,,,,,,,,,,,,,
670000013769,975,,,,,,,,,,,,,,,,,,,2,,
670000013769,976,,,5,,,,5,,,,,,,,,,,,,,4
670000013769,977,,,,5,23,,,,,,,,,,,,,,,6,
670000013769,978,,,,10,,,,,,,,,,,,,,,,,
670000013769,979,,,,8,,,,,,,,,,,,,,,,,
670000013769,980,,,,10,,,10,,,,,,,,,,,,,8,
670000013769,981,,,,,,,17,,,,,,,,,,,,3,,
670000013769,984,,,5,,,,15,,,,,,,,,,,,,17,
670000013769,986,,,,20,45,,25,,,,,,,,,,,,,12,
670000013769,987,,,,6,,,10,,,,,,,,,,,,,,
670000013769,988,,,,,,,6,,,,,,,,,,,,,,
670000013769,989,,,,5,,,5,,,,,,,,,,,,,,
670000013769,990,,,12,18,30,,21,,,,,,,,,,,,,,
670000013769,991,,,,5,11,,5,,,,,,,,,,,,,,
670000013769,992,,,,,15,,30,,,,,,,,,,,,,,
670000013769,993,,,,,,,,,,,,,,,,,,,,42,
670000013769,995,,,,12,10,,20,,,,,,,,,,,,,,
670000013769,997,,,,,,,,,,,,,,,,,,,,10,
670000013769,998,,,,,,,,,,,,,,,,,,,,14,
670000013769,999,,,,,,,,,,,,,,,,,,,,10,
670000013769,1000,,,14,,,,,,,,,,,,,,,,,,14
670000013769,1001,,,3,,2,,,,,,,,,,,,,,,,1
670000013769,1002,,,,24,20,,14,,,,,,,,,,,,,,
670000013769,1003,,,,50,,,,,,,,,,,,,,,,,
670000013769,1004,,,,,,,37,,,,,,,,,,,,,,
670000013769,1005,,,,,16,,,,,,,,,,,,,,,,
670000013769,1006,,,,,17,,,,,,,,,,,,,,,,
670000013769,1007,,,,,20,,,,,,,,,,,,,,,,
670000013769,1008,,,,,10,,3,,,,,,,,,,,,,,
670000013769,1009,,,,,,,10,,,,,,,,,,,,,,
670000013769,1010,,,,,,,20,,,,,,,,,,,,,,
670000013769,1011,,,,,,,20,,,,,,,,,,,,,,
670000013769,1012,,,,,,,25,,,,,,,,,,,,,,
670000013769,1013,,,,,,,4,,,,,,,,,,,,,,
670000013769,1014,,,,,,,140,,,,,,,,,,,,,,
670000013769,1020,,,10,,,,,,,,,,,,,,,,,,
670000013769,1021,,,,,,,10,,,,,,,,,,,,,,
670000013769,1022,,,3,4,,,5,,,,,,,,,,,,,,3
670000013769,1023,,,10,10,25,,,,,,,,,,,,,,,12,15
670000013769,1024,,,,,,,,,,,,,,,,,,,,,5
670000013769,1025,,,10,,,,,,,,,,,,,,,,,,
670000013769,1026,,,,,8,,5,,,,,,,,,,,,,,
670000013769,1027,,,7,,,,,,,,,,,,,,,,,,
670000013769,1028,,,,,,,15,,,,,,,,,,,,,,
670000041862,3,,,,4,1,,,,8,,,,,,,,,,2,13,3
670000041862,6,,,,26,,10,,37,,,,,,,,,,,,,3
670000041862,7,,20,,,,22,10,20,5,,,,,,,,,,,10,
670000041862,14,,,,5,,,,,,,,,,,,,,,,,
670000041862,16,,,,,,,,,,,,,,,,,,,1,,
670000041862,18,,,,,,,,,,,,,,,,,,,,4,3
670000041862,20,,3,,,3,,,6,,,,,,,,,,,,,
670000041862,22,,,,,,,3,4,,,,,,,,,,,,2,
670000041862,24,,,,2,,1,,,,,,,,,,,,,2,,
670000041862,25,,,,,,,,,,,,,,,,,,,4,,
670000041862,26,,,,,,,,,,,,,,,,,,,5,,
670000041862,27,6,,,,,,,,,,,,,,,,,,,,
670000041862,28,,,,,,,,,,,,,,,,,,,3,5,
670000041862,29,,,,,,10,10,,,,,,,,,,,,,10,
670000041862,31,,,,,3,,,,,,,,,,,,,,,,
670000041862,34,,5,,,,,,,,,,,,,,,,,,,
670000041862,36,,,,,,,,,,,,,,,,,,,4,,
670000041862,41,,,,,,,,,,,,,,,,,,,,4,
670000041862,43,,,1,,,,,,,,,,,,,,,,,3,
670000041862,44,,,2,,,,,,,,,,,,,,,,3,,
670000041862,46,,,,,,,,,,,,,,,,,,,10,,
670000041862,47,,,,5,,,,,,,,,,,,,,,,,
670000041862,48,,,,,,,,,6,,,,,,,,,,,3,
670000041862,49,,,2,,,3,,,,,,,,,,,,,3,,
670000041862,52,,,,,2,,,,,,,,,,,,,,,5,
670000041862,53,,,1,,,,,,,,,,,,,,,,2,,
670000041862,57,,,,,,,,,,,,,,,,,,,10,,
670000041862,60,,,,,,,,,,,,,,,,,,,5,,
670000041862,64,,,,,,,,,,,,,,,,,,,4,,
670000041862,66,3,,,,,,,,,,,,,,,,,,,,4
670000041862,69,,,20,,10,,10,,,,,,,,,,,,30,,
670000041862,70,,,,,,,,,,,,,,,,,,,2,,
670000041862,72,,,,,,,,,,,,,,,,,,,5,,
670000041862,73,,,,,,1,,,,,,,,,,,,,3,,
670000041862,77,,,,,,,,,,,,,,,,,,,2,,
670000041862,79,,,,,2,,,,,,,,,,,,,,5,,
670000041862,80,,,,,,,,,,,,,,,,,,,5,,
670000041862,81,,,,,,,,,,,,,,,,,,,,,5
670000041862,82,,,,3,,,,,,,,,,,,,,,,,
670000041862,83,,,,,5,,,,,,,,,,,,,,2,,
670000041862,84,,,,,,,,,,,,,,,,,,,,5,
670000041862,85,,,,,,,,,10,,,,,,,,,,,,
670000041862,86,,,,,,,,,,,,,,,,,,,,,20
670000041862,87,,,,,,3,,10,,,,,,,,,,,,,
670000041862,88,,,,,,,,,,,,,,,,,,,,7,
670000041862,100,,,,1,,,,,,,,,,,,,,,,,
670000041862,102,10,,5,,,10,,,5,,,,,,,,,,5,,
670000041862,104,,,,,3,,,5,,,,,,,,,,,3,,
670000041862,106,,,,,,3,,,,,,,,,,,,,2,,
670000041862,111,,,,,,,5,,2,,,,,,,,,,,3,
670000041862,115,,,,,,,,20,,,,,,,,,,,2,,
670000041862,120,,,,5,8,,3,,,,,,,,,,,,,5,
670000041862,121,,,,5,,,,,,,,,,,,,,,,,2
670000041862,128,,,,,,,,,,,,,,,,,,,15,,
670000041862,129,,,,,,,,,,,,,,,,,,,10,,
670000041862,130,10,10,10,,35,10,10,,,,,,,,,,,,,10,
670000041862,133,,,3,,,,,,,,,,,,,,,,,,
670000041862,137,,,,,,,,,,,,,,,,,,,,,6
670000041862,138,,,2,,,2,,,,,,,,,,,,,,,
670000041862,139,,,,,1,,,,,,,,,,,,,,,,
670000041862,140,,10,,,,,,,,,,,,,,,,,,5,
670000041862,147,,,,,,10,,,,,,,,,,,,,10,,
670000041862,148,,,5,,,,,,,,,,,,,,,,,5,
670000041862,149,,,,,,,,,,,,,,,,,,,3,,
670000041862,151,,,,,,,,,,,,,,,,,,,,1,1
670000041862,152,,,,,2,8,5,,4,,,,,,,,,,3,,
670000041862,153,,,,,,,,,,,,,,,,,,,10,,
670000041862,154,,,,,,,,,,,,,,,,,,,,2,1
670000041862,155,,,,,,,,,,,,,,,,,,,6,,
670000041862,156,,,,5,,,,,,,,,,,,,,,,,
670000041862,159,,,,,3,,2,,,,,,,,,,,,,5,
670000041862,160,,,,,,,,,,,,,,,,,,,,,3
670000041862,163,2,,,2,,,,,,,,,,,,,,,,,
670000041862,165,,,,3,,,,,,,,,,,,,,,,,
670000041862,170,,,,,,,,,,,,,,,,,,,,,3
670000041862,173,,,,,,,,,,,,,,,,,,,3,,
670000041862,176,,,,1,,,1,,,,,,,,,,,,,,
670000041862,177,,,,,,,,,,,,,,,,,,,5,,
670000041862,178,,,,,,,,,,,,,,,,,,,,4,
670000041862,179,,,,,,,,2,,,,,,,,,,,,,
670000041862,181,,,,,,,,,,,,,,,,,,,20,,
670000041862,182,,,,1,1,,2,2,,,,,,,,,,,,,
670000041862,185,,,,,,,,,,,,,,,,,,,,4,
670000041862,186,2,,10,-10,,,2,,,,,,,,,,,,,,
670000041862,188,,,,,2,4,4,,,,,,,,,,,,,,
670000041862,189,,,,,3,5,,,,,,,,,,,,,,,
670000041862,190,,,,,,,,,,,,,,,,,,,3,,
670000041862,192,,,,,,,,,,,,,,,,,,,,5,
670000041862,193,1,,1,4,,,,2,,,,,,,,,,,,,
670000041862,194,,,,,,,,,,,,,,,,,,,2,,
670000041862,197,,,,,,1,,,,,,,,,,,,,5,,8
670000041862,198,,,,,,,,,,,,,,,,,,,5,,
670000041862,199,,,,,,,,,,,,,,,,,,,,,3
670000041862,203,,,,,,,,,,,,,,,,,,,2,,
670000041862,206,,,,,,,,2,,,,,,,,,,,,2,
670000041862,207,,,,10,2,5,,3,2,,,,,,,,,,,,3
670000041862,208,,,,,,,,,,,,,,,,,,,,3,
670000041862,214,3,,,,3,,,,,,,,,,,,,,,2,
670000041862,219,,,,,,,,,,,,,,,,,,,3,,
670000041862,224,,,,,2,,,,2,,,,,,,,,,,,
670000041862,225,,,,,,,,,,,,,,,,,,,,20,
670000041862,231,,,,,,,,,,,,,,,,,,,3,,
670000041862,234,,,1,,2,,,,,,,,,,,,,,,2,
670000041862,236,,,6,,,,,,,,,,,,,,,,,,
670000041862,237,,,,,,,,,,,,,,,,,,,,5,
670000041862,239,,,,,,,2,,,,,,,,,,,,,2,
670000041862,247,,,,,,,,,,,,,,,,,,,,5,
670000041862,251,,20,,,,,,,,,,,,,,,,,,10,
670000041862,252,,,,,2,,,,,,,,,,,,,,,,4
670000041862,253,,,,,,,3,,,,,,,,,,,,,,
670000041862,257,,,,,,,1,,,,,,,,,,,,,5,
670000041862,258,2,,,3,,,,,,,,,,,,,,,5,,
670000041862,262,,,,2,2,3,,,,,,,,,,,,,,,
670000041862,267,5,,,,,,,,,,,,,,,,,,,,
670000041862,269,,,,,,,,,,,,,,,,,,,4,,
670000041862,270,,,,3,,,,3,,,,,,,,,,,,,5
670000041862,271,,,,,,2,2,,,,,,,,,,,,,,
670000041862,277,,,,,,,,,,,,,,,,,,,5,,
670000041862,281,,,,,,,,,,,,,,,,,,,5,,
670000041862,282,,,1,,,3,,,,,,,,,,,,,,,
670000041862,285,,,,,,,,2,,,,,,,,,,,,5,
670000041862,290,,,,2,,,,,,,,,,,,,,,5,,
670000041862,291,,,,,,,,,,,,,,,,,,,6,,
670000041862,296,,,,,,,,,,,,,,,,,,,5,,
670000041862,297,,,,,,2,,,,,,,,,,,,,,,
670000041862,299,,,3,5,2,,,,5,,,,,,,,,,10,,
670000041862,301,,,,,,,2,,,,,,,,,,,,,4,
670000041862,304,,,,,,5,,,,,,,,,,,,,,,
670000041862,307,,,,5,,,,,,,,,,,,,,,,7,
670000041862,315,,,,,,,,,,,,,,,,,,,,2,
670000041862,316,,,,,,,,,,,,,,,,,,,2,,
670000041862,317,,,,,,,,,,,,,,,,,,,1,,
670000041862,318,,,,,,,,,,,,,,,,,,,,1,
670000041862,320,,,,,,,,,,,,,,,,,,,,6,8
670000041862,322,,,,,,,,,,,,,,,,,,,3,,
670000041862,323,1,,,,,,,,,,,,,,,,,,,,
670000041862,327,,5,,,,5,,5,,,,,,,,,,,,,
670000041862,328,,,,4,,,,10,,,,,,,,,,,,,
670000041862,330,,,9,,,,5,5,,,,,,,,,,,,,
670000041862,333,,,,5,,,,,,,,,,,,,,,2,,
670000041862,334,,,,5,,,,,,,,,,,,,,,,,
670000041862,335,,,,,,,,,,,,,,,,,,,,1,
670000041862,336,,,,,,,,,,,,,,,,,,,3,,
670000041862,338,,,,,,,,,,,,,,,,,,,3,,3
670000041862,339,,,,,1,,,,,,,,,,,,,,,,
670000041862,340,,,,,,,,,,,,,,,,,,,,20,
670000041862,344,,,,,,,,,,,,,,,,,,,2,5,
670000041862,347,3,,,2,,,,,,,,,,,,,,,,5,
670000041862,348,,,,3,,,,,,,,,,,,,,,,,
670000041862,349,,,,,,,,,,,,,,,,,,,8,,
670000041862,351,,,,,,,,10,,,,,,,,,,,,,
670000041862,353,,,,,2,,,,,,,,,,,,,,,3,
670000041862,354,,,,,,,3,,,,,,,,,,,,,2,5
670000041862,356,,,,,,,,,,,,,,,,,,,,2,
670000041862,357,,,,3,,,,,10,,,,,,,,,,5,,
670000041862,361,,,,,,,,,,,,,,,,,,,,4,
670000041862,364,,,,,2,,,,,,,,,,,,,,2,2,
670000041862,366,,,,,,,,,,,,,,,,,,,,,5
670000041862,377,,,,,,,,,,,,,,,,,,,,3,
670000041862,378,,,,,5,,,,,,,,,,,,,,,,
670000041862,384,,,,,,,,,,,,,,,,,,,4,,
670000041862,385,,,,3,,,,,,,,,,,,,,,,,10
670000041862,387,,,,1,,,,,,,,,,,,,,,,,
670000041862,389,,,,6,,7,,,,,,,,,,,,,,,
670000041862,391,,,,,,,,,,,,,,,,,,,9,,
670000041862,393,,,,,,5,,,,,,,,,,,,,,,
670000041862,395,,,,,,,,,,,,,,,,,,,5,,
670000041862,396,,,,,,,,,,,,,,,,,,,10,,
670000041862,398,,,,,5,,3,,,,,,,,,,,,,5,
670000041862,401,,,,,,,,,,,,,,,,,,,,20,
670000041862,402,,,,,,,,,,,,,,,,,,,,2,3
670000041862,404,2,,,,,,,,,,,,,,,,,,,,
670000041862,405,,,,,,,,,,,,,,,,,,,,2,
670000041862,406,,,,,1,,,,,,,,,,,,,,,5,10
670000041862,408,,,,,,1,,,,,,,,,,,,,,,
670000041862,411,,,,,,,,,,,,,,,,,,,,,10
670000041862,412,,,,,,,1,,,,,,,,,,,,10,,
670000041862,413,,,,,5,,,,,,,,,,,,,,3,,
670000041862,414,10,10,10,10,,15,5,,,,,,,,,,,,,,8
670000041862,415,,,,,,,,,,,,,,,,,,,20,,
670000041862,416,,,,,,,,,1,,,,,,,,,,,22,
670000041862,417,4,,,,,,,,,,,,,,,,,,,,
670000041862,418,,,,,5,,,,,,,,,,,,,,,,
670000041862,419,,,,,,2,,,,,,,,,,,,,,4,
670000041862,425,,,,,3,,,,,,,,,,,,,,,,
670000041862,427,2,,,,,,,,,,,,,,,,,,,3,
670000041862,429,,,,,,,,,,,,,,,,,,,,11,
670000041862,430,,,,,,,,6,,,,,,,,,,,8,5,3
670000041862,434,,,,,,,,,,,,,,,,,,,2,,
670000041862,436,,,,,1,,,,,,,,,,,,,,3,,
670000041862,438,,,,,,,,,,,,,,,,,,,3,,
670000041862,439,,,,,,,,2,,,,,,,,,,,,,
670000041862,440,12,,,1,3,,,,,,,,,,,,,,,,
670000041862,441,,,2,,,,,,,,,,,,,,,,,,
670000041862,442,,,,,,,,10,,,,,,,,,,,,,20
670000041862,444,,,,,,,,,,,,,,,,,,,,,5
670000041862,445,,,,,,,5,,,,,,,,,,,,4,,
670000041862,446,,,,,,,,,,,,,,,,,,,5,,
670000041862,451,,,2,,,1,,,,,,,,,,,,,10,,
670000041862,452,,,2,3,4,4,,,,,,,,,,,,,,3,
670000041862,456,,,,,,,1,,,,,,,,,,,,1,,
670000041862,460,3,,,3,,,0,6,,,,,,,,,,,,1,3
670000041862,461,,,,,,,,,,,,,,,,,,,5,,
670000041862,463,,,,,,,,,,,,,,,,,,,,2,
670000041862,465,,,,,5,,,,,,,,,,,,,,,,
670000041862,470,,,,,,,,,,,,,,,,,,,,2,
670000041862,472,,,,,,,,,,,,,,,,,,,,5,
670000041862,473,,,,,6,,,,,,,,,,,,,,,,
670000041862,474,,,,,5,,,,,,,,,,,,,,,,
670000041862,478,,,,,,,,,,,,,,,,,,,,3,
670000041862,479,,,2,,,,,,,,,,,,,,,,,,
670000041862,480,,,,,,,,18,,,,,,,,,,,,,
670000041862,482,10,,15,10,5,5,,5,,,,,,,,,,,4,4,10
670000041862,483,,,,,5,,,,,,,,,,,,,,,,
670000041862,484,,,,,,,,,,,,,,,,,,,10,,
670000041862,486,,,,5,,,,,,,,,,,,,,,,,
670000041862,489,,,,,,,,,,,,,,,,,,,3,,
670000041862,494,,,,,,,,,,,,,,,,,,,5,,
670000041862,499,,,,,,10,,,,,,,,,,,,,,,5
670000041862,505,,,,,,7,2,,5,,,,,,,,,,,,
670000041862,508,,,5,,,,,,,,,,,,,,,,,,3
670000041862,513,,,3,,,,,,,,,,,,,,,,,,
670000041862,515,,,,,,,1,,,,,,,,,,,,,,
670000041862,521,10,,6,2,3,,,4,10,,,,,,,,,,,2,8
670000041862,523,,,,,1,,,,,,,,,,,,,,,,
670000041862,527,,,2,2,,,,,,,,,,,,,,,,,
670000041862,528,,,,,,,,,,,,,,,,,,,5,,
670000041862,531,,,,,,,,,,,,,,,,,,,2,,
670000041862,532,,,,2,,,,,,,,,,,,,,,,,
670000041862,534,,,2,,,6,,11,22,,,,,,,,,,,7,7
670000041862,535,,,,,6,,,,,,,,,,,,,,5,,10
670000041862,537,,,1,,,,,,,,,,,,,,,,,,
670000041862,538,,,,,,,,,,,,,,,,,,,,2,
670000041862,542,,,,,2,,,,,,,,,,,,,,,,
670000041862,544,,,,,4,,,30,,,,,,,,,,,,5,
670000041862,546,,1,,,,,2,,,,,,,,,,,,,,
670000041862,549,,,,,,1,,,,,,,,,,,,,,,
670000041862,550,,,,,,,,,,,,,,,,,,,10,,
670000041862,554,,,2,,,,4,,,,,,,,,,,,,,
670000041862,555,,,,,,5,,,,,,,,,,,,,4,,
670000041862,558,,,,,3,,,,,,,,,,,,,,,,
670000041862,559,,,2,5,,,,,14,,,,,,,,,,,,
670000041862,562,,,,,,,5,,,,,,,,,,,,,,10
670000041862,566,,,,,,,,20,,,,,,,,,,,,,4
670000041862,567,,,,,2,,,,6,,,,,,,,,,,,
670000041862,571,,,,,,,,0,,,,,,,,,,,2,,
670000041862,576,,,,,,,,,,,,,,,,,,,5,8,
670000041862,581,,,1,,,,,,,,,,,,,,,,,,
670000041862,584,,,,,,,,,,,,,,,,,,,10,-5,
670000041862,586,,,,,,5,,,,,,,,,,,,,,,2
670000041862,588,,10,,,5,,3,20,,,,,,,,,,,,5,10
670000041862,592,,,,,,1,,,,,,,,,,,,,,,
670000041862,595,,,,,,2,,,,,,,,,,,,,5,,
670000041862,596,,,,,,,,,,,,,,,,,,,,,5
670000041862,599,,,,,,,,,,,,,,,,,,,5,,
670000041862,600,,,5,,,,,,,,,,,,,,,,,,
670000041862,605,,,,,,1,,,,,,,,,,,,,,,
670000041862,614,5,,,,,3,,,,,,,,,,,,,,,
670000041862,615,,,1,,3,,,,,,,,,,,,,,,,4
670000041862,617,,,,,,,3,,,,,,,,,,,,,,
670000041862,618,,,7,,8,5,,2,2,,,,,,,,,,5,,
670000041862,624,,,2,,,,,,,,,,,,,,,,,,
670000041862,625,,,,,,,,,,,,,,,,,,,6,,
670000041862,629,2,,2,1,2,2,,,,,,,,,,,,,3,,2
670000041862,631,,,,,,20,,,,,,,,,,,,,,,
670000041862,633,,,,2,,,,4,,,,,,,,,,,,,
670000041862,634,,,,,,,20,-5,,,,,,,,,,,,,
670000041862,635,,,,5,,,,,,,,,,,,,,,,,
670000041862,636,,,,,,,,1,,,,,,,,,,,5,,
670000041862,644,,,,2,,,,2,,,,,,,,,,,2,,
670000041862,645,,,,1,,,,5,,,,,,,,,,,,,
670000041862,646,,,,,5,15,5,,,,,,,,,,,,20,,
670000041862,652,,,,5,5,5,,,,,,,,,,,,,,,
670000041862,654,,,1,2,,,2,,,,,,,,,,,,5,,3
670000041862,655,,,,,,,,,,,,,,,,,,,,,10
670000041862,656,,,,,,,,,,,,,,,,,,,2,2,
670000041862,657,,,,,,,1,,,,,,,,,,,,2,,
670000041862,658,,,,,,,,,,,,,,,,,,,5,10,
670000041862,660,,,,1,,,,,,,,,,,,,,,,,
670000041862,662,,,,,,,,,,,,,,,,,,,10,,
670000041862,664,,,,10,,,,,,,,,,,,,,,,,
670000041862,666,,,,,6,,,5,,,,,,,,,,,,,
670000041862,667,,,,,,,2,2,,,,,,,,,,,,5,
670000041862,668,,,,,,,,,,,,,,,,,,,,5,
670000041862,669,,,,,,5,,,,,,,,,,,,,,5,
670000041862,670,,,,,,,,,,,,,,,,,,,,,12
670000041862,672,,,,,,,,,,,,,,,,,,,,5,
670000041862,673,,,5,,10,,,,,,,,,,,,,,5,,
670000041862,676,,,,,,1,,2,,,,,,,,,,,7,,
670000041862,678,,,,,,,,,,,,,,,,,,,2,,
670000041862,682,,,,,,,,,,,,,,,,,,,,1,
670000041862,683,,,,,,0,,,1,,,,,,,,,,,,
670000041862,688,,,,,,,5,,,,,,,,,,,,5,,
670000041862,691,,,2,6,,,,,,,,,,,,,,,,4,
670000041862,692,,3,,3,6,,,7,10,,,,,,,,,,,4,5
670000041862,696,,,,,,10,,40,,,,,,,,,,,,,5
670000041862,697,,,,,,,3,,,,,,,,,,,,,,
670000041862,699,,3,,,,,,,,,,,,,,,,,2,,
670000041862,701,,,,,,,,22,,,,,,,,,,,,1,
670000041862,703,,,,1,,,,,,,,,,,,,,,,,
670000041862,705,,2,,,5,5,,,,,,,,,,,,,,,2
670000041862,706,,,,,5,10,,,,,,,,,,,,,,5,
670000041862,707,,,,,,,,1,,,,,,,,,,,1,,
670000041862,708,10,,,5,,,,,,,,,,,,,,,,3,
670000041862,710,,,6,2,,,,,,,,,,,,,,,,,
670000041862,714,,,,,,,,,,,,,,,,,,,2,,
670000041862,715,,,,,,,,,,,,,,,,,,,,,5
670000041862,716,,,,3,,,,,,,,,,,,,,,,,
670000041862,721,,,,,,,,,,,,,,,,,,,,3,
670000041862,724,,,,,,,4,,,,,,,,,,,,,,
670000041862,725,,,,,,,,,,,,,,,,,,,,,3
670000041862,731,,,,,,5,,,,,,,,,,,,,,,
670000041862,732,,,19,,,,,,,,,,,,,,,,,,
670000041862,733,,,,,,,,,,,,,,,,,,,,4,
670000041862,734,,,,,8,,5,,,,,,,,,,,,,4,
670000041862,735,,,,,,,,,8,,,,,,,,,,,5,2
670000041862,737,,,,,,,,,,,,,,,,,,,,,3
670000041862,739,,,,5,5,,5,,,,,,,,,,,,,,
670000041862,742,,,,,5,18,,40,110,,,,,,,,,,,140,120
670000041862,743,,,,100,,65,,,,,,,,,,,,,,,
670000041862,744,1,,2,5,,,6,4,,,,,,,,,,,,,
670000041862,747,,,,,,,8,,,,,,,,,,,,,,
670000041862,748,,,,,-2,,,,,,,,,,,,,,10,,
670000041862,749,,,,10,,10,,,,,,,,,,,,,20,20,
670000041862,753,,2,,,2,,,6,,,,,,,,,,,,,1
670000041862,757,,,,3,5,3,5,,,,,,,,,,,,,,
670000041862,758,,,3,10,,,,,,,,,,,,,,,,,
670000041862,759,,,,,15,,,,,,,,,,,,,,,,
670000041862,762,,,,,,,,,2,,,,,,,,,,,,
670000041862,763,,,,,,2,,,,,,,,,,,,,,,2
670000041862,767,,,,,,,,,,,,,,,,,,,,3,
670000041862,770,,,,,,,,,,,,,,,,,,,,5,
670000041862,771,,,,,3,,2,,,,,,,,,,,,,1,
670000041862,772,,,,,,,,,,,,,,,,,,,2,,
670000041862,782,,,,30,10,,,,,,,,,,,,,,,,
670000041862,783,,,,,,,,,10,,,,,,,,,,,1,
670000041862,789,,,,10,-10,,,,,,,,,,,,,,,10,12
670000041862,795,,,,,,,,,,,,,,,,,,,,20,-20
670000041862,796,,,,5,2,,,,,,,,,,,,,,,,
670000041862,797,,,,,,,,5,,,,,,,,,,,,,
670000041862,799,,,,,,,,,,,,,,,,,,,5,,
670000041862,801,8,,,3,,,5,2,,,,,,,,,,,,2,4
670000041862,802,,,,,,,15,20,,,,,,,,,,,,5,
670000041862,803,,,,,3,,3,,,,,,,,,,,,,2,
670000041862,804,,,,,,2,,,,,,,,,,,,,,5,
670000041862,806,,,,9,3,6,,,,,,,,,,,,,,15,2
670000041862,807,,,,,,,,,,,,,,,,,,,,2,
670000041862,811,,,,,,,4,,,,,,,,,,,,,,
670000041862,812,,,,,6,,,,,,,,,,,,,,,,
670000041862,813,,,,3,,,,,10,,,,,,,,,,,,
670000041862,814,,,,,,,,1,,,,,,,,,,,,,
670000041862,815,,,,2,3,,,3,,,,,,,,,,,,,
670000041862,817,,,,,,,4,4,,,,,,,,,,,,5,
670000041862,828,,,,3,3,,3,,5,,,,,,,,,,8,,
670000041862,829,,,,,,,,,,,,,,,,,,,,9,
670000041862,832,3,,,,3,,,2,5,,,,,,,,,,,,
670000041862,840,,,5,,5,,,,,,,,,,,,,,,,
670000041862,844,,,,,,,,10,,,,,,,,,,,,,
670000041862,845,,,,,,,,6,,,,,,,,,,,,,
670000041862,847,,,,,1,,,,,,,,,,,,,,,,
670000041862,849,,,,10,,10,,,,,,,,,,,,,,,
670000041862,853,,,,,,3,,,,,,,,,,,,,,,
670000041862,856,,,10,,,,10,20,50,,,,,,,,,,,,
670000041862,858,,,,5,,,,,,,,,,,,,,,,,
670000041862,860,,,,2,-1,10,1,14,,,,,,,,,,,,,
670000041862,861,,,,,,8,,,,,,,,,,,,,,,
670000041862,863,,,,,2,,2,2,,,,,,,,,,,,,
670000041862,865,,,,,,5,,,,,,,,,,,,,,,
670000041862,869,,,,2,,,,,,,,,,,,,,,,,
670000041862,873,,,,3,5,,10,,,,,,,,,,,,,,
670000041862,876,,,,,1,,,,,,,,,,,,,,,,
670000041862,877,,,,2,,,,6,,,,,,,,,,,,,
670000041862,879,,,,,5,,,,,,,,,,,,,,,,
670000041862,885,,,,,3,,,,,,,,,,,,,,,,
670000041862,889,,,,,4,,,,,,,,,,,,,,,,
670000041862,890,,,,,4,,,,,,,,,,,,,,,,
670000041862,891,,,,,3,2,0,,2,,,,,,,,,,,,
670000041862,897,,,,,,,3,,,,,,,,,,,,,,
670000041862,899,,,,,,,,5,,,,,,,,,,,,,
670000041862,900,,,,,,3,,15,,,,,,,,,,,,,
670000041862,901,,,,,,,8,5,,,,,,,,,,,,,
670000041862,910,,,,,,,,30,,,,,,,,,,,,,
670000041862,919,,,,,,1,,,,,,,,,,,,,,,
670000041862,935,,,,,,,,,,,,,,,,,,,2,,
670000041862,936,,,,,,,,,2,,,,,,,,,,,,
670000041862,938,,,,2,,,,,,,,,,,,,,,,,
670000041862,964,,,2,1,,2,2,,,,,,,,,,,,,2,3
670000041862,965,,,9,,,3,5,10,,,,,,,,,,,,,
670000041862,969,,,,,2,,,,,,,,,,,,,,,,
670000041862,971,,,,1,,,,10,,,,,,,,,,,,,
670000041862,972,,,4,10,12,,,,,,,,,,,,,,,,
670000041862,973,,,,2,,,,,,,,,,,,,,,,,
670000041862,974,,,,,10,,,,,,,,,,,,,,,,
670000041862,976,,,,,,,,,,,,,,,,,,,,,2
670000041862,977,,,,2,2,,,,,,,,,,,,,,,,
670000041862,979,,,,1,,,,,,,,,,,,,,,,,
670000041862,980,,,,,,5,,,,,,,,,,,,,,4,
670000041862,981,,,,,,3,,2,10,,,,,,,,,,2,5,
670000041862,984,,,,,,,,,,,,,,,,,,,,3,
670000041862,986,,,,,,,,,,,,,,,,,,,,2,
670000041862,987,,,,,,,,,12,,,,,,,,,,,,
670000041862,988,,,,,,,,16,0,,,,,,,,,,,,
670000041862,989,,,,2,,,,,,,,,,,,,,,,,
670000041862,990,,,,,8,2,,,32,,,,,,,,,,,,
670000041862,992,,,,,20,,,8,,,,,,,,,,,,,
670000041862,993,,,,,,,,,,,,,,,,,,,,22,
670000041862,994,,,,,,2,,,,,,,,,,,,,,,
670000041862,995,,,,3,,,3,,,,,,,,,,,,,,
670000041862,997,,,,,,,,,,,,,,,,,,,,5,
670000041862,998,,,,,,,,,,,,,,,,,,,,3,
670000041862,999,,,,,,,,,,,,,,,,,,,,5,
670000041862,1000,,,,,,,,,,,,,,,,,,,,,2
670000041862,1001,3,,,,,,,,,,,,,,,,,,,,
670000041862,1002,,,,,,5,,,,,,,,,,,,,,,
670000041862,1003,,,,5,,,,,,,,,,,,,,,,,
670000041862,1004,,,,,,,1,,,,,,,,,,,,,,
670000041862,1005,,,,,2,,,,,,,,,,,,,,,,
670000041862,1007,,,,,1,,,2,,,,,,,,,,,,,
670000041862,1008,,,,,3,,6,10,18,,,,,,,,,,,,
670000041862,1010,,,,,,,,10,,,,,,,,,,,,,
670000041862,1012,,,,,,,20,20,,,,,,,,,,,,,
670000041862,1014,,,,,,,10,,,,,,,,,,,,,,
670000041862,1018,,,,,,,,5,,,,,,,,,,,,,
670000041862,1023,,5,,,,,,,,,,,,,,,,,,,
670000041862,1026,,,,,2,,,,,,,,,,,,,,,,
670000041862,1027,,,3,,,,,,,,,,,,,,,,,,
670000041862,1029,,,,,,,,,10,,,,,,,,,,,,
670000041862,1030,,,,,,,,,28,,,,,,,,,,,,
670000041862,1031,,,,,,10,,,,,,,,,,,,,,,
670000041862,1032,,,,,,,,10,10,,,,,,,,,,,,
